ISO-10303-21;
HEADER;
FILE_DESCRIPTION (( 'STEP AP214' ),
    '1' );
FILE_NAME ('Landing-Taxi-Light-Switch-Assy.STEP',
    '2024-07-26T07:33:53',
    ( 'icekoga@gmail.com' ),
    ( '' ),
    'SwSTEP 2.0',
    'SolidWorks 2024',
    '' );
FILE_SCHEMA (( 'AUTOMOTIVE_DESIGN' ));
ENDSEC;

DATA;
#1 = ORIENTED_EDGE ( 'NONE', *, *, #1659, .T. ) ;
#2 = CARTESIAN_POINT ( 'NONE',  ( -15.34999999999999964, 0.000000000000000000, -7.650000000000000355 ) ) ;
#3 = EDGE_LOOP ( 'NONE', ( #177, #1864, #2439, #3252 ) ) ;
#4 = CIRCLE ( 'NONE', #445, 4.114999999999998437 ) ;
#5 = AXIS2_PLACEMENT_3D ( 'NONE', #2218, #118, #2421 ) ;
#6 = AXIS2_PLACEMENT_3D ( 'NONE', #41, #3201, #2917 ) ;
#7 = CARTESIAN_POINT ( 'NONE',  ( 0.9265850753946319740, -8.304942786551162470, 2.272992376088830202 ) ) ;
#8 = CARTESIAN_POINT ( 'NONE',  ( 2.003641573328415640E-15, 10.81254999999999100, 2.400000000000004352 ) ) ;
#9 = AXIS2_PLACEMENT_3D ( 'NONE', #765, #3060, #1307 ) ;
#10 = CARTESIAN_POINT ( 'NONE',  ( 7.099999999999999645, -2.000000000000000000, -3.673419846319648462E-37 ) ) ;
#11 = VECTOR ( 'NONE', #2204, 1000.000000000000000 ) ;
#12 = VECTOR ( 'NONE', #3139, 1000.000000000000000 ) ;
#13 = DIRECTION ( 'NONE',  ( 1.776356839400250465E-15, 0.000000000000000000, -1.000000000000000000 ) ) ;
#14 = EDGE_CURVE ( 'NONE', #369, #2359, #2196, .T. ) ;
#15 = CARTESIAN_POINT ( 'NONE',  ( 1.200153863164406148E-15, -7.599999999999999645, 0.000000000000000000 ) ) ;
#16 = CIRCLE ( 'NONE', #886, 2.399999999999998579 ) ;
#17 = CARTESIAN_POINT ( 'NONE',  ( 3.000384657911016356E-16, -6.900000000000001243, 2.450000000000000622 ) ) ;
#18 = ORIENTED_EDGE ( 'NONE', *, *, #2970, .F. ) ;
#19 =( LENGTH_UNIT ( ) NAMED_UNIT ( * ) SI_UNIT ( .MILLI., .METRE. ) );
#20 = LINE ( 'NONE', #2605, #1484 ) ;
#21 = SURFACE_SIDE_STYLE ('',( #2153 ) ) ;
#22 = VERTEX_POINT ( 'NONE', #265 ) ;
#23 = ORIENTED_EDGE ( 'NONE', *, *, #416, .T. ) ;
#24 = FACE_OUTER_BOUND ( 'NONE', #1436, .T. ) ;
#25 = CARTESIAN_POINT ( 'NONE',  ( 16.55000000000000071, -79.67771224477409930, 9.000000000000000000 ) ) ;
#26 = CARTESIAN_POINT ( 'NONE',  ( -1.125275293362438145, 12.38697405988553690, -2.120112162256186483 ) ) ;
#27 = EDGE_LOOP ( 'NONE', ( #605, #61, #2406, #908 ) ) ;
#28 = EDGE_CURVE ( 'NONE', #987, #1276, #903, .T. ) ;
#29 = CARTESIAN_POINT ( 'NONE',  ( -1.420086416876330970, -9.992916814261347369, -1.996994247901029862 ) ) ;
#30 = ADVANCED_FACE ( 'NONE', ( #1847 ), #3161, .F. ) ;
#31 = CARTESIAN_POINT ( 'NONE',  ( -1.540454478392659476, -13.00000000000000178, -3.214999999999999858 ) ) ;
#32 = EDGE_CURVE ( 'NONE', #2641, #651, #785, .T. ) ;
#33 = DIRECTION ( 'NONE',  ( 0.000000000000000000, -1.000000000000000000, 0.000000000000000000 ) ) ;
#34 = AXIS2_PLACEMENT_3D ( 'NONE', #1622, #1354, #1560 ) ;
#35 = DIRECTION ( 'NONE',  ( 0.000000000000000000, 0.000000000000000000, -1.000000000000000000 ) ) ;
#36 = FACE_OUTER_BOUND ( 'NONE', #646, .T. ) ;
#37 = ORIENTED_EDGE ( 'NONE', *, *, #252, .F. ) ;
#38 = EDGE_LOOP ( 'NONE', ( #387, #2491, #234, #2645 ) ) ;
#39 = CARTESIAN_POINT ( 'NONE',  ( 1.419978430169086536, -9.006874391492493359, 1.997065007635710820 ) ) ;
#40 = CARTESIAN_POINT ( 'NONE',  ( 7.099999999999999645, 1.355555555555554070, -3.673419846319648462E-37 ) ) ;
#41 = CARTESIAN_POINT ( 'NONE',  ( 0.000000000000000000, -2.388911183883944744, 0.000000000000000000 ) ) ;
#42 = EDGE_LOOP ( 'NONE', ( #2534, #2808, #3025 ) ) ;
#43 = CARTESIAN_POINT ( 'NONE',  ( -0.9276329500171353049, -10.69420385123899742, -2.272546395713974654 ) ) ;
#44 = CARTESIAN_POINT ( 'NONE',  ( 1.155407193118793474, 11.68497049666864740, 2.104657975521812663 ) ) ;
#45 = ADVANCED_FACE ( 'NONE', ( #2874 ), #2669, .T. ) ;
#46 = EDGE_CURVE ( 'NONE', #748, #2705, #2880, .T. ) ;
#47 = CARTESIAN_POINT ( 'NONE',  ( 2.636138274066821552, -2.000000000000001776, -2.399999999999999911 ) ) ;
#48 =( LENGTH_UNIT ( ) NAMED_UNIT ( * ) SI_UNIT ( .MILLI., .METRE. ) );
#49 = CARTESIAN_POINT ( 'NONE',  ( -7.453542253521126426, -2.500000000000000000, 4.099784491284291121 ) ) ;
#50 = EDGE_CURVE ( 'NONE', #1538, #3202, #2926, .T. ) ;
#51 = FILL_AREA_STYLE ('',( #299 ) ) ;
#52 = ORIENTED_EDGE ( 'NONE', *, *, #574, .F. ) ;
#53 = ORIENTED_EDGE ( 'NONE', *, *, #3129, .T. ) ;
#54 = CARTESIAN_POINT ( 'NONE',  ( 0.7665112691011547463, -8.195524815401544316, 2.334569603431098539 ) ) ;
#55 = DIRECTION ( 'NONE',  ( 0.000000000000000000, -0.000000000000000000, 1.000000000000000000 ) ) ;
#56 = AXIS2_PLACEMENT_3D ( 'NONE', #1118, #2656, #2642 ) ;
#57 = MANIFOLD_SOLID_BREP ( 'Í¹Ì¨-À', #2679 ) ;
#59 = DIRECTION ( 'NONE',  ( -0.000000000000000000, -0.000000000000000000, -1.000000000000000000 ) ) ;
#58 = VECTOR ( 'NONE', #1593, 999.9999999999998863 ) ;
#60 = AXIS2_PLACEMENT_3D ( 'NONE', #1913, #1382, #2703 ) ;
#61 = ORIENTED_EDGE ( 'NONE', *, *, #2384, .T. ) ;
#62 = CARTESIAN_POINT ( 'NONE',  ( 1.489789926344021964, -9.701325896473584010, -1.945160288249684122 ) ) ;
#63 = AXIS2_PLACEMENT_3D ( 'NONE', #3241, #916, #3257 ) ;
#64 = DIRECTION ( 'NONE',  ( -1.267491568863818936E-17, -1.000000000000000000, 0.000000000000000000 ) ) ;
#65 = STYLED_ITEM ( 'NONE', ( #1668 ), #1221 ) ;
#66 = DIRECTION ( 'NONE',  ( 0.000000000000000000, 0.000000000000000000, -1.000000000000000000 ) ) ;
#67 = VECTOR ( 'NONE', #1194, 1000.000000000000000 ) ;
#68 = ORIENTED_EDGE ( 'NONE', *, *, #724, .T. ) ;
#69 = DIRECTION ( 'NONE',  ( 0.000000000000000000, 0.000000000000000000, 1.000000000000000000 ) ) ;
#70 = VECTOR ( 'NONE', #1359, 1000.000000000000227 ) ;
#71 = FACE_OUTER_BOUND ( 'NONE', #760, .T. ) ;
#72 = CARTESIAN_POINT ( 'NONE',  ( -1.499999999999999778, -9.296546672150956425, 1.937137062781053132 ) ) ;
#73 = PRESENTATION_LAYER_ASSIGNMENT (  '', '', ( #296 ) ) ;
#74 = VERTEX_POINT ( 'NONE', #1833 ) ;
#75 = CARTESIAN_POINT ( 'NONE',  ( -10.44263743172961867, -2.500000000000000000, 2.400000000000000355 ) ) ;
#76 = AXIS2_PLACEMENT_3D ( 'NONE', #3052, #1501, #1816 ) ;
#77 = ADVANCED_FACE ( 'NONE', ( #36 ), #1097, .T. ) ;
#78 = DIRECTION ( 'NONE',  ( 1.000000000000000000, 0.000000000000000000, -0.000000000000000000 ) ) ;
#79 = PLANE ( 'NONE',  #2565 ) ;
#80 = VERTEX_POINT ( 'NONE', #3146 ) ;
#81 = CARTESIAN_POINT ( 'NONE',  ( -10.44263743172962045, -2.500000000000000000, -2.399999999999999911 ) ) ;
#82 = FACE_OUTER_BOUND ( 'NONE', #578, .T. ) ;
#83 = DIRECTION ( 'NONE',  ( 1.267491568863818782E-17, 1.000000000000000000, -0.000000000000000000 ) ) ;
#84 = EDGE_LOOP ( 'NONE', ( #926, #2178, #1007, #2050 ) ) ;
#85 = SHAPE_DEFINITION_REPRESENTATION ( #2249, #2909 ) ;
#86 = PLANE ( 'NONE',  #2725 ) ;
#87 = DIRECTION ( 'NONE',  ( 1.000000000000000000, 0.000000000000000000, 0.000000000000000000 ) ) ;
#88 = VERTEX_POINT ( 'NONE', #1636 ) ;
#89 = COLOUR_RGB ( '',0.7921568627450980005, 0.8196078431372548767, 0.9333333333333333481 ) ;
#90 = ORIENTED_EDGE ( 'NONE', *, *, #1530, .T. ) ;
#91 = EDGE_CURVE ( 'NONE', #1181, #1533, #894, .T. ) ;
#92 = PRESENTATION_STYLE_ASSIGNMENT (( #1171 ) ) ;
#93 = CARTESIAN_POINT ( 'NONE',  ( 0.000000000000000000, 1.355555555555554070, 0.000000000000000000 ) ) ;
#94 = CARTESIAN_POINT ( 'NONE',  ( 0.000000000000000000, -2.000000000000000000, 0.000000000000000000 ) ) ;
#95 = ORIENTED_EDGE ( 'NONE', *, *, #2735, .T. ) ;
#96 = FACE_OUTER_BOUND ( 'NONE', #1391, .T. ) ;
#97 = CARTESIAN_POINT ( 'NONE',  ( 0.6000141357551870280, 10.97243765362181378, 2.324725739257214041 ) ) ;
#98 = EDGE_CURVE ( 'NONE', #694, #1127, #1317, .T. ) ;
#99 = B_SPLINE_CURVE_WITH_KNOTS ( 'NONE', 3,
 ( #2265, #136, #1475, #1974, #2511, #1496, #2213, #1957, #205, #188, #2227, #2988 ),
 .UNSPECIFIED., .F., .F.,
 ( 4, 2, 2, 2, 2, 4 ),
 ( 6.444150081959789113E-19, 0.0003012230239707184621, 0.0006024460479414362737, 0.001204892095882871897, 0.001807338143824307629, 0.002409784191765743360 ),
 .UNSPECIFIED. ) ;
#100 = DIRECTION ( 'NONE',  ( -1.000000000000000000, 0.000000000000000000, 0.000000000000000000 ) ) ;
#101 = ORIENTED_EDGE ( 'NONE', *, *, #14, .F. ) ;
#102 = PRODUCT_CONTEXT ( 'NONE', #371, 'mechanical' ) ;
#103 = CARTESIAN_POINT ( 'NONE',  ( -15.34999999999999964, -14.00000000000000000, 7.650000000000000355 ) ) ;
#104 = ORIENTED_EDGE ( 'NONE', *, *, #653, .T. ) ;
#105 = EDGE_LOOP ( 'NONE', ( #151, #2910, #2201, #400 ) ) ;
#106 = CARTESIAN_POINT ( 'NONE',  ( 0.000000000000000000, -2.500000000000000000, -1.214306433183764966E-14 ) ) ;
#107 = DIRECTION ( 'NONE',  ( 1.224646799147353207E-16, -1.552229492755332597E-33, -1.000000000000000000 ) ) ;
#108 = PLANE ( 'NONE',  #1368 ) ;
#109 = EDGE_CURVE ( 'NONE', #198, #700, #571, .T. ) ;
#110 = ORIENTED_EDGE ( 'NONE', *, *, #2856, .F. ) ;
#111 = DIRECTION ( 'NONE',  ( 0.000000000000000000, 1.000000000000000000, 0.000000000000000000 ) ) ;
#112 = DIRECTION ( 'NONE',  ( 0.000000000000000000, 0.000000000000000000, 1.000000000000000000 ) ) ;
#113 = AXIS2_PLACEMENT_3D ( 'NONE', #2256, #584, #1882 ) ;
#114 = AXIS2_PLACEMENT_3D ( 'NONE', #2142, #319, #1390 ) ;
#115 = EDGE_CURVE ( 'NONE', #1881, #2702, #155, .T. ) ;
#116 = DIRECTION ( 'NONE',  ( 1.267491568863818782E-17, 1.000000000000000000, -0.000000000000000000 ) ) ;
#117 = CIRCLE ( 'NONE', #342, 3.564999999999999947 ) ;
#118 = DIRECTION ( 'NONE',  ( 0.000000000000000000, 0.000000000000000000, 1.000000000000000000 ) ) ;
#119 = MANIFOLD_SOLID_BREP ( '²ÝÍ¼Õ', #620 ) ;
#120 = FILL_AREA_STYLE ('',( #1635 ) ) ;
#121 = CIRCLE ( 'NONE', #2354, 1.385000000000001341 ) ;
#122 = ORIENTED_EDGE ( 'NONE', *, *, #115, .F. ) ;
#123 = ORIENTED_EDGE ( 'NONE', *, *, #2379, .T. ) ;
#124 =( NAMED_UNIT ( * ) SI_UNIT ( $, .STERADIAN. ) SOLID_ANGLE_UNIT ( ) );
#125 = FACE_BOUND ( 'NONE', #1318, .T. ) ;
#126 = AXIS2_PLACEMENT_3D ( 'NONE', #1618, #2372, #536 ) ;
#127 = AXIS2_PLACEMENT_3D ( 'NONE', #539, #1572, #2607 ) ;
#128 = EDGE_LOOP ( 'NONE', ( #2927, #1596, #1190 ) ) ;
#129 = CARTESIAN_POINT ( 'NONE',  ( 7.099999999999999645, -2.500000000000000444, -3.673419846319648462E-37 ) ) ;
#130 = APPLICATION_CONTEXT ( 'automotive_design' ) ;
#131 = ORIENTED_EDGE ( 'NONE', *, *, #522, .F. ) ;
#132 = MECHANICAL_DESIGN_GEOMETRIC_PRESENTATION_REPRESENTATION (  '', ( #956 ), #567 ) ;
#133 = FACE_OUTER_BOUND ( 'NONE', #670, .T. ) ;
#134 = EDGE_CURVE ( 'NONE', #1185, #1121, #3264, .T. ) ;
#135 = AXIS2_PLACEMENT_3D ( 'NONE', #975, #1678, #465 ) ;
#136 = CARTESIAN_POINT ( 'NONE',  ( 0.1020104291778435313, -8.000000000000000000, -2.450000000000001066 ) ) ;
#137 = EDGE_CURVE ( 'NONE', #1533, #1181, #949, .T. ) ;
#138 = CARTESIAN_POINT ( 'NONE',  ( -1.540454478392659476, -33.33896844186422470, -3.214999999999999858 ) ) ;
#139 = ORIENTED_EDGE ( 'NONE', *, *, #390, .F. ) ;
#140 = ADVANCED_FACE ( 'NONE', ( #1511 ), #2039, .T. ) ;
#141 = DIRECTION ( 'NONE',  ( -1.000000000000000000, 3.914457294679280467E-17, -6.804908692151839602E-17 ) ) ;
#142 =( NAMED_UNIT ( * ) SI_UNIT ( $, .STERADIAN. ) SOLID_ANGLE_UNIT ( ) );
#143 = VERTEX_POINT ( 'NONE', #469 ) ;
#144 = EDGE_CURVE ( 'NONE', #255, #2754, #3045, .T. ) ;
#145 = ORIENTED_EDGE ( 'NONE', *, *, #580, .T. ) ;
#146 = PLANE ( 'NONE',  #1400 ) ;
#147 = CARTESIAN_POINT ( 'NONE',  ( -0.6011013432859144690, 10.96434494721183661, -2.328036430465086237 ) ) ;
#148 = MANIFOLD_SOLID_BREP ( 'Gap', #1875 ) ;
#149 = VERTEX_POINT ( 'NONE', #2026 ) ;
#150 = CARTESIAN_POINT ( 'NONE',  ( 0.000000000000000000, 1.510254942326796801, 0.000000000000000000 ) ) ;
#151 = ORIENTED_EDGE ( 'NONE', *, *, #2907, .F. ) ;
#152 = DIRECTION ( 'NONE',  ( 1.000000000000000000, 0.000000000000000000, 1.224646799147353207E-16 ) ) ;
#153 = CARTESIAN_POINT ( 'NONE',  ( 0.000000000000000000, 1.399999999999999689, 0.000000000000000000 ) ) ;
#154 = CARTESIAN_POINT ( 'NONE',  ( 0.1593881804880904196, 13.18745000000000367, -2.399999999999999023 ) ) ;
#155 = LINE ( 'NONE', #3014, #1329 ) ;
#156 = ORIENTED_EDGE ( 'NONE', *, *, #1034, .F. ) ;
#157 = EDGE_CURVE ( 'NONE', #2875, #902, #977, .T. ) ;
#158 =( NAMED_UNIT ( * ) PLANE_ANGLE_UNIT ( ) SI_UNIT ( $, .RADIAN. ) );
#159 = ORIENTED_EDGE ( 'NONE', *, *, #3314, .T. ) ;
#160 = CARTESIAN_POINT ( 'NONE',  ( 0.000000000000000000, -2.500000000000000000, -1.214306433183764966E-14 ) ) ;
#161 = DIRECTION ( 'NONE',  ( 0.000000000000000000, -1.000000000000000000, 0.000000000000000000 ) ) ;
#162 = ADVANCED_FACE ( 'NONE', ( #1478 ), #2689, .F. ) ;
#163 = DIRECTION ( 'NONE',  ( -1.000000000000000000, 0.000000000000000000, 0.000000000000000000 ) ) ;
#164 = ORIENTED_EDGE ( 'NONE', *, *, #450, .T. ) ;
#165 = CARTESIAN_POINT ( 'NONE',  ( 2.179871302482288566E-16, 7.280000000000003801, -1.779999999999999805 ) ) ;
#166 = ORIENTED_EDGE ( 'NONE', *, *, #825, .F. ) ;
#167 = CARTESIAN_POINT ( 'NONE',  ( 1.573992238476021947E-18, -2.500000000000000000, 1.153020574691852948E-14 ) ) ;
#168 = DIRECTION ( 'NONE',  ( -0.000000000000000000, 1.000000000000000000, -0.000000000000000000 ) ) ;
#169 = LINE ( 'NONE', #1995, #2671 ) ;
#170 = CARTESIAN_POINT ( 'NONE',  ( 12.50000000000000000, -2.000000000000000000, 2.400000000000000355 ) ) ;
#171 = ORIENTED_EDGE ( 'NONE', *, *, #1043, .F. ) ;
#172 = CARTESIAN_POINT ( 'NONE',  ( 1.489742379546745710, -9.298383436556932224, 1.945196485810655185 ) ) ;
#173 = CYLINDRICAL_SURFACE ( 'NONE', #233, 1.779999999999999805 ) ;
#174 = AXIS2_PLACEMENT_3D ( 'NONE', #543, #3185, #1337 ) ;
#175 = EDGE_CURVE ( 'NONE', #3328, #3005, #2434, .T. ) ;
#176 = AXIS2_PLACEMENT_3D ( 'NONE', #1324, #1546, #1523 ) ;
#177 = ORIENTED_EDGE ( 'NONE', *, *, #887, .T. ) ;
#178 =( NAMED_UNIT ( * ) SI_UNIT ( $, .STERADIAN. ) SOLID_ANGLE_UNIT ( ) );
#179 = CARTESIAN_POINT ( 'NONE',  ( 2.636138274066821552, -2.000000000000000000, 2.400000000000000355 ) ) ;
#180 = FACE_OUTER_BOUND ( 'NONE', #1673, .T. ) ;
#181 = ORIENTED_EDGE ( 'NONE', *, *, #619, .F. ) ;
#182 = CIRCLE ( 'NONE', #236, 2.450000000000000622 ) ;
#183 = CARTESIAN_POINT ( 'NONE',  ( -7.099999999999999645, 1.799999999999999600, 7.235327725112586064E-29 ) ) ;
#184 = EDGE_LOOP ( 'NONE', ( #600, #3321, #1225, #2187 ) ) ;
#185 = ADVANCED_FACE ( 'NONE', ( #2887 ), #2334, .T. ) ;
#186 = CARTESIAN_POINT ( 'NONE',  ( 2.399999999999998579, 14.50000000000000178, 0.000000000000000000 ) ) ;
#187 = PRODUCT_DEFINITION_SHAPE ( 'NONE', 'NONE',  #3362 ) ;
#188 = CARTESIAN_POINT ( 'NONE',  ( 1.457479592055300532, -9.095623345899541690, -1.971454330020545376 ) ) ;
#189 = LINE ( 'NONE', #2547, #67 ) ;
#190 = CONICAL_SURFACE ( 'NONE', #1547, 3.100000000000000533, 0.2792526803190863993 ) ;
#191 = SURFACE_STYLE_FILL_AREA ( #1195 ) ;
#192 = ORIENTED_EDGE ( 'NONE', *, *, #1384, .F. ) ;
#193 = CARTESIAN_POINT ( 'NONE',  ( 0.000000000000000000, -2.388911183883944744, 1.779999999999999805 ) ) ;
#194 = VERTEX_POINT ( 'NONE', #2587 ) ;
#195 = LINE ( 'NONE', #2523, #1349 ) ;
#196 = DIRECTION ( 'NONE',  ( 1.000000000000000000, 0.000000000000000000, 0.000000000000000000 ) ) ;
#197 = FACE_OUTER_BOUND ( 'NONE', #2738, .T. ) ;
#198 = VERTEX_POINT ( 'NONE', #1566 ) ;
#199 = CARTESIAN_POINT ( 'NONE',  ( 0.000000000000000000, -13.00000000000000178, -2.450000000000000622 ) ) ;
#200 = EDGE_CURVE ( 'NONE', #2483, #22, #1015, .T. ) ;
#201 = ORIENTED_EDGE ( 'NONE', *, *, #2305, .T. ) ;
#202 = EDGE_CURVE ( 'NONE', #1529, #80, #1031, .T. ) ;
#203 = EDGE_CURVE ( 'NONE', #710, #1490, #1065, .T. ) ;
#204 = CARTESIAN_POINT ( 'NONE',  ( 7.099999999999999645, 1.355555555555554070, -3.673419846319648462E-37 ) ) ;
#205 = CARTESIAN_POINT ( 'NONE',  ( 1.306307239992151148, -8.737550897185094811, -2.074714518038212052 ) ) ;
#206 = DIRECTION ( 'NONE',  ( 0.000000000000000000, 0.000000000000000000, 1.000000000000000000 ) ) ;
#207 = ADVANCED_FACE ( 'NONE', ( #2616 ), #899, .T. ) ;
#208 =( LENGTH_UNIT ( ) NAMED_UNIT ( * ) SI_UNIT ( .MILLI., .METRE. ) );
#209 = ORIENTED_EDGE ( 'NONE', *, *, #1704, .T. ) ;
#210 = DIRECTION ( 'NONE',  ( -1.000000000000000000, 0.000000000000000000, 0.000000000000000000 ) ) ;
#211 = VECTOR ( 'NONE', #1253, 1000.000000000000000 ) ;
#212 = ORIENTED_EDGE ( 'NONE', *, *, #1893, .F. ) ;
#213 = CARTESIAN_POINT ( 'NONE',  ( 0.000000000000000000, 0.000000000000000000, -6.000000000000000888 ) ) ;
#214 = CARTESIAN_POINT ( 'NONE',  ( -1.830278120726080759, -8.933463182663212265, 3.060659470341611677 ) ) ;
#215 = EDGE_LOOP ( 'NONE', ( #3353, #90, #1612, #2404, #655, #1234, #2361, #808, #2231, #2924 ) ) ;
#216 = DIRECTION ( 'NONE',  ( -1.267491568863818782E-17, -1.000000000000000000, 0.000000000000000000 ) ) ;
#217 = ORIENTED_EDGE ( 'NONE', *, *, #1650, .F. ) ;
#218 = LINE ( 'NONE', #779, #2021 ) ;
#219 = CYLINDRICAL_SURFACE ( 'NONE', #447, 3.564999999999999947 ) ;
#220 = DIRECTION ( 'NONE',  ( -0.000000000000000000, -1.000000000000000000, -0.000000000000000000 ) ) ;
#221 = DIRECTION ( 'NONE',  ( -1.000000000000000000, -0.000000000000000000, -0.000000000000000000 ) ) ;
#222 = ORIENTED_EDGE ( 'NONE', *, *, #1247, .T. ) ;
#223 = EDGE_CURVE ( 'NONE', #1962, #1559, #1550, .T. ) ;
#224 = CARTESIAN_POINT ( 'NONE',  ( -0.2042637141393854050, -8.010631104853860762, -2.443453283833617373 ) ) ;
#225 = EDGE_LOOP ( 'NONE', ( #2120, #676 ) ) ;
#226 = CARTESIAN_POINT ( 'NONE',  ( 0.000000000000000000, 1.355555555555554070, 0.000000000000000000 ) ) ;
#227 = CIRCLE ( 'NONE', #663, 2.666941363968367007 ) ;
#228 = CARTESIAN_POINT ( 'NONE',  ( 7.099999999999999645, -2.500000000000000000, -3.673419846319648462E-37 ) ) ;
#229 = VECTOR ( 'NONE', #1134, 1000.000000000000000 ) ;
#230 = CARTESIAN_POINT ( 'NONE',  ( 15.34999999999999964, -14.00000000000000000, 7.650000000000000355 ) ) ;
#231 = CARTESIAN_POINT ( 'NONE',  ( 1.187449999999999228, 12.00000000000000178, 2.085656370905809798 ) ) ;
#232 = DIRECTION ( 'NONE',  ( 1.267491568863818782E-17, 1.000000000000000000, -0.000000000000000000 ) ) ;
#233 = AXIS2_PLACEMENT_3D ( 'NONE', #701, #1739, #448 ) ;
#234 = ORIENTED_EDGE ( 'NONE', *, *, #3309, .F. ) ;
#235 = DIRECTION ( 'NONE',  ( 1.000000000000000000, 0.000000000000000000, 0.000000000000000000 ) ) ;
#236 = AXIS2_PLACEMENT_3D ( 'NONE', #2618, #33, #520 ) ;
#237 = PLANE ( 'NONE',  #176 ) ;
#238 = EDGE_CURVE ( 'NONE', #795, #3083, #815, .T. ) ;
#239 = CARTESIAN_POINT ( 'NONE',  ( 9.881138998510183769E-17, -11.00000000000000178, -2.450000000000001954 ) ) ;
#240 = DIRECTION ( 'NONE',  ( 1.000000000000000000, -0.000000000000000000, -0.000000000000000000 ) ) ;
#241 = VECTOR ( 'NONE', #374, 1000.000000000000000 ) ;
#242 = ORIENTED_EDGE ( 'NONE', *, *, #1873, .F. ) ;
#243 = EDGE_CURVE ( 'NONE', #2004, #1127, #3095, .T. ) ;
#244 = AXIS2_PLACEMENT_3D ( 'NONE', #1894, #2394, #2127 ) ;
#245 = CARTESIAN_POINT ( 'NONE',  ( -0.6747563519633263951, -8.156730124146012173, -2.357096042948839454 ) ) ;
#246 = ADVANCED_FACE ( 'NONE', ( #800 ), #1827, .F. ) ;
#247 = CIRCLE ( 'NONE', #2399, 1.524000000000000021 ) ;
#248 = ORIENTED_EDGE ( 'NONE', *, *, #1452, .F. ) ;
#249 = CARTESIAN_POINT ( 'NONE',  ( -7.099999999999999645, -2.500000000000000444, -2.100000000000000089 ) ) ;
#250 = CARTESIAN_POINT ( 'NONE',  ( -1.543759103731268567, -8.145809538523838711, 3.214087950533891291 ) ) ;
#251 =( NAMED_UNIT ( * ) SI_UNIT ( $, .STERADIAN. ) SOLID_ANGLE_UNIT ( ) );
#252 = EDGE_CURVE ( 'NONE', #88, #700, #1279, .T. ) ;
#253 = VERTEX_POINT ( 'NONE', #2114 ) ;
#254 = DIRECTION ( 'NONE',  ( -0.000000000000000000, 1.000000000000000000, -0.000000000000000000 ) ) ;
#255 = VERTEX_POINT ( 'NONE', #768 ) ;
#256 = DIRECTION ( 'NONE',  ( -0.9963024280156237422, -0.000000000000000000, -0.08591549295774721096 ) ) ;
#257 = B_SPLINE_CURVE_WITH_KNOTS ( 'NONE', 3,
 ( #3016, #1723, #172, #1216, #39, #1836, #2915, #7, #54, #1101, #2092, #1575 ),
 .UNSPECIFIED., .F., .F.,
 ( 4, 2, 2, 2, 2, 4 ),
 ( 0.004816085935842418647, 0.005116647526603109418, 0.005417209117363800189, 0.006018332298885181730, 0.006619455480406564139, 0.007220578661927945681 ),
 .UNSPECIFIED. ) ;
#258 = CARTESIAN_POINT ( 'NONE',  ( -0.7333413436935337648, 12.94629902256603238, -2.288102325948825122 ) ) ;
#259 = CARTESIAN_POINT ( 'NONE',  ( -1.489537083662460848, -9.702951047191449518, -1.945353551276105097 ) ) ;
#260 = CARTESIAN_POINT ( 'NONE',  ( 0.000000000000000000, 12.00000000000000000, -6.000000000000000888 ) ) ;
#261 = DIRECTION ( 'NONE',  ( 0.000000000000000000, -0.9612616959383205595, -0.2756373558169931126 ) ) ;
#262 = VERTEX_POINT ( 'NONE', #563 ) ;
#263 = VECTOR ( 'NONE', #2033, 1000.000000000000000 ) ;
#264 = DIRECTION ( 'NONE',  ( 0.000000000000000000, 0.000000000000000000, -1.000000000000000000 ) ) ;
#265 = CARTESIAN_POINT ( 'NONE',  ( -2.636138274066821552, -2.000000000000000000, 2.400000000000000355 ) ) ;
#266 = CARTESIAN_POINT ( 'NONE',  ( -0.3120251773008042018, 10.85159733626667311, 2.380883711081654308 ) ) ;
#267 = EDGE_LOOP ( 'NONE', ( #2047, #1423, #950, #1243 ) ) ;
#268 = EDGE_CURVE ( 'NONE', #821, #22, #678, .T. ) ;
#269 = LINE ( 'NONE', #1769, #2576 ) ;
#270 = CARTESIAN_POINT ( 'NONE',  ( -1.035942931227297414, 12.60056920604128905, -2.165941483243329468 ) ) ;
#271 = UNCERTAINTY_MEASURE_WITH_UNIT (LENGTH_MEASURE( 1.000000000000000082E-05 ), #817, 'distance_accuracy_value', 'NONE');
#272 = CARTESIAN_POINT ( 'NONE',  ( -1.499999999999999556, -9.500000000000000000, -1.937137062781052910 ) ) ;
#273 = DIRECTION ( 'NONE',  ( 0.000000000000000000, 0.000000000000000000, 1.000000000000000000 ) ) ;
#274 = VECTOR ( 'NONE', #2898, 1000.000000000000114 ) ;
#275 = DIRECTION ( 'NONE',  ( -0.000000000000000000, 1.000000000000000000, -0.000000000000000000 ) ) ;
#276 = ORIENTED_EDGE ( 'NONE', *, *, #200, .F. ) ;
#277 = SHAPE_REPRESENTATION_RELATIONSHIP ( 'NONE' , 'NONE' ,  #590, #2798 ) ;
#278 = LINE ( 'NONE', #2912, #2949 ) ;
#279 = CARTESIAN_POINT ( 'NONE',  ( 0.4000000000000002442, 0.8000000000000000444, 2.540000000000000480 ) ) ;
#280 = CARTESIAN_POINT ( 'NONE',  ( -1.191337016692832984, -8.583583795597444777, 2.141737244966145592 ) ) ;
#281 = ORIENTED_EDGE ( 'NONE', *, *, #1247, .F. ) ;
#282 = VERTEX_POINT ( 'NONE', #260 ) ;
#283 = AXIS2_PLACEMENT_3D ( 'NONE', #3019, #3333, #2051 ) ;
#284 = AXIS2_PLACEMENT_3D ( 'NONE', #1372, #2391, #2901 ) ;
#285 = CARTESIAN_POINT ( 'NONE',  ( 1.499999999999999556, -9.500000000000000000, 2.665000000000008473 ) ) ;
#286 = DIRECTION ( 'NONE',  ( 0.000000000000000000, 1.000000000000000000, -0.000000000000000000 ) ) ;
#287 = MECHANICAL_DESIGN_GEOMETRIC_PRESENTATION_REPRESENTATION (  '', ( #65 ), #2244 ) ;
#288 = DIRECTION ( 'NONE',  ( 0.000000000000000000, 1.000000000000000000, 0.000000000000000000 ) ) ;
#289 = ADVANCED_FACE ( 'NONE', ( #3111 ), #3012, .T. ) ;
#290 = AXIS2_PLACEMENT_3D ( 'NONE', #2420, #83, #1126 ) ;
#291 = AXIS2_PLACEMENT_3D ( 'NONE', #3021, #1663, #3272 ) ;
#292 = CARTESIAN_POINT ( 'NONE',  ( 0.000000000000000000, 14.50000000000000000, 0.000000000000000000 ) ) ;
#293 = DIRECTION ( 'NONE',  ( -0.000000000000000000, 1.000000000000000000, -0.000000000000000000 ) ) ;
#294 = DIRECTION ( 'NONE',  ( 0.000000000000000000, 0.000000000000000000, 1.000000000000000000 ) ) ;
#295 = CIRCLE ( 'NONE', #2360, 4.725000000000015632 ) ;
#296 = STYLED_ITEM ( 'NONE', ( #2229 ), #119 ) ;
#297 = CARTESIAN_POINT ( 'NONE',  ( -0.7874000000000005439, 0.000000000000000000, 0.000000000000000000 ) ) ;
#298 = CIRCLE ( 'NONE', #2203, 2.244444444444445796 ) ;
#299 = FILL_AREA_STYLE_COLOUR ( '', #2307 ) ;
#300 = ORIENTED_EDGE ( 'NONE', *, *, #1183, .T. ) ;
#301 = VERTEX_POINT ( 'NONE', #2548 ) ;
#302 = DIRECTION ( 'NONE',  ( -2.138543910811705526E-17, -1.000000000000000000, 0.000000000000000000 ) ) ;
#303 = PLANE ( 'NONE',  #174 ) ;
#304 = EDGE_CURVE ( 'NONE', #900, #1207, #736, .T. ) ;
#305 = CARTESIAN_POINT ( 'NONE',  ( 1.385000000000001341, 1.628499073019023987E-16, 0.000000000000000000 ) ) ;
#306 = ORIENTED_EDGE ( 'NONE', *, *, #3145, .F. ) ;
#307 = CYLINDRICAL_SURFACE ( 'NONE', #1321, 6.000000000000000888 ) ;
#308 = B_SPLINE_CURVE_WITH_KNOTS ( 'NONE', 3,
 ( #1839, #1011, #1278, #544, #3355, #2612, #2062, #2318, #2344, #3091 ),
 .UNSPECIFIED., .F., .F.,
 ( 4, 2, 2, 2, 4 ),
 ( 0.001888985087466563649, 0.002360676524180180518, 0.002832367960893797387, 0.003304059397607414256, 0.003775750834321031126 ),
 .UNSPECIFIED. ) ;
#309 = DIRECTION ( 'NONE',  ( 0.000000000000000000, 1.000000000000000000, 0.000000000000000000 ) ) ;
#310 = ADVANCED_FACE ( 'NONE', ( #2100 ), #190, .T. ) ;
#311 = DIRECTION ( 'NONE',  ( 0.000000000000000000, 1.000000000000000000, 0.000000000000000000 ) ) ;
#312 = ORIENTED_EDGE ( 'NONE', *, *, #1203, .F. ) ;
#313 =( NAMED_UNIT ( * ) SI_UNIT ( $, .STERADIAN. ) SOLID_ANGLE_UNIT ( ) );
#314 = CARTESIAN_POINT ( 'NONE',  ( 7.099999999999999645, 3.600000000000000089, -1.374325852376475028E-16 ) ) ;
#315 = VERTEX_POINT ( 'NONE', #754 ) ;
#316 = ORIENTED_EDGE ( 'NONE', *, *, #2007, .T. ) ;
#317 = LINE ( 'NONE', #2342, #2929 ) ;
#318 = CARTESIAN_POINT ( 'NONE',  ( 0.000000000000000000, -2.500000000000000000, 2.400000000000000355 ) ) ;
#319 = DIRECTION ( 'NONE',  ( 0.000000000000000000, -1.000000000000000000, 0.000000000000000000 ) ) ;
#320 = ORIENTED_EDGE ( 'NONE', *, *, #2118, .F. ) ;
#321 = CARTESIAN_POINT ( 'NONE',  ( 1.449745949185466509, -9.897721992229314480, 1.975185610628488631 ) ) ;
#322 = CYLINDRICAL_SURFACE ( 'NONE', #519, 2.399999999999998579 ) ;
#323 = DIRECTION ( 'NONE',  ( 0.000000000000000000, 0.000000000000000000, 1.000000000000000000 ) ) ;
#324 = EDGE_CURVE ( 'NONE', #3299, #821, #2818, .T. ) ;
#325 = CARTESIAN_POINT ( 'NONE',  ( 7.099999999999999645, 1.799999999999999600, -2.200000000000000622 ) ) ;
#326 = CARTESIAN_POINT ( 'NONE',  ( 0.000000000000000000, -9.500000000000000000, -3.214999999999999858 ) ) ;
#327 = ORIENTED_EDGE ( 'NONE', *, *, #2878, .T. ) ;
#328 = VERTEX_POINT ( 'NONE', #1282 ) ;
#329 = PLANE ( 'NONE',  #1047 ) ;
#330 = CARTESIAN_POINT ( 'NONE',  ( -16.55000000000000071, -21.00000000000000355, -9.000000000000001776 ) ) ;
#331 = AXIS2_PLACEMENT_3D ( 'NONE', #1075, #2156, #1336 ) ;
#333 = DIRECTION ( 'NONE',  ( 0.000000000000000000, 0.000000000000000000, 1.000000000000000000 ) ) ;
#332 = AXIS2_PLACEMENT_3D ( 'NONE', #1798, #3354, #1041 ) ;
#334 = ORIENTED_EDGE ( 'NONE', *, *, #223, .T. ) ;
#335 = PRODUCT_DEFINITION_CONTEXT ( 'detailed design', #546, 'design' ) ;
#336 = B_SPLINE_CURVE_WITH_KNOTS ( 'NONE', 3,
 ( #913, #898, #1985, #1418, #2969, #1672, #147, #672, #2710, #1187 ),
 .UNSPECIFIED., .F., .F.,
 ( 4, 2, 2, 2, 4 ),
 ( 0.001888985087466563649, 0.002360676524180180518, 0.002832367960893797387, 0.003304059397607414690, 0.003775750834321031559 ),
 .UNSPECIFIED. ) ;
#337 = LINE ( 'NONE', #1892, #70 ) ;
#338 = VECTOR ( 'NONE', #1042, 1000.000000000000000 ) ;
#339 = DIRECTION ( 'NONE',  ( 0.000000000000000000, 1.000000000000000000, -0.000000000000000000 ) ) ;
#340 = VECTOR ( 'NONE', #1819, 1000.000000000000000 ) ;
#341 = CARTESIAN_POINT ( 'NONE',  ( 2.636138274066821552, -33.33896844186422470, 2.400000000000000355 ) ) ;
#342 = AXIS2_PLACEMENT_3D ( 'NONE', #2094, #2123, #826 ) ;
#343 = AXIS2_PLACEMENT_3D ( 'NONE', #414, #2923, #66 ) ;
#344 = EDGE_CURVE ( 'NONE', #2159, #3237, #355, .T. ) ;
#345 = APPLICATION_PROTOCOL_DEFINITION ( 'draft international standard', 'automotive_design', 1998, #3160 ) ;
#346 = AXIS2_PLACEMENT_3D ( 'NONE', #1107, #1613, #1627 ) ;
#347 = CARTESIAN_POINT ( 'NONE',  ( 0.000000000000000000, 1.799999999999999600, -2.200000000000000622 ) ) ;
#348 = AXIS2_PLACEMENT_3D ( 'NONE', #3020, #643, #420 ) ;
#349 = CARTESIAN_POINT ( 'NONE',  ( -1.129930286394147387, -8.508845401520202856, 2.175169080417954426 ) ) ;
#350 = ORIENTED_EDGE ( 'NONE', *, *, #1027, .T. ) ;
#351 = ORIENTED_EDGE ( 'NONE', *, *, #3347, .T. ) ;
#352 = DIRECTION ( 'NONE',  ( 0.000000000000000000, 1.000000000000000000, 0.000000000000000000 ) ) ;
#353 = AXIS2_PLACEMENT_3D ( 'NONE', #1744, #1022, #2772 ) ;
#354 = FACE_OUTER_BOUND ( 'NONE', #860, .T. ) ;
#355 = CIRCLE ( 'NONE', #244, 2.244444444444445796 ) ;
#356 = PRODUCT_RELATED_PRODUCT_CATEGORY ( 'part', '', ( #2733 ) ) ;
#357 = FACE_BOUND ( 'NONE', #3063, .T. ) ;
#358 = ORIENTED_EDGE ( 'NONE', *, *, #1043, .T. ) ;
#359 =( REPRESENTATION_RELATIONSHIP ('NONE','NONE', #1541, #2909 ) REPRESENTATION_RELATIONSHIP_WITH_TRANSFORMATION ( #2048 )SHAPE_REPRESENTATION_RELATIONSHIP( ) );
#360 = LINE ( 'NONE', #948, #564 ) ;
#361 = DIRECTION ( 'NONE',  ( 0.000000000000000000, 0.000000000000000000, -1.000000000000000000 ) ) ;
#362 = CARTESIAN_POINT ( 'NONE',  ( -1.499999999999999112, -9.602208395162358912, 1.937137062781052688 ) ) ;
#363 = APPLICATION_PROTOCOL_DEFINITION ( 'draft international standard', 'automotive_design', 1998, #2236 ) ;
#364 = CARTESIAN_POINT ( 'NONE',  ( 16.55000000000000071, -79.67771224477409930, -9.000000000000001776 ) ) ;
#365 = VERTEX_POINT ( 'NONE', #885 ) ;
#366 = PRESENTATION_LAYER_ASSIGNMENT (  '', '', ( #1341 ) ) ;
#367 = FACE_OUTER_BOUND ( 'NONE', #1901, .T. ) ;
#368 = CARTESIAN_POINT ( 'NONE',  ( -1.187450000000261019, 12.00000000000095390, -2.085656370905900836 ) ) ;
#369 = VERTEX_POINT ( 'NONE', #2634 ) ;
#370 = FACE_OUTER_BOUND ( 'NONE', #2500, .T. ) ;
#371 = APPLICATION_CONTEXT ( 'automotive_design' ) ;
#372 = EDGE_LOOP ( 'NONE', ( #2801, #2220, #2329, #720 ) ) ;
#373 = ADVANCED_FACE ( 'NONE', ( #82 ), #2147, .T. ) ;
#374 = DIRECTION ( 'NONE',  ( -0.000000000000000000, 1.000000000000000000, -0.000000000000000000 ) ) ;
#375 = DIRECTION ( 'NONE',  ( 0.000000000000000000, 0.000000000000000000, 1.000000000000000000 ) ) ;
#376 = CARTESIAN_POINT ( 'NONE',  ( 0.000000000000000000, 12.00000000000000000, 0.000000000000000000 ) ) ;
#377 = CARTESIAN_POINT ( 'NONE',  ( -1.419988610138266827, -9.993103427149574003, 1.997058177393900236 ) ) ;
#378 = ORIENTED_EDGE ( 'NONE', *, *, #496, .F. ) ;
#379 = DIRECTION ( 'NONE',  ( -1.000000000000000000, 0.000000000000000000, 0.000000000000000000 ) ) ;
#380 = SURFACE_STYLE_FILL_AREA ( #120 ) ;
#381 = ORIENTED_EDGE ( 'NONE', *, *, #1300, .T. ) ;
#382 = ORIENTED_EDGE ( 'NONE', *, *, #1094, .F. ) ;
#383 = CARTESIAN_POINT ( 'NONE',  ( 0.000000000000000000, 13.99999999999999645, 0.000000000000000000 ) ) ;
#384 = CARTESIAN_POINT ( 'NONE',  ( -7.453542253521126426, 0.000000000000000000, -4.099784491284291121 ) ) ;
#385 = ORIENTED_EDGE ( 'NONE', *, *, #2242, .T. ) ;
#386 = DIRECTION ( 'NONE',  ( -0.000000000000000000, 1.000000000000000000, -0.000000000000000000 ) ) ;
#387 = ORIENTED_EDGE ( 'NONE', *, *, #3235, .T. ) ;
#388 = ADVANCED_FACE ( 'NONE', ( #2683 ), #322, .T. ) ;
#389 = DIRECTION ( 'NONE',  ( -1.000000000000000000, 0.000000000000000000, 0.000000000000000000 ) ) ;
#390 = EDGE_CURVE ( 'NONE', #895, #3311, #2254, .T. ) ;
#391 = LINE ( 'NONE', #696, #3069 ) ;
#392 = AXIS2_PLACEMENT_3D ( 'NONE', #2278, #479, #1822 ) ;
#393 = AXIS2_PLACEMENT_3D ( 'NONE', #1988, #2003, #3039 ) ;
#394 = DIRECTION ( 'NONE',  ( -0.000000000000000000, 1.000000000000000000, -0.000000000000000000 ) ) ;
#395 = ADVANCED_FACE ( 'NONE', ( #1599 ), #1614, .T. ) ;
#396 = AXIS2_PLACEMENT_3D ( 'NONE', #2340, #254, #2275 ) ;
#397 = VERTEX_POINT ( 'NONE', #1909 ) ;
#398 = AXIS2_PLACEMENT_3D ( 'NONE', #1665, #1429, #1929 ) ;
#399 = EDGE_LOOP ( 'NONE', ( #1072, #192, #740, #650, #525, #636, #2442, #1737, #842, #1625, #1416 ) ) ;
#400 = ORIENTED_EDGE ( 'NONE', *, *, #109, .F. ) ;
#401 = AXIS2_PLACEMENT_3D ( 'NONE', #2823, #3037, #2845 ) ;
#402 = CARTESIAN_POINT ( 'NONE',  ( 2.939152317953646119E-16, 7.900000000000000355, -2.399999999999998579 ) ) ;
#403 = CARTESIAN_POINT ( 'NONE',  ( -1.187450000000261019, 11.99999999999904965, 2.085656370905900836 ) ) ;
#404 = AXIS2_PLACEMENT_3D ( 'NONE', #1604, #2403, #2089 ) ;
#405 = ORIENTED_EDGE ( 'NONE', *, *, #2817, .F. ) ;
#406 = CARTESIAN_POINT ( 'NONE',  ( -7.453542253521126426, -2.500000000000000000, -4.099784491284291121 ) ) ;
#407 = EDGE_LOOP ( 'NONE', ( #131, #327, #1160, #1706, #3291 ) ) ;
#408 = AXIS2_PLACEMENT_3D ( 'NONE', #2742, #107, #2475 ) ;
#409 = AXIS2_PLACEMENT_3D ( 'NONE', #3080, #2834, #2080 ) ;
#410 = CYLINDRICAL_SURFACE ( 'NONE', #2416, 1.385000000000001119 ) ;
#411 = EDGE_CURVE ( 'NONE', #917, #2241, #2419, .T. ) ;
#412 = AXIS2_PLACEMENT_3D ( 'NONE', #1426, #2780, #443 ) ;
#413 = CARTESIAN_POINT ( 'NONE',  ( -0.3999999999999998557, -0.3662727272727272498, 0.000000000000000000 ) ) ;
#414 = CARTESIAN_POINT ( 'NONE',  ( -7.099999999999999645, 0.000000000000000000, 7.235327725112586064E-29 ) ) ;
#415 = ORIENTED_EDGE ( 'NONE', *, *, #1717, .T. ) ;
#416 = EDGE_CURVE ( 'NONE', #2918, #2137, #2935, .T. ) ;
#417 = DIRECTION ( 'NONE',  ( 0.000000000000000000, 0.000000000000000000, 1.000000000000000000 ) ) ;
#418 = DIRECTION ( 'NONE',  ( 0.000000000000000000, -1.000000000000000000, 0.000000000000000000 ) ) ;
#419 = ORIENTED_EDGE ( 'NONE', *, *, #1873, .T. ) ;
#420 = DIRECTION ( 'NONE',  ( 0.000000000000000000, 0.000000000000000000, 1.000000000000000000 ) ) ;
#421 = ORIENTED_EDGE ( 'NONE', *, *, #2176, .F. ) ;
#422 = CARTESIAN_POINT ( 'NONE',  ( 0.000000000000000000, -9.500000000000000000, -3.215000000000000302 ) ) ;
#423 = ORIENTED_EDGE ( 'NONE', *, *, #144, .T. ) ;
#424 = CARTESIAN_POINT ( 'NONE',  ( -1.499999999999999556, -9.500000000000000000, 2.665000000000008473 ) ) ;
#425 = LINE ( 'NONE', #1459, #839 ) ;
#426 = AXIS2_PLACEMENT_3D ( 'NONE', #897, #1919, #2928 ) ;
#427 = B_SPLINE_CURVE_WITH_KNOTS ( 'NONE', 3,
 ( #3244, #2734, #2464, #3278, #937, #1444, #1178, #3027, #3308, #3043, #2763, #3295 ),
 .UNSPECIFIED., .F., .F.,
 ( 4, 2, 2, 2, 2, 4 ),
 ( 0.008488234883437927730, 0.009335862452773470085, 0.01018349002210901244, 0.01103111759144455306, 0.01145493137611232337, 0.01187874516078009542 ),
 .UNSPECIFIED. ) ;
#428 = CARTESIAN_POINT ( 'NONE',  ( 15.34999999999999964, -14.00000000000000000, -7.650000000000000355 ) ) ;
#429 = SURFACE_STYLE_USAGE ( .BOTH. , #871 ) ;
#430 = EDGE_LOOP ( 'NONE', ( #527, #2367, #1249, #1944 ) ) ;
#431 = EDGE_CURVE ( 'NONE', #943, #1918, #298, .T. ) ;
#432 = CARTESIAN_POINT ( 'NONE',  ( -1.671792762500651452, -10.60596031684903195, 3.150026249167921844 ) ) ;
#433 = CARTESIAN_POINT ( 'NONE',  ( 0.000000000000000000, 0.000000000000000000, 0.000000000000000000 ) ) ;
#434 = EDGE_CURVE ( 'NONE', #2745, #606, #612, .T. ) ;
#435 = ORIENTED_EDGE ( 'NONE', *, *, #522, .T. ) ;
#436 = DIRECTION ( 'NONE',  ( -1.000000000000000000, 0.000000000000000000, 0.000000000000000000 ) ) ;
#437 = FACE_OUTER_BOUND ( 'NONE', #715, .T. ) ;
#438 = CARTESIAN_POINT ( 'NONE',  ( 1.190258841754593178, -10.41787436502601416, -2.142348988945496302 ) ) ;
#439 = ORIENTED_EDGE ( 'NONE', *, *, #2685, .T. ) ;
#440 = LINE ( 'NONE', #693, #879 ) ;
#441 = ORIENTED_EDGE ( 'NONE', *, *, #2330, .T. ) ;
#442 = FACE_OUTER_BOUND ( 'NONE', #485, .T. ) ;
#443 = DIRECTION ( 'NONE',  ( 0.000000000000000000, 0.000000000000000000, -1.000000000000000000 ) ) ;
#444 = DIRECTION ( 'NONE',  ( 0.000000000000000000, 0.000000000000000000, -1.000000000000000000 ) ) ;
#445 = AXIS2_PLACEMENT_3D ( 'NONE', #607, #1577, #3135 ) ;
#446 = ORIENTED_EDGE ( 'NONE', *, *, #1945, .T. ) ;
#447 = AXIS2_PLACEMENT_3D ( 'NONE', #2074, #2365, #3125 ) ;
#448 = DIRECTION ( 'NONE',  ( 0.000000000000000000, 0.000000000000000000, 1.000000000000000000 ) ) ;
#449 = CIRCLE ( 'NONE', #1861, 1.385000000000001341 ) ;
#450 = EDGE_CURVE ( 'NONE', #1940, #2904, #1168, .T. ) ;
#451 = ADVANCED_FACE ( 'NONE', ( #1158 ), #3230, .F. ) ;
#452 = ORIENTED_EDGE ( 'NONE', *, *, #2101, .F. ) ;
#453 = AXIS2_PLACEMENT_3D ( 'NONE', #533, #2839, #565 ) ;
#454 = LINE ( 'NONE', #1486, #211 ) ;
#455 = CARTESIAN_POINT ( 'NONE',  ( 1.870112127915864342, -9.500000000000000000, 3.035112127915869706 ) ) ;
#456 = VERTEX_POINT ( 'NONE', #1647 ) ;
#457 = AXIS2_PLACEMENT_3D ( 'NONE', #2718, #394, #1412 ) ;
#458 = CARTESIAN_POINT ( 'NONE',  ( -16.55000000000000071, -79.67771224477409930, -9.000000000000001776 ) ) ;
#459 = MECHANICAL_DESIGN_GEOMETRIC_PRESENTATION_REPRESENTATION (  '', ( #3222 ), #1430 ) ;
#460 = ORIENTED_EDGE ( 'NONE', *, *, #801, .F. ) ;
#461 = EDGE_CURVE ( 'NONE', #1276, #2493, #1199, .T. ) ;
#462 = CONICAL_SURFACE ( 'NONE', #2838, 1.499999999999999556, 0.7853981633974531640 ) ;
#463 = DIRECTION ( 'NONE',  ( 0.9963024280156237422, -0.000000000000000000, 0.08591549295774721096 ) ) ;
#464 = AXIS2_PLACEMENT_3D ( 'NONE', #2598, #3105, #1028 ) ;
#465 = DIRECTION ( 'NONE',  ( 0.000000000000000000, 0.000000000000000000, 1.000000000000000000 ) ) ;
#466 = PRESENTATION_LAYER_ASSIGNMENT (  '', '', ( #1707 ) ) ;
#467 = CARTESIAN_POINT ( 'NONE',  ( 7.099999999999999645, 1.399999999999999689, 2.282436685593039360 ) ) ;
#468 = VECTOR ( 'NONE', #2065, 1000.000000000000000 ) ;
#469 = CARTESIAN_POINT ( 'NONE',  ( 7.453542253521126426, 0.000000000000000000, 4.099784491284291121 ) ) ;
#470 = ORIENTED_EDGE ( 'NONE', *, *, #825, .T. ) ;
#471 = CARTESIAN_POINT ( 'NONE',  ( 0.000000000000000000, -13.00000000000000178, 0.000000000000000000 ) ) ;
#472 = B_SPLINE_CURVE_WITH_KNOTS ( 'NONE', 3,
 ( #490, #1796, #2541, #266, #1766, #777, #1558, #2793, #2291, #1291, #3121, #2595, #3074, #2559 ),
 .UNSPECIFIED., .F., .F.,
 ( 4, 2, 2, 2, 2, 2, 4 ),
 ( 4.290310202616221749E-18, 0.0002361231359333250369, 0.0004722462718666456827, 0.0009444925437332848603, 0.001416738815599924255, 0.001652861951533243952, 0.001888985087466563649 ),
 .UNSPECIFIED. ) ;
#473 = ORIENTED_EDGE ( 'NONE', *, *, #1810, .F. ) ;
#474 = DIRECTION ( 'NONE',  ( 0.000000000000000000, 1.000000000000000000, -0.000000000000000000 ) ) ;
#475 = CARTESIAN_POINT ( 'NONE',  ( 15.34999999999999964, 0.000000000000000000, -7.650000000000000355 ) ) ;
#476 = EDGE_LOOP ( 'NONE', ( #1637, #509, #1431, #2373 ) ) ;
#477 = DIRECTION ( 'NONE',  ( 0.000000000000000000, -0.000000000000000000, 1.000000000000000000 ) ) ;
#478 = VERTEX_POINT ( 'NONE', #2381 ) ;
#479 = DIRECTION ( 'NONE',  ( 0.000000000000000000, 0.000000000000000000, -1.000000000000000000 ) ) ;
#480 = CARTESIAN_POINT ( 'NONE',  ( 0.000000000000000000, 0.000000000000000000, 0.000000000000000000 ) ) ;
#481 = EDGE_CURVE ( 'NONE', #1617, #2230, #570, .T. ) ;
#482 = CARTESIAN_POINT ( 'NONE',  ( 0.000000000000000000, 14.50000000000000178, 0.000000000000000000 ) ) ;
#483 = ORIENTED_EDGE ( 'NONE', *, *, #1778, .F. ) ;
#484 = FACE_OUTER_BOUND ( 'NONE', #38, .T. ) ;
#485 = EDGE_LOOP ( 'NONE', ( #2580, #1252, #552, #2740 ) ) ;
#486 = DIRECTION ( 'NONE',  ( 0.000000000000000000, 0.000000000000000000, 1.000000000000000000 ) ) ;
#487 = CARTESIAN_POINT ( 'NONE',  ( -0.6838341548372142142, -7.262150882343591185, 3.500946530416795266 ) ) ;
#488 = LINE ( 'NONE', #230, #1485 ) ;
#489 = CARTESIAN_POINT ( 'NONE',  ( 0.07871625449661150131, 13.18745000000000012, 2.399999999999999467 ) ) ;
#490 = CARTESIAN_POINT ( 'NONE',  ( 2.003641573328415640E-15, 10.81254999999999100, 2.400000000000004352 ) ) ;
#491 = EDGE_CURVE ( 'NONE', #143, #2241, #2630, .T. ) ;
#492 = EDGE_LOOP ( 'NONE', ( #1255, #1713, #1105, #1660 ) ) ;
#493 = CARTESIAN_POINT ( 'NONE',  ( 7.099999999999999645, 1.510254942326796801, -2.666941363968367451 ) ) ;
#494 = EDGE_CURVE ( 'NONE', #943, #1362, #2903, .T. ) ;
#495 = CARTESIAN_POINT ( 'NONE',  ( -7.099999999999999645, 1.510254942326796801, 2.666941363968367451 ) ) ;
#496 = EDGE_CURVE ( 'NONE', #1984, #3005, #427, .T. ) ;
#497 = EDGE_CURVE ( 'NONE', #3351, #2121, #1439, .T. ) ;
#498 = CARTESIAN_POINT ( 'NONE',  ( 1.554327910730685547, -8.139774789517167264, 3.212885721778897086 ) ) ;
#499 = CARTESIAN_POINT ( 'NONE',  ( 12.50000000000000000, -2.000000000000000000, -2.399999999999999911 ) ) ;
#500 = ORIENTED_EDGE ( 'NONE', *, *, #2508, .F. ) ;
#501 = EDGE_CURVE ( 'NONE', #3202, #2542, #712, .T. ) ;
#502 = CIRCLE ( 'NONE', #2883, 3.100000000000000089 ) ;
#503 =( GEOMETRIC_REPRESENTATION_CONTEXT ( 3 ) GLOBAL_UNCERTAINTY_ASSIGNED_CONTEXT ( ( #849 ) ) GLOBAL_UNIT_ASSIGNED_CONTEXT ( ( #2978, #1960, #3233 ) ) REPRESENTATION_CONTEXT ( 'NONE', 'WORKASPACE' ) );
#504 =( REPRESENTATION_RELATIONSHIP ('NONE','NONE', #1541, #1286 ) REPRESENTATION_RELATIONSHIP_WITH_TRANSFORMATION ( #3066 )SHAPE_REPRESENTATION_RELATIONSHIP( ) );
#505 = VERTEX_POINT ( 'NONE', #2481 ) ;
#506 = FACE_OUTER_BOUND ( 'NONE', #2965, .T. ) ;
#507 = AXIS2_PLACEMENT_3D ( 'NONE', #150, #2744, #931 ) ;
#508 = SPHERICAL_SURFACE ( 'NONE', #2304, 2.566272727272727483 ) ;
#509 = ORIENTED_EDGE ( 'NONE', *, *, #3260, .T. ) ;
#510 = CARTESIAN_POINT ( 'NONE',  ( 0.000000000000000000, 12.00000000000000000, 0.000000000000000000 ) ) ;
#511 = PRESENTATION_LAYER_ASSIGNMENT (  '', '', ( #997 ) ) ;
#512 = VERTEX_POINT ( 'NONE', #1992 ) ;
#513 = PLANE ( 'NONE',  #464 ) ;
#514 = CONICAL_SURFACE ( 'NONE', #3109, 1.899999999999997247, 0.7853981633974457255 ) ;
#515 = DIRECTION ( 'NONE',  ( -0.000000000000000000, 1.000000000000000000, -0.000000000000000000 ) ) ;
#516 = CARTESIAN_POINT ( 'NONE',  ( 2.179871302482288566E-16, -2.388911183883944744, -1.779999999999999805 ) ) ;
#517 = VECTOR ( 'NONE', #3284, 1000.000000000000000 ) ;
#518 = DIRECTION ( 'NONE',  ( -0.000000000000000000, 1.000000000000000000, -0.000000000000000000 ) ) ;
#519 = AXIS2_PLACEMENT_3D ( 'NONE', #851, #3206, #866 ) ;
#520 = DIRECTION ( 'NONE',  ( 0.000000000000000000, 0.000000000000000000, -1.000000000000000000 ) ) ;
#521 = VERTEX_POINT ( 'NONE', #2246 ) ;
#522 = EDGE_CURVE ( 'NONE', #2248, #3346, #2280, .T. ) ;
#523 = FACE_OUTER_BOUND ( 'NONE', #2728, .T. ) ;
#524 = LINE ( 'NONE', #1502, #781 ) ;
#525 = ORIENTED_EDGE ( 'NONE', *, *, #2115, .T. ) ;
#526 = CARTESIAN_POINT ( 'NONE',  ( 7.453542253521126426, -2.500000000000000000, 4.099784491284291121 ) ) ;
#527 = ORIENTED_EDGE ( 'NONE', *, *, #202, .F. ) ;
#528 = LINE ( 'NONE', #1868, #1634 ) ;
#529 = DIRECTION ( 'NONE',  ( 0.000000000000000000, 0.7071067811865467956, 0.7071067811865483499 ) ) ;
#530 = FACE_OUTER_BOUND ( 'NONE', #971, .T. ) ;
#531 = LINE ( 'NONE', #516, #1867 ) ;
#532 = DIRECTION ( 'NONE',  ( 0.000000000000000000, 0.000000000000000000, -1.000000000000000000 ) ) ;
#533 = CARTESIAN_POINT ( 'NONE',  ( 0.000000000000000000, -9.500000000000000000, -3.215000000000000302 ) ) ;
#534 = ADVANCED_FACE ( 'NONE', ( #2006 ), #3331, .T. ) ;
#535 = ORIENTED_EDGE ( 'NONE', *, *, #1551, .T. ) ;
#536 = DIRECTION ( 'NONE',  ( 0.000000000000000000, 0.000000000000000000, 1.000000000000000000 ) ) ;
#537 = EDGE_CURVE ( 'NONE', #1617, #1776, #391, .T. ) ;
#538 = CARTESIAN_POINT ( 'NONE',  ( -7.099999999999999645, -8.439696961966999922, 2.100000000000000089 ) ) ;
#539 = CARTESIAN_POINT ( 'NONE',  ( -7.099999999999999645, -2.500000000000000000, 7.235327725112586064E-29 ) ) ;
#540 = CARTESIAN_POINT ( 'NONE',  ( 1.013993255091054964E-17, 0.8000000000000000444, 0.000000000000000000 ) ) ;
#541 = ORIENTED_EDGE ( 'NONE', *, *, #32, .F. ) ;
#542 = CARTESIAN_POINT ( 'NONE',  ( 10.44263743172962045, -2.500000000000000000, -2.399999999999999911 ) ) ;
#543 = CARTESIAN_POINT ( 'NONE',  ( 12.50000000000000000, -2.000000000000000000, -2.399999999999999911 ) ) ;
#544 = CARTESIAN_POINT ( 'NONE',  ( -1.034611204752557301, 12.60323504115390314, 2.166603679299101248 ) ) ;
#545 = CARTESIAN_POINT ( 'NONE',  ( 1.830746148165458331, -8.935578389186465742, 3.060381396876802107 ) ) ;
#546 = APPLICATION_CONTEXT ( 'automotive_design' ) ;
#547 = CARTESIAN_POINT ( 'NONE',  ( 0.000000000000000000, -33.33896844186422470, 3.564999999999999947 ) ) ;
#548 = DIRECTION ( 'NONE',  ( 1.000000000000000000, 0.000000000000000000, 1.224646799147353207E-16 ) ) ;
#549 = EDGE_CURVE ( 'NONE', #1776, #651, #1600, .T. ) ;
#550 = PLANE ( 'NONE',  #2959 ) ;
#551 = CARTESIAN_POINT ( 'NONE',  ( -1.297843868564913405, -8.741907762958478045, 2.078923665420696398 ) ) ;
#552 = ORIENTED_EDGE ( 'NONE', *, *, #2364, .T. ) ;
#553 = ORIENTED_EDGE ( 'NONE', *, *, #2007, .F. ) ;
#554 = DIRECTION ( 'NONE',  ( 0.000000000000000000, 0.07845909572784560970, 0.9969173337331278528 ) ) ;
#555 = AXIS2_PLACEMENT_3D ( 'NONE', #1089, #577, #2931 ) ;
#556 = FILL_AREA_STYLE ('',( #824 ) ) ;
#557 = CARTESIAN_POINT ( 'NONE',  ( -0.4059507042253537312, 0.000000000000000000, 4.707528972373827614 ) ) ;
#558 = LINE ( 'NONE', #2696, #2296 ) ;
#559 = EDGE_LOOP ( 'NONE', ( #2882, #2849 ) ) ;
#560 = ADVANCED_FACE ( 'NONE', ( #920 ), #2023, .F. ) ;
#561 = VECTOR ( 'NONE', #598, 1000.000000000000227 ) ;
#562 = CARTESIAN_POINT ( 'NONE',  ( 2.939152317953646119E-16, -2.388911183883944744, -2.399999999999998579 ) ) ;
#563 = CARTESIAN_POINT ( 'NONE',  ( 3.796405077356795411E-16, 0.000000000000000000, 3.100000000000000533 ) ) ;
#564 = VECTOR ( 'NONE', #1469, 1000.000000000000114 ) ;
#565 = DIRECTION ( 'NONE',  ( -1.000000000000000000, 0.000000000000000000, 0.000000000000000000 ) ) ;
#566 = VECTOR ( 'NONE', #1733, 1000.000000000000000 ) ;
#567 =( GEOMETRIC_REPRESENTATION_CONTEXT ( 3 ) GLOBAL_UNCERTAINTY_ASSIGNED_CONTEXT ( ( #2815 ) ) GLOBAL_UNIT_ASSIGNED_CONTEXT ( ( #208, #699, #714 ) ) REPRESENTATION_CONTEXT ( 'NONE', 'WORKASPACE' ) );
#568 =( NAMED_UNIT ( * ) SI_UNIT ( $, .STERADIAN. ) SOLID_ANGLE_UNIT ( ) );
#569 = DIRECTION ( 'NONE',  ( 0.000000000000000000, -1.000000000000000000, 0.000000000000000000 ) ) ;
#570 = CIRCLE ( 'NONE', #680, 2.534907436326581553 ) ;
#571 = LINE ( 'NONE', #2357, #1543 ) ;
#572 = ORIENTED_EDGE ( 'NONE', *, *, #703, .T. ) ;
#573 = ORIENTED_EDGE ( 'NONE', *, *, #1365, .T. ) ;
#574 = EDGE_CURVE ( 'NONE', #2659, #2211, #99, .T. ) ;
#575 = DIRECTION ( 'NONE',  ( 0.000000000000000000, 1.000000000000000000, -0.000000000000000000 ) ) ;
#576 = LINE ( 'NONE', #1658, #2620 ) ;
#577 = DIRECTION ( 'NONE',  ( 1.267491568863818782E-17, 1.000000000000000000, -0.000000000000000000 ) ) ;
#578 = EDGE_LOOP ( 'NONE', ( #1144, #2447, #1292, #2262 ) ) ;
#579 = CARTESIAN_POINT ( 'NONE',  ( 0.000000000000000000, 3.600000000000000089, -1.374325852376475028E-16 ) ) ;
#580 = EDGE_CURVE ( 'NONE', #2819, #478, #2042, .T. ) ;
#581 = DIRECTION ( 'NONE',  ( -2.138543910811705526E-17, -1.000000000000000000, 0.000000000000000000 ) ) ;
#582 = CYLINDRICAL_SURFACE ( 'NONE', #2781, 4.725000000000016520 ) ;
#583 = ORIENTED_EDGE ( 'NONE', *, *, #1260, .T. ) ;
#584 = DIRECTION ( 'NONE',  ( 0.000000000000000000, 0.000000000000000000, 1.000000000000000000 ) ) ;
#585 = FACE_BOUND ( 'NONE', #1767, .T. ) ;
#586 = CARTESIAN_POINT ( 'NONE',  ( -0.7651151318575617477, -8.194944578502436627, 2.334907109911540601 ) ) ;
#587 = ORIENTED_EDGE ( 'NONE', *, *, #2878, .F. ) ;
#588 = ORIENTED_EDGE ( 'NONE', *, *, #2284, .F. ) ;
#589 = CIRCLE ( 'NONE', #3301, 2.399999999999998579 ) ;
#590 = SHAPE_REPRESENTATION ( 'Landing-Taxi-Light-Switch_Handle', ( #113 ), #2295 ) ;
#591 = CARTESIAN_POINT ( 'NONE',  ( -15.34999999999999964, -14.00000000000000000, 7.650000000000000355 ) ) ;
#592 = CARTESIAN_POINT ( 'NONE',  ( 16.55000000000000071, -14.00000000000000000, 9.000000000000000000 ) ) ;
#593 = DIRECTION ( 'NONE',  ( 1.000000000000000000, 0.000000000000000000, 0.000000000000000000 ) ) ;
#594 = EDGE_LOOP ( 'NONE', ( #460, #52, #729, #334, #2973 ) ) ;
#595 = EDGE_CURVE ( 'NONE', #2230, #1776, #3171, .T. ) ;
#596 = PLANE ( 'NONE',  #346 ) ;
#597 = CARTESIAN_POINT ( 'NONE',  ( 0.7857844618287449512, 11.10643648092937319, 2.268455005055457718 ) ) ;
#598 = DIRECTION ( 'NONE',  ( 3.375584055267206986E-17, -0.9612616959383205595, 0.2756373558169931126 ) ) ;
#599 = CIRCLE ( 'NONE', #56, 3.100000000000000089 ) ;
#600 = ORIENTED_EDGE ( 'NONE', *, *, #2162, .F. ) ;
#601 = EDGE_CURVE ( 'NONE', #987, #1130, #425, .T. ) ;
#602 = APPLICATION_PROTOCOL_DEFINITION ( 'draft international standard', 'automotive_design', 1998, #2992 ) ;
#603 = LINE ( 'NONE', #103, #11 ) ;
#604 = CARTESIAN_POINT ( 'NONE',  ( 16.55000000000000071, -79.67771224477409930, -9.000000000000001776 ) ) ;
#605 = ORIENTED_EDGE ( 'NONE', *, *, #752, .F. ) ;
#606 = VERTEX_POINT ( 'NONE', #1211 ) ;
#607 = CARTESIAN_POINT ( 'NONE',  ( -7.099999999999999645, -2.500000000000000000, 7.235327725112586064E-29 ) ) ;
#608 = CARTESIAN_POINT ( 'NONE',  ( -1.540454478392659476, -33.33896844186422470, -3.214999999999999858 ) ) ;
#609 = AXIS2_PLACEMENT_3D ( 'NONE', #2872, #69, #1113 ) ;
#610 = ORIENTED_EDGE ( 'NONE', *, *, #2485, .F. ) ;
#611 = DIRECTION ( 'NONE',  ( 0.000000000000000000, 1.000000000000000000, 0.000000000000000000 ) ) ;
#612 = LINE ( 'NONE', #1664, #2199 ) ;
#613 = VECTOR ( 'NONE', #1242, 1000.000000000000000 ) ;
#614 = CARTESIAN_POINT ( 'NONE',  ( 0.000000000000000000, 7.900000000000000355, 0.000000000000000000 ) ) ;
#615 = CIRCLE ( 'NONE', #721, 4.114999999999998437 ) ;
#616 = CIRCLE ( 'NONE', #835, 4.114999999999998437 ) ;
#617 =( NAMED_UNIT ( * ) SI_UNIT ( $, .STERADIAN. ) SOLID_ANGLE_UNIT ( ) );
#618 = CIRCLE ( 'NONE', #2517, 0.3999999999999993006 ) ;
#619 = EDGE_CURVE ( 'NONE', #2424, #2609, #247, .T. ) ;
#620 = CLOSED_SHELL ( 'NONE', ( #140, #207, #2567, #310, #767, #2897, #1802, #2716, #2668, #2263, #2398, #1609, #2773, #30, #560, #802, #1493, #1928, #2707, #2795, #2646, #2544, #1449, #3173, #185, #45, #77, #1912, #3205, #2871, #3092, #639, #2662, #852, #635, #847, #2592, #1676, #1231, #1699, #3349, #1288, #1040, #2267, #1759, #1208, #3335, #1179, #534, #1401, #1155, #2899, #2279, #1615, #2370, #2855, #1066, #289 ) ) ;
#621 = ORIENTED_EDGE ( 'NONE', *, *, #1505, .F. ) ;
#622 = ORIENTED_EDGE ( 'NONE', *, *, #1659, .F. ) ;
#623 = CARTESIAN_POINT ( 'NONE',  ( -1.385000000000000897, 1.755475822876390368E-17, 0.000000000000000000 ) ) ;
#624 = CARTESIAN_POINT ( 'NONE',  ( -7.099999999999999645, -2.000000000000000000, -2.100000000000000089 ) ) ;
#625 = AXIS2_PLACEMENT_3D ( 'NONE', #364, #1397, #1720 ) ;
#626 = EDGE_LOOP ( 'NONE', ( #101, #2590, #2858, #1215 ) ) ;
#627 = FACE_OUTER_BOUND ( 'NONE', #1136, .T. ) ;
#628 = AXIS2_PLACEMENT_3D ( 'NONE', #2653, #1570, #2638 ) ;
#629 = EDGE_LOOP ( 'NONE', ( #1710, #3089, #441, #621 ) ) ;
#630 = CARTESIAN_POINT ( 'NONE',  ( -0.3999999999999998557, 2.168634709053854248, -4.898587196589421087E-17 ) ) ;
#631 = CARTESIAN_POINT ( 'NONE',  ( 0.000000000000000000, 0.000000000000000000, 1.779999999999999805 ) ) ;
#632 = CARTESIAN_POINT ( 'NONE',  ( 0.000000000000000000, 1.355555555555554070, 0.000000000000000000 ) ) ;
#633 = B_SPLINE_CURVE_WITH_KNOTS ( 'NONE', 3,
 ( #3180, #857, #2591, #1049, #3118, #791, #2251, #3286, #2752, #965, #432, #685, #1463, #2498 ),
 .UNSPECIFIED., .F., .F.,
 ( 4, 2, 2, 2, 2, 2, 4 ),
 ( 0.01187874516078009542, 0.01230218048237964427, 0.01272561580397919140, 0.01314905112557874026, 0.01357248644717828912, 0.01441935709037738857, 0.01526622773357648975 ),
 .UNSPECIFIED. ) ;
#634 = CARTESIAN_POINT ( 'NONE',  ( 0.000000000000000000, -14.00000000000000000, 0.000000000000000000 ) ) ;
#635 = ADVANCED_FACE ( 'NONE', ( #2096 ), #219, .T. ) ;
#636 = ORIENTED_EDGE ( 'NONE', *, *, #1799, .F. ) ;
#637 = SHAPE_DEFINITION_REPRESENTATION ( #3329, #590 ) ;
#638 = SURFACE_SIDE_STYLE ('',( #3234 ) ) ;
#639 = ADVANCED_FACE ( 'NONE', ( #530 ), #237, .T. ) ;
#640 = EDGE_LOOP ( 'NONE', ( #421, #312, #859, #3305 ) ) ;
#641 = ORIENTED_EDGE ( 'NONE', *, *, #2261, .T. ) ;
#642 = EDGE_CURVE ( 'NONE', #3182, #2010, #3155, .T. ) ;
#643 = DIRECTION ( 'NONE',  ( 0.000000000000000000, 1.000000000000000000, 0.000000000000000000 ) ) ;
#644 = ORIENTED_EDGE ( 'NONE', *, *, #2933, .T. ) ;
#645 = DIRECTION ( 'NONE',  ( 0.000000000000000000, 0.000000000000000000, -1.000000000000000000 ) ) ;
#646 = EDGE_LOOP ( 'NONE', ( #2151, #1257, #23, #2058, #156, #572, #1480, #896 ) ) ;
#647 = CARTESIAN_POINT ( 'NONE',  ( -0.4059507042253541753, -2.500000000000000000, -4.707528972373827614 ) ) ;
#648 = CARTESIAN_POINT ( 'NONE',  ( -1.499999999999999556, -9.500000000000000000, 2.665000000000008473 ) ) ;
#649 = DIRECTION ( 'NONE',  ( 0.000000000000000000, -0.000000000000000000, -1.000000000000000000 ) ) ;
#650 = ORIENTED_EDGE ( 'NONE', *, *, #2604, .F. ) ;
#651 = VERTEX_POINT ( 'NONE', #1800 ) ;
#652 = VERTEX_POINT ( 'NONE', #1563 ) ;
#653 = EDGE_CURVE ( 'NONE', #1268, #521, #2297, .T. ) ;
#654 = DIRECTION ( 'NONE',  ( 0.000000000000000000, -0.000000000000000000, -1.000000000000000000 ) ) ;
#655 = ORIENTED_EDGE ( 'NONE', *, *, #682, .T. ) ;
#656 = LINE ( 'NONE', #1189, #2506 ) ;
#657 = EDGE_LOOP ( 'NONE', ( #1407, #622, #2691, #2339 ) ) ;
#658 = CARTESIAN_POINT ( 'NONE',  ( 15.34999999999999964, 0.000000000000000000, 7.650000000000000355 ) ) ;
#659 = AXIS2_PLACEMENT_3D ( 'NONE', #1305, #2597, #2122 ) ;
#660 = DIRECTION ( 'NONE',  ( 0.000000000000000000, 0.000000000000000000, 1.000000000000000000 ) ) ;
#661 = EDGE_CURVE ( 'NONE', #1732, #2594, #3024, .T. ) ;
#662 = VECTOR ( 'NONE', #797, 1000.000000000000000 ) ;
#663 = AXIS2_PLACEMENT_3D ( 'NONE', #2555, #2272, #1271 ) ;
#664 = VECTOR ( 'NONE', #1939, 1000.000000000000000 ) ;
#665 = CARTESIAN_POINT ( 'NONE',  ( -0.4937461097493484607, -10.91980416441396429, 2.401536171105639106 ) ) ;
#666 = AXIS2_PLACEMENT_3D ( 'NONE', #540, #216, #1573 ) ;
#667 = VERTEX_POINT ( 'NONE', #1294 ) ;
#668 = CONICAL_SURFACE ( 'NONE', #2570, 1.899999999999997247, 0.7853981633974457255 ) ;
#669 = ORIENTED_EDGE ( 'NONE', *, *, #2789, .F. ) ;
#670 = EDGE_LOOP ( 'NONE', ( #1143, #1755, #2173, #1373 ) ) ;
#671 = PLANE ( 'NONE',  #1731 ) ;
#672 = CARTESIAN_POINT ( 'NONE',  ( -0.3160968621955966285, 10.84501645597182673, -2.383518244147261989 ) ) ;
#673 = APPLICATION_CONTEXT ( 'automotive_design' ) ;
#674 = ORIENTED_EDGE ( 'NONE', *, *, #1576, .F. ) ;
#675 = CARTESIAN_POINT ( 'NONE',  ( -16.55000000000000071, -79.67771224477409930, 9.000000000000000000 ) ) ;
#676 = ORIENTED_EDGE ( 'NONE', *, *, #137, .T. ) ;
#677 = AXIS2_PLACEMENT_3D ( 'NONE', #690, #1727, #654 ) ;
#678 = CIRCLE ( 'NONE', #409, 3.564999999999999947 ) ;
#679 = CARTESIAN_POINT ( 'NONE',  ( 7.453542253521126426, 0.000000000000000000, -4.099784491284291121 ) ) ;
#680 = AXIS2_PLACEMENT_3D ( 'NONE', #1878, #2906, #581 ) ;
#681 = CARTESIAN_POINT ( 'NONE',  ( -7.099999999999999645, 0.000000000000000000, 7.235327725112586064E-29 ) ) ;
#682 = EDGE_CURVE ( 'NONE', #2640, #987, #308, .T. ) ;
#683 = DIRECTION ( 'NONE',  ( 0.000000000000000000, 0.000000000000000000, -1.000000000000000000 ) ) ;
#684 = ORIENTED_EDGE ( 'NONE', *, *, #1741, .F. ) ;
#685 = CARTESIAN_POINT ( 'NONE',  ( -1.830800218680311398, -10.06411244541361505, 3.060347524461333624 ) ) ;
#686 = CYLINDRICAL_SURFACE ( 'NONE', #1641, 1.499999999999999556 ) ;
#687 = VERTEX_POINT ( 'NONE', #2852 ) ;
#688 = AXIS2_PLACEMENT_3D ( 'NONE', #3270, #1132, #2437 ) ;
#689 = CARTESIAN_POINT ( 'NONE',  ( 0.000000000000000000, 0.000000000000000000, 0.000000000000000000 ) ) ;
#690 = CARTESIAN_POINT ( 'NONE',  ( 0.000000000000000000, 0.000000000000000000, -1.214306433183764966E-14 ) ) ;
#691 = CARTESIAN_POINT ( 'NONE',  ( -0.7874000000000005439, -0.1195716618892362637, 1.519302016609287209 ) ) ;
#692 = EDGE_LOOP ( 'NONE', ( #932, #1037, #2608, #1605 ) ) ;
#693 = CARTESIAN_POINT ( 'NONE',  ( -7.099999999999999645, 0.000000000000000000, 3.100000000000000533 ) ) ;
#694 = VERTEX_POINT ( 'NONE', #3107 ) ;
#695 = CARTESIAN_POINT ( 'NONE',  ( 1.573992238476021947E-18, 0.000000000000000000, 1.153020574691852948E-14 ) ) ;
#696 = CARTESIAN_POINT ( 'NONE',  ( -0.3999999999999998002, 0.8000000000000000444, 2.540000000000000480 ) ) ;
#697 = ADVANCED_FACE ( 'NONE', ( #1784 ), #2599, .T. ) ;
#698 = DIRECTION ( 'NONE',  ( -0.000000000000000000, -0.000000000000000000, -1.000000000000000000 ) ) ;
#699 =( NAMED_UNIT ( * ) PLANE_ANGLE_UNIT ( ) SI_UNIT ( $, .RADIAN. ) );
#700 = VERTEX_POINT ( 'NONE', #2545 ) ;
#701 = CARTESIAN_POINT ( 'NONE',  ( 0.000000000000000000, -2.388911183883944744, 0.000000000000000000 ) ) ;
#702 = VERTEX_POINT ( 'NONE', #2044 ) ;
#703 = EDGE_CURVE ( 'NONE', #74, #1881, #1151, .T. ) ;
#704 = SPHERICAL_SURFACE ( 'NONE', #1806, 2.244444444444445796 ) ;
#705 = B_SPLINE_CURVE_WITH_KNOTS ( 'NONE', 3,
 ( #2393, #1392, #62, #1728, #2160, #2758, #3189, #438, #865, #2920, #2429, #2503, #1907, #2934 ),
 .UNSPECIFIED., .F., .F.,
 ( 4, 2, 2, 2, 2, 2, 4 ),
 ( 0.002409784191765743360, 0.002710875056520197987, 0.003011965921274652614, 0.003313056786029107241, 0.003614147650783561868, 0.004216329380292468086, 0.004818511109801373871 ),
 .UNSPECIFIED. ) ;
#706 = CARTESIAN_POINT ( 'NONE',  ( -1.239586220532779892, -7.684400988770623719, 3.346927226558523039 ) ) ;
#707 = DIRECTION ( 'NONE',  ( 1.267491568863818782E-17, 1.000000000000000000, -0.000000000000000000 ) ) ;
#708 = ORIENTED_EDGE ( 'NONE', *, *, #2079, .F. ) ;
#709 = LINE ( 'NONE', #458, #664 ) ;
#710 = VERTEX_POINT ( 'NONE', #495 ) ;
#711 = CARTESIAN_POINT ( 'NONE',  ( -7.099999999999999645, 1.399999999999999689, 7.235327725112586064E-29 ) ) ;
#712 = LINE ( 'NONE', #1718, #1173 ) ;
#713 = DIRECTION ( 'NONE',  ( 0.000000000000000000, 0.000000000000000000, -1.000000000000000000 ) ) ;
#714 =( NAMED_UNIT ( * ) SI_UNIT ( $, .STERADIAN. ) SOLID_ANGLE_UNIT ( ) );
#715 = EDGE_LOOP ( 'NONE', ( #1419, #1274, #1781, #820 ) ) ;
#716 = SHAPE_REPRESENTATION ( 'lock washer spring heavy_ai_Heavy LW 0.112', ( #113 ), #1582 ) ;
#717 = CIRCLE ( 'NONE', #3106, 4.725000000000016520 ) ;
#718 = DIRECTION ( 'NONE',  ( 0.000000000000000000, 0.000000000000000000, 1.000000000000000000 ) ) ;
#719 = AXIS2_PLACEMENT_3D ( 'NONE', #510, #1052, #477 ) ;
#720 = ORIENTED_EDGE ( 'NONE', *, *, #501, .T. ) ;
#721 = AXIS2_PLACEMENT_3D ( 'NONE', #3345, #2650, #2889 ) ;
#722 = CARTESIAN_POINT ( 'NONE',  ( 7.099999999999999645, 1.799999999999999600, -3.673419846319648462E-37 ) ) ;
#723 = PLANE ( 'NONE',  #353 ) ;
#724 = EDGE_CURVE ( 'NONE', #2219, #3237, #1050, .T. ) ;
#725 = DIRECTION ( 'NONE',  ( 1.000000000000000000, -0.000000000000000000, 0.000000000000000000 ) ) ;
#726 = EDGE_LOOP ( 'NONE', ( #1675, #535, #2751, #1620, #1399, #1413, #2353, #755 ) ) ;
#727 = CARTESIAN_POINT ( 'NONE',  ( 16.55000000000000071, -14.00000000000000000, 9.000000000000000000 ) ) ;
#728 = AXIS2_PLACEMENT_3D ( 'NONE', #2001, #1273, #2016 ) ;
#729 = ORIENTED_EDGE ( 'NONE', *, *, #1245, .F. ) ;
#730 = DIRECTION ( 'NONE',  ( 0.9963024280156237422, 0.000000000000000000, -0.08591549295774721096 ) ) ;
#731 = AXIS2_PLACEMENT_3D ( 'NONE', #1084, #2119, #1351 ) ;
#732 = AXIS2_PLACEMENT_3D ( 'NONE', #1404, #161, #1172 ) ;
#733 = CARTESIAN_POINT ( 'NONE',  ( -0.9485703353582625175, 12.73040104419283303, -2.207581504556734409 ) ) ;
#734 = AXIS2_PLACEMENT_3D ( 'NONE', #786, #518, #3104 ) ;
#735 = CARTESIAN_POINT ( 'NONE',  ( 7.099999999999999645, -8.439696961966999922, -3.673419846319648462E-37 ) ) ;
#736 = CIRCLE ( 'NONE', #2737, 1.779999999999999805 ) ;
#737 = ORIENTED_EDGE ( 'NONE', *, *, #890, .F. ) ;
#738 = CARTESIAN_POINT ( 'NONE',  ( 0.1588290649191892168, 10.82060136969415254, -2.395987909207262678 ) ) ;
#739 = ORIENTED_EDGE ( 'NONE', *, *, #1595, .F. ) ;
#740 = ORIENTED_EDGE ( 'NONE', *, *, #1810, .T. ) ;
#741 = DIRECTION ( 'NONE',  ( 0.000000000000000000, 0.000000000000000000, 1.000000000000000000 ) ) ;
#742 = EDGE_CURVE ( 'NONE', #2359, #369, #1100, .T. ) ;
#743 = CARTESIAN_POINT ( 'NONE',  ( -1.661298506846474288, -8.396275630129023781, 3.154939111182654798 ) ) ;
#744 = EDGE_CURVE ( 'NONE', #505, #2904, #774, .T. ) ;
#745 = CARTESIAN_POINT ( 'NONE',  ( 1.036233537500573787, 12.60000491855727667, 2.165797658430336892 ) ) ;
#746 = PLANE ( 'NONE',  #719 ) ;
#747 = CIRCLE ( 'NONE', #853, 2.450000000000000622 ) ;
#748 = VERTEX_POINT ( 'NONE', #1356 ) ;
#749 = EDGE_CURVE ( 'NONE', #2991, #1984, #558, .T. ) ;
#750 = CYLINDRICAL_SURFACE ( 'NONE', #1688, 2.100000000000000089 ) ;
#751 = CARTESIAN_POINT ( 'NONE',  ( -1.187449999999937278, 12.07904564629563637, -2.085656370905845769 ) ) ;
#752 = EDGE_CURVE ( 'NONE', #2182, #1533, #1809, .T. ) ;
#753 = CARTESIAN_POINT ( 'NONE',  ( 1.740381068766230908E-13, -7.099999999998265032, 3.565000000000698055 ) ) ;
#754 = CARTESIAN_POINT ( 'NONE',  ( 2.540000000000000480, -4.320219723670811722E-17, 0.000000000000000000 ) ) ;
#755 = ORIENTED_EDGE ( 'NONE', *, *, #2118, .T. ) ;
#756 = CARTESIAN_POINT ( 'NONE',  ( -1.306534298616174761, -8.737643318197127584, -2.074587836198114488 ) ) ;
#757 = CIRCLE ( 'NONE', #1192, 2.282436685593039360 ) ;
#758 = EDGE_LOOP ( 'NONE', ( #2631, #2560 ) ) ;
#759 = CARTESIAN_POINT ( 'NONE',  ( -2.636138274066821552, -2.499999999999998668, -2.399999999999999911 ) ) ;
#760 = EDGE_LOOP ( 'NONE', ( #1990, #2571, #3165, #104 ) ) ;
#761 = LINE ( 'NONE', #2328, #613 ) ;
#762 = ORIENTED_EDGE ( 'NONE', *, *, #2469, .T. ) ;
#763 = EDGE_CURVE ( 'NONE', #2456, #2010, #2644, .T. ) ;
#764 = DIRECTION ( 'NONE',  ( 0.000000000000000000, 0.000000000000000000, 1.000000000000000000 ) ) ;
#765 = CARTESIAN_POINT ( 'NONE',  ( 2.989697210879928740E-16, 6.646482799141129050, 0.000000000000000000 ) ) ;
#766 = CARTESIAN_POINT ( 'NONE',  ( 0.5560720787731849857, -7.203180426253450896, 3.524000762456879876 ) ) ;
#767 = ADVANCED_FACE ( 'NONE', ( #2171 ), #1639, .T. ) ;
#768 = CARTESIAN_POINT ( 'NONE',  ( 10.44263743172961867, -2.000000000000000000, 2.400000000000000355 ) ) ;
#769 = DIRECTION ( 'NONE',  ( -0.000000000000000000, 1.000000000000000000, -0.000000000000000000 ) ) ;
#770 = ORIENTED_EDGE ( 'NONE', *, *, #1200, .T. ) ;
#771 =( NAMED_UNIT ( * ) PLANE_ANGLE_UNIT ( ) SI_UNIT ( $, .RADIAN. ) );
#772 = AXIS2_PLACEMENT_3D ( 'NONE', #1903, #2916, #2109 ) ;
#773 = CARTESIAN_POINT ( 'NONE',  ( -0.1422769256311585961, -7.099999999999957900, 3.565000000000016378 ) ) ;
#774 = CIRCLE ( 'NONE', #2081, 2.244444444444445796 ) ;
#775 = DIRECTION ( 'NONE',  ( 0.000000000000000000, 0.000000000000000000, 1.000000000000000000 ) ) ;
#776 = ORIENTED_EDGE ( 'NONE', *, *, #2936, .T. ) ;
#777 = CARTESIAN_POINT ( 'NONE',  ( -0.6034054552360313961, 10.96551593479441244, 2.327503243009313660 ) ) ;
#778 = VERTEX_POINT ( 'NONE', #812 ) ;
#779 = CARTESIAN_POINT ( 'NONE',  ( -0.4059507042253537312, -2.500000000000000000, 4.707528972373827614 ) ) ;
#780 = CIRCLE ( 'NONE', #2564, 0.3999999999999993006 ) ;
#781 = VECTOR ( 'NONE', #707, 1000.000000000000000 ) ;
#782 = CARTESIAN_POINT ( 'NONE',  ( 0.4059507042253537312, -2.500000000000000000, -4.707528972373827614 ) ) ;
#783 = UNCERTAINTY_MEASURE_WITH_UNIT (LENGTH_MEASURE( 1.000000000000000082E-05 ), #1383, 'distance_accuracy_value', 'NONE');
#784 = FACE_OUTER_BOUND ( 'NONE', #3015, .T. ) ;
#785 = CIRCLE ( 'NONE', #404, 2.534907436326581553 ) ;
#786 = CARTESIAN_POINT ( 'NONE',  ( 7.099999999999999645, 1.399999999999999689, -3.673419846319648462E-37 ) ) ;
#787 = TOROIDAL_SURFACE ( 'NONE', #892, 2.282436685593039360, 0.3999999999999995226 ) ;
#788 = EDGE_CURVE ( 'NONE', #2476, #1900, #1312, .T. ) ;
#789 = LINE ( 'NONE', #3128, #2835 ) ;
#790 = EDGE_LOOP ( 'NONE', ( #2654, #3030, #1498 ) ) ;
#791 = CARTESIAN_POINT ( 'NONE',  ( -0.9245075008707009934, -11.58887708216713541, 3.445200359771606990 ) ) ;
#792 = DIRECTION ( 'NONE',  ( 0.000000000000000000, 0.000000000000000000, -1.000000000000000000 ) ) ;
#793 = B_SPLINE_CURVE_WITH_KNOTS ( 'NONE', 3,
 ( #2806, #3303, #214, #1239, #743, #250, #3036, #706, #2578, #487, #2502, #3289, #773, #1223 ),
 .UNSPECIFIED., .F., .F.,
 ( 4, 2, 2, 2, 2, 2, 4 ),
 ( 0.001708569264604240271, 0.002556884683805213561, 0.002981042393405697495, 0.003405200103006182297, 0.004253515522207150165, 0.004677673231807634099, 0.005101830941408118034 ),
 .UNSPECIFIED. ) ;
#794 = LINE ( 'NONE', #2863, #2942 ) ;
#795 = VERTEX_POINT ( 'NONE', #1594 ) ;
#796 = CARTESIAN_POINT ( 'NONE',  ( -7.099999999999999645, -2.500000000000000444, 7.235327725112586064E-29 ) ) ;
#797 = DIRECTION ( 'NONE',  ( -0.000000000000000000, 1.000000000000000000, -0.000000000000000000 ) ) ;
#798 = CARTESIAN_POINT ( 'NONE',  ( -0.07992608362359213126, 13.18745000000000545, -2.399999999999999023 ) ) ;
#799 = CARTESIAN_POINT ( 'NONE',  ( 3.111479456002993969E-16, -11.00000000000000000, 2.450000000000001066 ) ) ;
#800 = FACE_OUTER_BOUND ( 'NONE', #2678, .T. ) ;
#801 = EDGE_CURVE ( 'NONE', #2211, #301, #1921, .T. ) ;
#802 = ADVANCED_FACE ( 'NONE', ( #1610 ), #1904, .T. ) ;
#803 = EDGE_CURVE ( 'NONE', #1176, #1121, #1212, .T. ) ;
#804 = DIRECTION ( 'NONE',  ( 0.000000000000000000, 0.000000000000000000, 1.000000000000000000 ) ) ;
#805 = DIRECTION ( 'NONE',  ( 1.000000000000000000, 0.000000000000000000, 0.000000000000000000 ) ) ;
#806 = ADVANCED_FACE ( 'NONE', ( #370 ), #3170, .T. ) ;
#807 = CARTESIAN_POINT ( 'NONE',  ( -0.9275859388448857157, -8.305804083556269646, 2.272552804254600378 ) ) ;
#808 = ORIENTED_EDGE ( 'NONE', *, *, #1801, .F. ) ;
#809 = EDGE_LOOP ( 'NONE', ( #3172, #1813 ) ) ;
#810 = DIRECTION ( 'NONE',  ( -0.000000000000000000, -1.000000000000000000, 0.000000000000000000 ) ) ;
#811 = LINE ( 'NONE', #25, #662 ) ;
#812 = CARTESIAN_POINT ( 'NONE',  ( -16.55000000000000071, -21.00000000000000355, 9.000000000000000000 ) ) ;
#813 = EDGE_LOOP ( 'NONE', ( #1954, #1451, #1405 ) ) ;
#814 = DIRECTION ( 'NONE',  ( -0.000000000000000000, 1.000000000000000000, -0.000000000000000000 ) ) ;
#815 = LINE ( 'NONE', #31, #468 ) ;
#816 = CARTESIAN_POINT ( 'NONE',  ( -16.55000000000000071, -14.00000000000000000, 9.000000000000000000 ) ) ;
#817 =( LENGTH_UNIT ( ) NAMED_UNIT ( * ) SI_UNIT ( .MILLI., .METRE. ) );
#818 = PLANE ( 'NONE',  #935 ) ;
#819 = CARTESIAN_POINT ( 'NONE',  ( -0.2011615667684170383, -8.010183423690445892, 2.443726736977038350 ) ) ;
#820 = ORIENTED_EDGE ( 'NONE', *, *, #1906, .T. ) ;
#821 = VERTEX_POINT ( 'NONE', #1624 ) ;
#822 = AXIS2_PLACEMENT_3D ( 'NONE', #2470, #379, #2940 ) ;
#823 = CIRCLE ( 'NONE', #555, 2.540000000000000480 ) ;
#824 = FILL_AREA_STYLE_COLOUR ( '', #89 ) ;
#825 = EDGE_CURVE ( 'NONE', #315, #3306, #823, .T. ) ;
#826 = DIRECTION ( 'NONE',  ( 0.000000000000000000, 0.000000000000000000, -1.000000000000000000 ) ) ;
#827 = DIRECTION ( 'NONE',  ( 1.000000000000000000, 0.000000000000000000, 1.224646799147353207E-16 ) ) ;
#828 = VERTEX_POINT ( 'NONE', #2412 ) ;
#829 = CIRCLE ( 'NONE', #1589, 3.564999999999999947 ) ;
#830 = CARTESIAN_POINT ( 'NONE',  ( 1.197683350327886087, -10.42296828594103886, 2.142502292897043414 ) ) ;
#831 = B_SPLINE_CURVE_WITH_KNOTS ( 'NONE', 3,
 ( #2446, #362, #1159, #1180, #377, #1630, #3178, #921, #2664, #2150, #2684, #665, #2960, #1394, #2397, #2198 ),
 .UNSPECIFIED., .F., .F.,
 ( 4, 2, 2, 2, 2, 2, 2, 4 ),
 ( 0.000000000000000000, 0.0003013733027987874707, 0.0006027466055975749413, 0.001205493211195149449, 0.001506866513993936757, 0.001808239816792723848, 0.002109613119591510939, 0.002410986422390298031 ),
 .UNSPECIFIED. ) ;
#832 = CARTESIAN_POINT ( 'NONE',  ( 1.187449999999999228, 12.00000000000000178, 2.085656370905809798 ) ) ;
#833 = PLANE ( 'NONE',  #1754 ) ;
#834 = MECHANICAL_DESIGN_GEOMETRIC_PRESENTATION_REPRESENTATION (  '', ( #1707 ), #1110 ) ;
#835 = AXIS2_PLACEMENT_3D ( 'NONE', #2746, #2460, #2494 ) ;
#836 = PRESENTATION_LAYER_ASSIGNMENT (  '', '', ( #956 ) ) ;
#837 =( NAMED_UNIT ( * ) PLANE_ANGLE_UNIT ( ) SI_UNIT ( $, .RADIAN. ) );
#838 = DIRECTION ( 'NONE',  ( 0.000000000000000000, -0.000000000000000000, -1.000000000000000000 ) ) ;
#839 = VECTOR ( 'NONE', #168, 1000.000000000000000 ) ;
#840 = DIRECTION ( 'NONE',  ( -0.08591549295774721096, 0.000000000000000000, 0.9963024280156238532 ) ) ;
#841 = EDGE_LOOP ( 'NONE', ( #3049, #2378, #3313, #1299 ) ) ;
#842 = ORIENTED_EDGE ( 'NONE', *, *, #1388, .F. ) ;
#843 = EDGE_CURVE ( 'NONE', #194, #694, #1642, .T. ) ;
#844 = CARTESIAN_POINT ( 'NONE',  ( 0.4000000000000001887, -0.3662727272727272498, 0.000000000000000000 ) ) ;
#845 = PLANE ( 'NONE',  #2827 ) ;
#846 = DIRECTION ( 'NONE',  ( -0.000000000000000000, 1.000000000000000000, -0.000000000000000000 ) ) ;
#847 = ADVANCED_FACE ( 'NONE', ( #2951, #2111 ), #79, .F. ) ;
#848 = ORIENTED_EDGE ( 'NONE', *, *, #3129, .F. ) ;
#849 = UNCERTAINTY_MEASURE_WITH_UNIT (LENGTH_MEASURE( 1.000000000000000082E-05 ), #2978, 'distance_accuracy_value', 'NONE');
#850 = DIRECTION ( 'NONE',  ( -0.9963024280156237422, 0.000000000000000000, 0.08591549295774719708 ) ) ;
#851 = CARTESIAN_POINT ( 'NONE',  ( 0.000000000000000000, -2.388911183883944744, 0.000000000000000000 ) ) ;
#852 = ADVANCED_FACE ( 'NONE', ( #357, #3152 ), #2426, .T. ) ;
#853 = AXIS2_PLACEMENT_3D ( 'NONE', #1685, #2169, #928 ) ;
#854 = CARTESIAN_POINT ( 'NONE',  ( 7.099999999999999645, 0.000000000000000000, 3.100000000000000533 ) ) ;
#855 = ORIENTED_EDGE ( 'NONE', *, *, #1704, .F. ) ;
#856 = PRODUCT_CONTEXT ( 'NONE', #130, 'mechanical' ) ;
#857 = CARTESIAN_POINT ( 'NONE',  ( -0.1423508075217712332, -11.90000000000000391, 3.564999999999999947 ) ) ;
#858 = CARTESIAN_POINT ( 'NONE',  ( -0.4059507042253537312, -2.500000000000000000, 4.707528972373827614 ) ) ;
#859 = ORIENTED_EDGE ( 'NONE', *, *, #1950, .T. ) ;
#860 = EDGE_LOOP ( 'NONE', ( #2452, #164, #2041 ) ) ;
#861 = DIRECTION ( 'NONE',  ( -0.000000000000000000, -1.000000000000000000, -0.000000000000000000 ) ) ;
#862 = CARTESIAN_POINT ( 'NONE',  ( -16.55000000000000071, -79.67771224477409930, -9.000000000000001776 ) ) ;
#863 = DIRECTION ( 'NONE',  ( -0.000000000000000000, 1.000000000000000000, -0.000000000000000000 ) ) ;
#864 = ORIENTED_EDGE ( 'NONE', *, *, #497, .T. ) ;
#865 = CARTESIAN_POINT ( 'NONE',  ( 1.129737346419868782, -10.49141309504581265, -2.175281049239419229 ) ) ;
#866 = DIRECTION ( 'NONE',  ( 0.000000000000000000, 0.000000000000000000, 1.000000000000000000 ) ) ;
#867 = ADVANCED_FACE ( 'NONE', ( #627, #2881 ), #108, .F. ) ;
#868 = CARTESIAN_POINT ( 'NONE',  ( 1.183967527492448718E-16, -7.600000000000000533, 0.000000000000000000 ) ) ;
#869 = PRODUCT_CONTEXT ( 'NONE', #3340, 'mechanical' ) ;
#870 = DIRECTION ( 'NONE',  ( 0.000000000000000000, 1.000000000000000000, 0.000000000000000000 ) ) ;
#871 = SURFACE_SIDE_STYLE ('',( #2750 ) ) ;
#872 = ORIENTED_EDGE ( 'NONE', *, *, #1096, .T. ) ;
#873 = ORIENTED_EDGE ( 'NONE', *, *, #3279, .F. ) ;
#874 = PLANE ( 'NONE',  #426 ) ;
#875 = AXIS2_PLACEMENT_3D ( 'NONE', #1888, #1322, #2108 ) ;
#877 = DIRECTION ( 'NONE',  ( 0.000000000000000000, -1.000000000000000000, 0.000000000000000000 ) ) ;
#876 = VECTOR ( 'NONE', #2900, 1000.000000000000114 ) ;
#878 = CONICAL_SURFACE ( 'NONE', #283, 1.499999999999999556, 0.7853981633974531640 ) ;
#879 = VECTOR ( 'NONE', #3275, 1000.000000000000227 ) ;
#880 = ORIENTED_EDGE ( 'NONE', *, *, #14, .T. ) ;
#881 = DIRECTION ( 'NONE',  ( -0.000000000000000000, -1.000000000000000000, -0.000000000000000000 ) ) ;
#882 = AXIS2_PLACEMENT_3D ( 'NONE', #40, #3124, #1088 ) ;
#883 = CARTESIAN_POINT ( 'NONE',  ( -7.099999999999999645, 1.799999999999999600, 7.235327725112586064E-29 ) ) ;
#884 = CIRCLE ( 'NONE', #942, 3.100000000000000533 ) ;
#885 = CARTESIAN_POINT ( 'NONE',  ( 2.636138274066821552, -2.499999999999998668, 2.400000000000000355 ) ) ;
#886 = AXIS2_PLACEMENT_3D ( 'NONE', #2602, #275, #294 ) ;
#887 = EDGE_CURVE ( 'NONE', #397, #1529, #717, .T. ) ;
#888 = DIRECTION ( 'NONE',  ( -0.000000000000000000, 1.000000000000000000, -0.000000000000000000 ) ) ;
#889 = AXIS2_PLACEMENT_3D ( 'NONE', #2082, #1811, #1880 ) ;
#890 = EDGE_CURVE ( 'NONE', #667, #895, #656, .T. ) ;
#891 = PRODUCT_CONTEXT ( 'NONE', #3042, 'mechanical' ) ;
#892 = AXIS2_PLACEMENT_3D ( 'NONE', #711, #2778, #2829 ) ;
#893 = CARTESIAN_POINT ( 'NONE',  ( 3.111479456002993969E-16, -11.00000000000000000, 2.450000000000001066 ) ) ;
#894 = CIRCLE ( 'NONE', #731, 2.282436685593039360 ) ;
#895 = VERTEX_POINT ( 'NONE', #2760 ) ;
#896 = ORIENTED_EDGE ( 'NONE', *, *, #1452, .T. ) ;
#897 = CARTESIAN_POINT ( 'NONE',  ( 15.34999999999999964, -14.00000000000000000, 7.650000000000000355 ) ) ;
#898 = CARTESIAN_POINT ( 'NONE',  ( -1.187450000000122907, 11.84209444653058441, -2.085656370905740520 ) ) ;
#899 = TOROIDAL_SURFACE ( 'NONE', #734, 2.282436685593039360, 0.3999999999999995226 ) ;
#900 = VERTEX_POINT ( 'NONE', #165 ) ;
#901 = CYLINDRICAL_SURFACE ( 'NONE', #2886, 1.524000000000000021 ) ;
#902 = VERTEX_POINT ( 'NONE', #1674 ) ;
#903 = B_SPLINE_CURVE_WITH_KNOTS ( 'NONE', 3,
 ( #2824, #489, #3319, #2313, #1302, #1005, #2040, #3073, #745, #1519, #2558, #231 ),
 .UNSPECIFIED., .F., .F.,
 ( 4, 2, 2, 2, 2, 4 ),
 ( 0.003775750834321031126, 0.004011492114865489698, 0.004247233395409947404, 0.004718715956498864550, 0.005190198517587780828, 0.005661681078676697974 ),
 .UNSPECIFIED. ) ;
#904 = FACE_OUTER_BOUND ( 'NONE', #476, .T. ) ;
#905 = CARTESIAN_POINT ( 'NONE',  ( 0.5308867198197323445, 10.93500693869913931, 2.341680423203750028 ) ) ;
#906 = CARTESIAN_POINT ( 'NONE',  ( 1.499999999999999556, -9.500000000000000000, 1.937137062781053354 ) ) ;
#907 = EDGE_CURVE ( 'NONE', #2864, #2456, #2132, .T. ) ;
#908 = ORIENTED_EDGE ( 'NONE', *, *, #137, .F. ) ;
#909 = SURFACE_STYLE_USAGE ( .BOTH. , #1932 ) ;
#910 = ORIENTED_EDGE ( 'NONE', *, *, #2322, .F. ) ;
#911 = EDGE_LOOP ( 'NONE', ( #3253, #1938, #2997, #873 ) ) ;
#912 =( LENGTH_UNIT ( ) NAMED_UNIT ( * ) SI_UNIT ( .MILLI., .METRE. ) );
#913 = CARTESIAN_POINT ( 'NONE',  ( -1.187450000000261019, 12.00000000000095390, -2.085656370905900836 ) ) ;
#914 = EDGE_CURVE ( 'NONE', #2241, #521, #2528, .T. ) ;
#915 = ORIENTED_EDGE ( 'NONE', *, *, #1505, .T. ) ;
#916 = DIRECTION ( 'NONE',  ( -0.000000000000000000, 1.000000000000000000, -0.000000000000000000 ) ) ;
#917 = VERTEX_POINT ( 'NONE', #1149 ) ;
#918 = CARTESIAN_POINT ( 'NONE',  ( -7.099999999999999645, 1.399999999999999689, -2.282436685593039360 ) ) ;
#919 = PRODUCT_DEFINITION_SHAPE ( 'NONE', 'NONE',  #3361 ) ;
#920 = FACE_OUTER_BOUND ( 'NONE', #1963, .T. ) ;
#921 = CARTESIAN_POINT ( 'NONE',  ( -0.9945157094184127189, -10.62696462545498299, 2.240320124856327588 ) ) ;
#922 = ORIENTED_EDGE ( 'NONE', *, *, #1428, .F. ) ;
#923 = SHAPE_REPRESENTATION_RELATIONSHIP ( 'NONE' , 'NONE' ,  #2909, #2682 ) ;
#924 = LINE ( 'NONE', #3249, #1973 ) ;
#925 = EDGE_CURVE ( 'NONE', #710, #478, #440, .T. ) ;
#926 = ORIENTED_EDGE ( 'NONE', *, *, #1629, .F. ) ;
#927 = ORIENTED_EDGE ( 'NONE', *, *, #1908, .T. ) ;
#928 = DIRECTION ( 'NONE',  ( 0.000000000000000000, 0.000000000000000000, -1.000000000000000000 ) ) ;
#929 = CARTESIAN_POINT ( 'NONE',  ( 12.50000000000000000, -2.000000000000000000, 2.400000000000000355 ) ) ;
#930 = ORIENTED_EDGE ( 'NONE', *, *, #203, .T. ) ;
#931 = DIRECTION ( 'NONE',  ( 0.000000000000000000, 0.000000000000000000, 1.000000000000000000 ) ) ;
#932 = ORIENTED_EDGE ( 'NONE', *, *, #1696, .F. ) ;
#933 = EDGE_CURVE ( 'NONE', #80, #3293, #1476, .T. ) ;
#934 = CARTESIAN_POINT ( 'NONE',  ( -7.099999999999999645, -2.000000000000000000, 7.235327725112586064E-29 ) ) ;
#935 = AXIS2_PLACEMENT_3D ( 'NONE', #297, #2892, #554 ) ;
#936 = PRODUCT_DEFINITION_FORMATION_WITH_SPECIFIED_SOURCE ( 'ANY', '', #1161, .NOT_KNOWN. ) ;
#937 = CARTESIAN_POINT ( 'NONE',  ( 1.554672806010466202, -10.85964530899060598, 3.212726241965695895 ) ) ;
#938 = AXIS2_PLACEMENT_3D ( 'NONE', #2492, #2730, #645 ) ;
#939 = CARTESIAN_POINT ( 'NONE',  ( -0.4059507042253541753, -2.500000000000000000, -4.707528972373827614 ) ) ;
#940 = DIRECTION ( 'NONE',  ( 0.000000000000000000, 0.000000000000000000, 1.000000000000000000 ) ) ;
#941 = ADVANCED_BREP_SHAPE_REPRESENTATION ( '', ( #57, #113 ), #1150 ) ;
#942 = AXIS2_PLACEMENT_3D ( 'NONE', #433, #1724, #2753 ) ;
#943 = VERTEX_POINT ( 'NONE', #2189 ) ;
#944 = ITEM_DEFINED_TRANSFORMATION ( 'NONE', 'NONE', #1915,  #113 ) ;
#945 = VECTOR ( 'NONE', #2025, 1000.000000000000000 ) ;
#946 = ORIENTED_EDGE ( 'NONE', *, *, #243, .T. ) ;
#947 = DIRECTION ( 'NONE',  ( 0.000000000000000000, 0.000000000000000000, -1.000000000000000000 ) ) ;
#948 = CARTESIAN_POINT ( 'NONE',  ( -0.4059507042253537312, 0.000000000000000000, -4.707528972373827614 ) ) ;
#949 = CIRCLE ( 'NONE', #2842, 2.282436685593039360 ) ;
#950 = ORIENTED_EDGE ( 'NONE', *, *, #1004, .T. ) ;
#951 = AXIS2_PLACEMENT_3D ( 'NONE', #167, #2243, #1662 ) ;
#952 = DIRECTION ( 'NONE',  ( -0.000000000000000000, -1.000000000000000000, -0.000000000000000000 ) ) ;
#953 = B_SPLINE_CURVE_WITH_KNOTS ( 'NONE', 3,
 ( #239, #2098, #1526, #3126, #1549, #1327, #43, #1062, #1091, #29, #3154, #259, #2586, #272 ),
 .UNSPECIFIED., .F., .F.,
 ( 4, 2, 2, 2, 2, 2, 4 ),
 ( 0.004818511109801373871, 0.005119093858524007869, 0.005419676607246641867, 0.006020842104691911598, 0.006622007602137182196, 0.006922590350859817061, 0.007223173099582451927 ),
 .UNSPECIFIED. ) ;
#954 = ORIENTED_EDGE ( 'NONE', *, *, #2063, .F. ) ;
#955 = VECTOR ( 'NONE', #2982, 1000.000000000000000 ) ;
#956 = STYLED_ITEM ( 'NONE', ( #3298 ), #148 ) ;
#957 = CARTESIAN_POINT ( 'NONE',  ( -7.099999999999999645, 1.799999999999999600, 2.282436685593039360 ) ) ;
#958 = DIRECTION ( 'NONE',  ( 1.000000000000000000, 0.000000000000000000, 0.000000000000000000 ) ) ;
#959 = UNCERTAINTY_MEASURE_WITH_UNIT (LENGTH_MEASURE( 1.000000000000000082E-05 ), #19, 'distance_accuracy_value', 'NONE');
#960 = B_SPLINE_CURVE_WITH_KNOTS ( 'NONE', 3,
 ( #3082, #3067, #738, #1775, #2803, #2870, #2383, #2351, #1567, #2635, #2857, #2335 ),
 .UNSPECIFIED., .F., .F.,
 ( 4, 2, 2, 2, 2, 4 ),
 ( 0.003775750834321031559, 0.004011492114865489698, 0.004247233395409948271, 0.004718715956498864550, 0.005190198517587781696, 0.005661681078676697974 ),
 .UNSPECIFIED. ) ;
#961 = CARTESIAN_POINT ( 'NONE',  ( 0.000000000000000000, 0.000000000000000000, 0.000000000000000000 ) ) ;
#962 = PRODUCT_DEFINITION ( 'UNKNOWN', '', #2884, #1626 ) ;
#963 =( NAMED_UNIT ( * ) SI_UNIT ( $, .STERADIAN. ) SOLID_ANGLE_UNIT ( ) );
#964 = EDGE_LOOP ( 'NONE', ( #1818, #3187, #2596 ) ) ;
#965 = CARTESIAN_POINT ( 'NONE',  ( -1.556580362757665759, -10.85619484453954620, 3.211806589291492209 ) ) ;
#966 = CARTESIAN_POINT ( 'NONE',  ( -0.9942989029381416044, -8.372799008585168679, -2.240430012121998438 ) ) ;
#967 = ORIENTED_EDGE ( 'NONE', *, *, #1198, .F. ) ;
#968 = CARTESIAN_POINT ( 'NONE',  ( -2.539999999999999591, 7.030725154884572191E-17, -3.110602869834277654E-16 ) ) ;
#969 = DIRECTION ( 'NONE',  ( -1.000000000000000000, 0.000000000000000000, -0.000000000000000000 ) ) ;
#970 = DIRECTION ( 'NONE',  ( -1.000000000000000000, 1.267491568863818936E-17, 0.000000000000000000 ) ) ;
#971 = EDGE_LOOP ( 'NONE', ( #1048, #2209, #1131, #1320 ) ) ;
#972 = CARTESIAN_POINT ( 'NONE',  ( -34.92499999999994742, 0.000000000000000000, 0.000000000000000000 ) ) ;
#973 = ORIENTED_EDGE ( 'NONE', *, *, #3347, .F. ) ;
#974 = LINE ( 'NONE', #1507, #2563 ) ;
#975 = CARTESIAN_POINT ( 'NONE',  ( -7.099999999999999645, 1.799999999999999600, 7.235327725112586064E-29 ) ) ;
#976 = CARTESIAN_POINT ( 'NONE',  ( 2.003641573328415640E-15, 13.18745000000001433, -2.400000000000004352 ) ) ;
#977 = LINE ( 'NONE', #1916, #2846 ) ;
#978 = ORIENTED_EDGE ( 'NONE', *, *, #1650, .T. ) ;
#979 = ADVANCED_FACE ( 'NONE', ( #2224 ), #901, .F. ) ;
#980 = DIRECTION ( 'NONE',  ( 0.000000000000000000, 0.000000000000000000, 1.000000000000000000 ) ) ;
#981 = ORIENTED_EDGE ( 'NONE', *, *, #661, .F. ) ;
#982 = FACE_OUTER_BOUND ( 'NONE', #964, .T. ) ;
#983 = CARTESIAN_POINT ( 'NONE',  ( -1.499999999999999556, -9.500000000000000000, 1.937137062781052910 ) ) ;
#984 = DIRECTION ( 'NONE',  ( 0.000000000000000000, 0.000000000000000000, -1.000000000000000000 ) ) ;
#985 = ORIENTED_EDGE ( 'NONE', *, *, #2079, .T. ) ;
#986 = FACE_BOUND ( 'NONE', #1606, .T. ) ;
#987 = VERTEX_POINT ( 'NONE', #1730 ) ;
#988 = LINE ( 'NONE', #2005, #1528 ) ;
#989 = DIRECTION ( 'NONE',  ( -0.000000000000000000, -0.000000000000000000, -1.000000000000000000 ) ) ;
#990 = EDGE_CURVE ( 'NONE', #1455, #1947, #1471, .T. ) ;
#991 = CARTESIAN_POINT ( 'NONE',  ( 1.155407193118793474, 12.31502950333135793, -2.104657975521812663 ) ) ;
#992 = ORIENTED_EDGE ( 'NONE', *, *, #109, .T. ) ;
#993 = EDGE_LOOP ( 'NONE', ( #2436, #2719, #2516, #1263, #927, #985, #1849, #3164, #1024, #644 ) ) ;
#994 = AXIS2_PLACEMENT_3D ( 'NONE', #129, #1226, #2712 ) ;
#995 = EDGE_CURVE ( 'NONE', #2121, #3351, #3210, .T. ) ;
#996 = CARTESIAN_POINT ( 'NONE',  ( -2.694222958124177500E-16, 1.799999999999999600, 2.200000000000000622 ) ) ;
#997 = STYLED_ITEM ( 'NONE', ( #1709 ), #1237 ) ;
#998 = EDGE_CURVE ( 'NONE', #255, #2553, #1206, .T. ) ;
#999 = ORIENTED_EDGE ( 'NONE', *, *, #2115, .F. ) ;
#1000 = VECTOR ( 'NONE', #261, 1000.000000000000227 ) ;
#1001 = CARTESIAN_POINT ( 'NONE',  ( -7.099999999999999645, 1.399999999999999689, 2.282436685593039360 ) ) ;
#1002 = DIRECTION ( 'NONE',  ( 0.000000000000000000, 0.000000000000000000, 1.000000000000000000 ) ) ;
#1003 = FACE_OUTER_BOUND ( 'NONE', #372, .T. ) ;
#1004 = EDGE_CURVE ( 'NONE', #2603, #253, #3317, .T. ) ;
#1005 = CARTESIAN_POINT ( 'NONE',  ( 0.6044204157062992300, 13.03408454880574041, 2.327316093021152277 ) ) ;
#1006 = FACE_OUTER_BOUND ( 'NONE', #911, .T. ) ;
#1007 = ORIENTED_EDGE ( 'NONE', *, *, #3250, .T. ) ;
#1008 = DIRECTION ( 'NONE',  ( -1.000000000000000000, 0.000000000000000000, 0.000000000000000000 ) ) ;
#1009 = PRODUCT_DEFINITION_SHAPE ( 'NONE', 'NONE',  #3113 ) ;
#1010 = AXIS2_PLACEMENT_3D ( 'NONE', #2186, #3255, #3200 ) ;
#1011 = CARTESIAN_POINT ( 'NONE',  ( -1.187450000000122907, 12.15790555346941559, 2.085656370905740520 ) ) ;
#1012 = AXIS2_PLACEMENT_3D ( 'NONE', #2869, #221, #1080 ) ;
#1013 = FACE_OUTER_BOUND ( 'NONE', #3242, .T. ) ;
#1014 = AXIS2_PLACEMENT_3D ( 'NONE', #2661, #339, #1125 ) ;
#1015 = LINE ( 'NONE', #3140, #1112 ) ;
#1016 = ORIENTED_EDGE ( 'NONE', *, *, #2366, .F. ) ;
#1017 = CARTESIAN_POINT ( 'NONE',  ( 0.000000000000000000, -9.500000000000000000, -3.214999999999999858 ) ) ;
#1018 = EDGE_CURVE ( 'NONE', #1462, #149, #2458, .T. ) ;
#1019 = EDGE_CURVE ( 'NONE', #687, #149, #709, .T. ) ;
#1020 = ORIENTED_EDGE ( 'NONE', *, *, #1632, .T. ) ;
#1021 = CARTESIAN_POINT ( 'NONE',  ( 7.099999999999999645, 0.000000000000000000, -3.100000000000000533 ) ) ;
#1022 = DIRECTION ( 'NONE',  ( -1.000000000000000000, 1.267491568863818936E-17, 0.000000000000000000 ) ) ;
#1023 = LINE ( 'NONE', #538, #1597 ) ;
#1024 = ORIENTED_EDGE ( 'NONE', *, *, #1844, .T. ) ;
#1025 = DIRECTION ( 'NONE',  ( 0.9963024280156237422, 0.000000000000000000, -0.08591549295774721096 ) ) ;
#1026 = ORIENTED_EDGE ( 'NONE', *, *, #1269, .F. ) ;
#1027 = EDGE_CURVE ( 'NONE', #778, #1462, #2972, .T. ) ;
#1028 = DIRECTION ( 'NONE',  ( 0.000000000000000000, -0.000000000000000000, -1.000000000000000000 ) ) ;
#1029 = DIRECTION ( 'NONE',  ( 0.000000000000000000, -1.000000000000000000, 0.000000000000000000 ) ) ;
#1030 = CARTESIAN_POINT ( 'NONE',  ( -0.3999999999999998002, 0.7999999999999999334, -2.250680705112041657 ) ) ;
#1031 = LINE ( 'NONE', #1527, #1930 ) ;
#1032 = DIRECTION ( 'NONE',  ( 0.000000000000000000, 1.000000000000000000, 0.000000000000000000 ) ) ;
#1033 = ORIENTED_EDGE ( 'NONE', *, *, #1027, .F. ) ;
#1034 = EDGE_CURVE ( 'NONE', #74, #2655, #1175, .T. ) ;
#1035 = PLANE ( 'NONE',  #1761 ) ;
#1036 = DIRECTION ( 'NONE',  ( 3.375584055267206986E-17, -0.9612616959383205595, 0.2756373558169931126 ) ) ;
#1037 = ORIENTED_EDGE ( 'NONE', *, *, #157, .F. ) ;
#1038 = CARTESIAN_POINT ( 'NONE',  ( 3.000384657911016356E-16, -13.00000000000000178, 2.450000000000000622 ) ) ;
#1039 = ORIENTED_EDGE ( 'NONE', *, *, #3235, .F. ) ;
#1040 = ADVANCED_FACE ( 'NONE', ( #1714 ), #2210, .T. ) ;
#1041 = DIRECTION ( 'NONE',  ( 0.000000000000000000, 0.000000000000000000, 1.000000000000000000 ) ) ;
#1042 = DIRECTION ( 'NONE',  ( 0.000000000000000000, 1.000000000000000000, 0.000000000000000000 ) ) ;
#1043 = EDGE_CURVE ( 'NONE', #3183, #2182, #1970, .T. ) ;
#1044 = CARTESIAN_POINT ( 'NONE',  ( 0.9234822879627868630, -7.410388544020887203, 3.445470077489533267 ) ) ;
#1045 = DIRECTION ( 'NONE',  ( -1.000000000000000000, 1.267491568863818782E-17, 0.000000000000000000 ) ) ;
#1046 = DIRECTION ( 'NONE',  ( -0.000000000000000000, -1.000000000000000000, 0.000000000000000000 ) ) ;
#1047 = AXIS2_PLACEMENT_3D ( 'NONE', #591, #2408, #2362 ) ;
#1048 = ORIENTED_EDGE ( 'NONE', *, *, #1157, .F. ) ;
#1049 = CARTESIAN_POINT ( 'NONE',  ( -0.5567995381962376200, -11.79655010776073887, 3.523894986923904682 ) ) ;
#1050 = CIRCLE ( 'NONE', #1858, 2.244444444444445796 ) ;
#1051 = FACE_OUTER_BOUND ( 'NONE', #2785, .T. ) ;
#1052 = DIRECTION ( 'NONE',  ( 0.000000000000000000, 1.000000000000000000, 0.000000000000000000 ) ) ;
#1053 = CIRCLE ( 'NONE', #2024, 3.564999999999999947 ) ;
#1054 = ORIENTED_EDGE ( 'NONE', *, *, #2649, .T. ) ;
#1055 = AXIS2_PLACEMENT_3D ( 'NONE', #3343, #1295, #13 ) ;
#1056 = CARTESIAN_POINT ( 'NONE',  ( 16.55000000000000071, -21.00000000000000355, 9.000000000000000000 ) ) ;
#1057 = VECTOR ( 'NONE', #2701, 1000.000000000000000 ) ;
#1058 = EDGE_CURVE ( 'NONE', #1559, #301, #3267, .T. ) ;
#1059 = VECTOR ( 'NONE', #1036, 1000.000000000000227 ) ;
#1060 = DIRECTION ( 'NONE',  ( 0.000000000000000000, 0.000000000000000000, 1.000000000000000000 ) ) ;
#1061 = EDGE_CURVE ( 'NONE', #3193, #143, #1520, .T. ) ;
#1062 = CARTESIAN_POINT ( 'NONE',  ( -1.197762133922042116, -10.42303390989392575, -2.142506915081626051 ) ) ;
#1063 = CLOSED_SHELL ( 'NONE', ( #3076, #1722, #388, #373, #1328, #1342, #806, #2222, #2687, #2202, #1805, #1993 ) ) ;
#1064 = DIRECTION ( 'NONE',  ( 0.000000000000000000, -1.000000000000000000, 0.000000000000000000 ) ) ;
#1065 = CIRCLE ( 'NONE', #3229, 2.666941363968367007 ) ;
#1066 = ADVANCED_FACE ( 'NONE', ( #1006 ), #2617, .T. ) ;
#1067 = DIRECTION ( 'NONE',  ( -0.000000000000000000, -1.000000000000000000, -0.000000000000000000 ) ) ;
#1068 = AXIS2_PLACEMENT_3D ( 'NONE', #2337, #2873, #35 ) ;
#1069 = ORIENTED_EDGE ( 'NONE', *, *, #2624, .F. ) ;
#1070 = FACE_OUTER_BOUND ( 'NONE', #105, .T. ) ;
#1071 = DIRECTION ( 'NONE',  ( 0.9963024280156237422, 0.000000000000000000, 0.08591549295774719708 ) ) ;
#1072 = ORIENTED_EDGE ( 'NONE', *, *, #175, .F. ) ;
#1073 = ORIENTED_EDGE ( 'NONE', *, *, #2410, .T. ) ;
#1074 = APPLICATION_CONTEXT ( 'automotive_design' ) ;
#1075 = CARTESIAN_POINT ( 'NONE',  ( -7.099999999999999645, -2.500000000000000444, 7.235327725112586064E-29 ) ) ;
#1076 = CARTESIAN_POINT ( 'NONE',  ( -0.7874000000000005439, 0.1195716618892367217, 1.519302016609286987 ) ) ;
#1077 = CARTESIAN_POINT ( 'NONE',  ( -7.099999999999999645, 1.355555555555554070, 7.235327725112586064E-29 ) ) ;
#1078 = ORIENTED_EDGE ( 'NONE', *, *, #1738, .T. ) ;
#1079 = CARTESIAN_POINT ( 'NONE',  ( 0.4038830602909318501, -10.95796258519545141, 2.423683577289356350 ) ) ;
#1080 = DIRECTION ( 'NONE',  ( 0.000000000000000000, 0.000000000000000000, 1.000000000000000000 ) ) ;
#1081 = FACE_OUTER_BOUND ( 'NONE', #1790, .T. ) ;
#1082 = EDGE_CURVE ( 'NONE', #512, #1130, #761, .T. ) ;
#1083 = DIRECTION ( 'NONE',  ( 0.000000000000000000, -1.000000000000000000, 0.000000000000000000 ) ) ;
#1084 = CARTESIAN_POINT ( 'NONE',  ( 0.000000000000000000, 1.799999999999999600, 0.000000000000000000 ) ) ;
#1085 = VERTEX_POINT ( 'NONE', #2809 ) ;
#1086 = EDGE_LOOP ( 'NONE', ( #1835, #1020 ) ) ;
#1087 = CARTESIAN_POINT ( 'NONE',  ( -0.4059507042253537312, -2.500000000000000000, -4.707528972373827614 ) ) ;
#1088 = DIRECTION ( 'NONE',  ( 0.000000000000000000, 0.000000000000000000, -1.000000000000000000 ) ) ;
#1089 = CARTESIAN_POINT ( 'NONE',  ( 2.147261119828951195E-16, 0.000000000000000000, 0.000000000000000000 ) ) ;
#1090 = EDGE_LOOP ( 'NONE', ( #470, #3018, #1694, #3116, #541, #2012 ) ) ;
#1091 = CARTESIAN_POINT ( 'NONE',  ( -1.305720369672589642, -10.26390050722259062, -2.075119308957413367 ) ) ;
#1092 = DIRECTION ( 'NONE',  ( 0.000000000000000000, 1.000000000000000000, 0.000000000000000000 ) ) ;
#1093 = DIRECTION ( 'NONE',  ( -0.000000000000000000, 0.07845909572784560970, 0.9969173337331279638 ) ) ;
#1094 = EDGE_CURVE ( 'NONE', #512, #2091, #3213, .T. ) ;
#1095 = CARTESIAN_POINT ( 'NONE',  ( 7.099999999999999645, -2.500000000000000444, -2.100000000000000089 ) ) ;
#1096 = EDGE_CURVE ( 'NONE', #2542, #1462, #2018, .T. ) ;
#1097 = CYLINDRICAL_SURFACE ( 'NONE', #127, 4.114999999999998437 ) ;
#1098 = ORIENTED_EDGE ( 'NONE', *, *, #749, .F. ) ;
#1099 = VERTEX_POINT ( 'NONE', #1275 ) ;
#1100 = CIRCLE ( 'NONE', #1583, 2.666941363968367007 ) ;
#1101 = CARTESIAN_POINT ( 'NONE',  ( 0.4018169136819310649, -8.041323133531156131, 2.424107655778230619 ) ) ;
#1102 = CARTESIAN_POINT ( 'NONE',  ( 7.099999999999999645, -2.500000000000000444, 2.100000000000000089 ) ) ;
#1103 = PRODUCT_DEFINITION ( 'UNKNOWN', '', #2828, #2680 ) ;
#1104 = CARTESIAN_POINT ( 'NONE',  ( 7.099999999999999645, -8.439696961966999922, 2.100000000000000089 ) ) ;
#1105 = ORIENTED_EDGE ( 'NONE', *, *, #2037, .F. ) ;
#1106 = CONICAL_SURFACE ( 'NONE', #889, 3.100000000000000533, 0.2792526803190863993 ) ;
#1107 = CARTESIAN_POINT ( 'NONE',  ( 0.000000000000000000, -2.500000000000000000, -1.214306433183764966E-14 ) ) ;
#1108 = DIRECTION ( 'NONE',  ( 1.000000000000000000, 0.000000000000000000, 0.000000000000000000 ) ) ;
#1109 = DIRECTION ( 'NONE',  ( 0.000000000000000000, 0.000000000000000000, 1.000000000000000000 ) ) ;
#1110 =( GEOMETRIC_REPRESENTATION_CONTEXT ( 3 ) GLOBAL_UNCERTAINTY_ASSIGNED_CONTEXT ( ( #3357 ) ) GLOBAL_UNIT_ASSIGNED_CONTEXT ( ( #3131, #1385, #2422 ) ) REPRESENTATION_CONTEXT ( 'NONE', 'WORKASPACE' ) );
#1111 = ORIENTED_EDGE ( 'NONE', *, *, #537, .F. ) ;
#1112 = VECTOR ( 'NONE', #2320, 1000.000000000000000 ) ;
#1113 = DIRECTION ( 'NONE',  ( 1.000000000000000000, 0.000000000000000000, 0.000000000000000000 ) ) ;
#1114 = DIRECTION ( 'NONE',  ( 0.000000000000000000, -0.000000000000000000, -1.000000000000000000 ) ) ;
#1115 = DIRECTION ( 'NONE',  ( -0.000000000000000000, 1.000000000000000000, -0.000000000000000000 ) ) ;
#1116 = EDGE_LOOP ( 'NONE', ( #2554, #68, #2894 ) ) ;
#1117 = ORIENTED_EDGE ( 'NONE', *, *, #2441, .T. ) ;
#1118 = CARTESIAN_POINT ( 'NONE',  ( 7.099999999999999645, 0.000000000000000000, -3.673419846319648462E-37 ) ) ;
#1119 = CARTESIAN_POINT ( 'NONE',  ( -0.7874000000000003219, 0.01743392530025597922, -0.2215190242202207671 ) ) ;
#1120 = DIRECTION ( 'NONE',  ( 0.000000000000000000, 0.000000000000000000, -1.000000000000000000 ) ) ;
#1121 = VERTEX_POINT ( 'NONE', #1038 ) ;
#1122 = EDGE_CURVE ( 'NONE', #2493, #2640, #472, .T. ) ;
#1123 = PRODUCT_DEFINITION_CONTEXT ( 'detailed design', #1074, 'design' ) ;
#1124 = LINE ( 'NONE', #2490, #2411 ) ;
#1125 = DIRECTION ( 'NONE',  ( 0.000000000000000000, 0.000000000000000000, -1.000000000000000000 ) ) ;
#1126 = DIRECTION ( 'NONE',  ( -1.000000000000000000, 1.267491568863818782E-17, 0.000000000000000000 ) ) ;
#1127 = VERTEX_POINT ( 'NONE', #2 ) ;
#1128 = DIRECTION ( 'NONE',  ( 0.000000000000000000, -0.000000000000000000, -1.000000000000000000 ) ) ;
#1129 =( NAMED_UNIT ( * ) PLANE_ANGLE_UNIT ( ) SI_UNIT ( $, .RADIAN. ) );
#1130 = VERTEX_POINT ( 'NONE', #1303 ) ;
#1131 = ORIENTED_EDGE ( 'NONE', *, *, #2284, .T. ) ;
#1132 = DIRECTION ( 'NONE',  ( 0.000000000000000000, 1.000000000000000000, 0.000000000000000000 ) ) ;
#1133 = DIRECTION ( 'NONE',  ( -1.000000000000000000, 0.000000000000000000, 0.000000000000000000 ) ) ;
#1134 = DIRECTION ( 'NONE',  ( -0.000000000000000000, 1.000000000000000000, -0.000000000000000000 ) ) ;
#1135 = ADVANCED_FACE ( 'NONE', ( #3352 ), #746, .T. ) ;
#1136 = EDGE_LOOP ( 'NONE', ( #166, #1386 ) ) ;
#1137 = CARTESIAN_POINT ( 'NONE',  ( 7.099999999999999645, -2.500000000000000444, -3.673419846319648462E-37 ) ) ;
#1138 = EDGE_CURVE ( 'NONE', #2745, #1334, #449, .T. ) ;
#1139 = CARTESIAN_POINT ( 'NONE',  ( 0.1593881804880904196, 10.81255000000000344, 2.399999999999999023 ) ) ;
#1140 = CARTESIAN_POINT ( 'NONE',  ( -0.3999999999999998002, 0.7999999999999999334, 2.250680705112041657 ) ) ;
#1141 = ORIENTED_EDGE ( 'NONE', *, *, #2172, .T. ) ;
#1142 = APPLICATION_PROTOCOL_DEFINITION ( 'draft international standard', 'automotive_design', 1998, #546 ) ;
#1143 = ORIENTED_EDGE ( 'NONE', *, *, #434, .F. ) ;
#1144 = ORIENTED_EDGE ( 'NONE', *, *, #3309, .T. ) ;
#1145 = DIRECTION ( 'NONE',  ( 0.000000000000000000, -1.000000000000000000, 0.000000000000000000 ) ) ;
#1146 = PLANE ( 'NONE',  #2626 ) ;
#1147 = VERTEX_POINT ( 'NONE', #2314 ) ;
#1149 = CARTESIAN_POINT ( 'NONE',  ( 7.453542253521126426, -2.500000000000000000, -4.099784491284291121 ) ) ;
#1148 = CIRCLE ( 'NONE', #2294, 2.666941363968367007 ) ;
#1150 =( GEOMETRIC_REPRESENTATION_CONTEXT ( 3 ) GLOBAL_UNCERTAINTY_ASSIGNED_CONTEXT ( ( #1564 ) ) GLOBAL_UNIT_ASSIGNED_CONTEXT ( ( #1743, #1791, #178 ) ) REPRESENTATION_CONTEXT ( 'NONE', 'WORKASPACE' ) );
#1151 = CIRCLE ( 'NONE', #1751, 4.114999999999998437 ) ;
#1152 = ORIENTED_EDGE ( 'NONE', *, *, #1468, .T. ) ;
#1153 = CARTESIAN_POINT ( 'NONE',  ( 7.099999999999999645, 1.799999999999999600, 2.282436685593039360 ) ) ;
#1154 = CIRCLE ( 'NONE', #1584, 3.100000000000000089 ) ;
#1155 = ADVANCED_FACE ( 'NONE', ( #3338 ), #1504, .T. ) ;
#1156 = VECTOR ( 'NONE', #210, 1000.000000000000000 ) ;
#1157 = EDGE_CURVE ( 'NONE', #3293, #143, #794, .T. ) ;
#1158 = FACE_OUTER_BOUND ( 'NONE', #790, .T. ) ;
#1159 = CARTESIAN_POINT ( 'NONE',  ( -1.489672845360994424, -9.701955236781724778, 1.945248600716071863 ) ) ;
#1160 = ORIENTED_EDGE ( 'NONE', *, *, #749, .T. ) ;
#1161 = PRODUCT ( 'Landing-Taxi-Light-Switch_Base', 'Landing-Taxi-Light-Switch_Base', '', ( #891 ) ) ;
#1162 = ADVANCED_FACE ( 'NONE', ( #2581 ), #3088, .F. ) ;
#1163 = MECHANICAL_DESIGN_GEOMETRIC_PRESENTATION_REPRESENTATION (  '', ( #296 ), #2465 ) ;
#1164 = CARTESIAN_POINT ( 'NONE',  ( 0.000000000000000000, 7.499999999999996447, -1.734723475976807094E-15 ) ) ;
#1165 = AXIS2_PLACEMENT_3D ( 'NONE', #3054, #725, #2807 ) ;
#1166 = CARTESIAN_POINT ( 'NONE',  ( -0.4059507042253537312, -2.500000000000000000, 4.707528972373827614 ) ) ;
#1167 = CIRCLE ( 'NONE', #3064, 2.282436685593039360 ) ;
#1168 = CIRCLE ( 'NONE', #3065, 2.244444444444445796 ) ;
#1169 = ORIENTED_EDGE ( 'NONE', *, *, #344, .T. ) ;
#1170 = VERTEX_POINT ( 'NONE', #1256 ) ;
#1171 = SURFACE_STYLE_USAGE ( .BOTH. , #2625 ) ;
#1172 = DIRECTION ( 'NONE',  ( 0.000000000000000000, -0.000000000000000000, -1.000000000000000000 ) ) ;
#1173 = VECTOR ( 'NONE', #660, 1000.000000000000000 ) ;
#1174 = ORIENTED_EDGE ( 'NONE', *, *, #2649, .F. ) ;
#1175 = LINE ( 'NONE', #406, #2995 ) ;
#1176 = VERTEX_POINT ( 'NONE', #199 ) ;
#1177 = DIRECTION ( 'NONE',  ( -0.000000000000000000, 1.000000000000000000, -0.000000000000000000 ) ) ;
#1178 = CARTESIAN_POINT ( 'NONE',  ( 1.041698528139557434, -11.51675309024962779, 3.418190062393678730 ) ) ;
#1179 = ADVANCED_FACE ( 'NONE', ( #986, #2471 ), #1914, .F. ) ;
#1180 = CARTESIAN_POINT ( 'NONE',  ( -1.449916733388349366, -9.897054870401989390, 1.975059181653606943 ) ) ;
#1181 = VERTEX_POINT ( 'NONE', #3217 ) ;
#1182 = CARTESIAN_POINT ( 'NONE',  ( 0.000000000000000000, 7.280000000000003801, 1.779999999999999805 ) ) ;
#1183 = EDGE_CURVE ( 'NONE', #2985, #1935, #1450, .T. ) ;
#1184 = ORIENTED_EDGE ( 'NONE', *, *, #1345, .F. ) ;
#1185 = VERTEX_POINT ( 'NONE', #893 ) ;
#1186 =( NAMED_UNIT ( * ) PLANE_ANGLE_UNIT ( ) SI_UNIT ( $, .RADIAN. ) );
#1187 = CARTESIAN_POINT ( 'NONE',  ( 2.939152115440326437E-16, 10.81255000000000166, -2.399999999999998579 ) ) ;
#1188 = ORIENTED_EDGE ( 'NONE', *, *, #3314, .F. ) ;
#1189 = CARTESIAN_POINT ( 'NONE',  ( 7.347880794884120722E-16, 12.00000000000000000, 6.000000000000000888 ) ) ;
#1190 = ORIENTED_EDGE ( 'NONE', *, *, #431, .F. ) ;
#1191 = LINE ( 'NONE', #647, #1648 ) ;
#1192 = AXIS2_PLACEMENT_3D ( 'NONE', #722, #3071, #2756 ) ;
#1193 = DIRECTION ( 'NONE',  ( 0.000000000000000000, 0.000000000000000000, 1.000000000000000000 ) ) ;
#1194 = DIRECTION ( 'NONE',  ( -0.000000000000000000, 1.000000000000000000, -0.000000000000000000 ) ) ;
#1195 = FILL_AREA_STYLE ('',( #1461 ) ) ;
#1196 = EDGE_LOOP ( 'NONE', ( #1435, #1492, #1220, #1952, #1503, #1141, #3132, #1872, #1848 ) ) ;
#1197 =( NAMED_UNIT ( * ) PLANE_ANGLE_UNIT ( ) SI_UNIT ( $, .RADIAN. ) );
#1198 = EDGE_CURVE ( 'NONE', #702, #2493, #924, .T. ) ;
#1199 = B_SPLINE_CURVE_WITH_KNOTS ( 'NONE', 3,
 ( #832, #3176, #44, #1393, #2921, #597, #3156, #97, #905, #1942, #1139, #1344 ),
 .UNSPECIFIED., .F., .F.,
 ( 4, 2, 2, 2, 2, 4 ),
 ( 0.005661681078676697974, 0.006132556608932815574, 0.006603432139188934041, 0.006838869904316994576, 0.007074307669445055978, 0.007545183199701177915 ),
 .UNSPECIFIED. ) ;
#1200 = EDGE_CURVE ( 'NONE', #397, #2472, #2925, .T. ) ;
#1201 = EDGE_LOOP ( 'NONE', ( #37, #242, #2028, #1655 ) ) ;
#1202 = CYLINDRICAL_SURFACE ( 'NONE', #2276, 4.725000000000015632 ) ;
#1203 = EDGE_CURVE ( 'NONE', #1669, #1891, #603, .T. ) ;
#1204 = CARTESIAN_POINT ( 'NONE',  ( 1.489638922498363716, -9.702291821041873376, 1.945275660206392754 ) ) ;
#1205 = ORIENTED_EDGE ( 'NONE', *, *, #2962, .F. ) ;
#1206 = LINE ( 'NONE', #3292, #1422 ) ;
#1207 = VERTEX_POINT ( 'NONE', #1182 ) ;
#1208 = ADVANCED_FACE ( 'NONE', ( #1396 ), #2721, .T. ) ;
#1209 = CARTESIAN_POINT ( 'NONE',  ( -7.099999999999999645, 1.799999999999999600, 2.200000000000000622 ) ) ;
#1210 = DIRECTION ( 'NONE',  ( 0.000000000000000000, 0.000000000000000000, -1.000000000000000000 ) ) ;
#1211 = CARTESIAN_POINT ( 'NONE',  ( 1.385000000000001341, -1.755475822876390368E-17, 1.696135816819085490E-16 ) ) ;
#1212 = CIRCLE ( 'NONE', #114, 2.450000000000000622 ) ;
#1213 = LINE ( 'NONE', #2266, #1427 ) ;
#1214 = VECTOR ( 'NONE', #3330, 1000.000000000000000 ) ;
#1215 = ORIENTED_EDGE ( 'NONE', *, *, #3250, .F. ) ;
#1216 = CARTESIAN_POINT ( 'NONE',  ( 1.449844134854740618, -9.102591418437521398, 1.975113594316800780 ) ) ;
#1217 = CARTESIAN_POINT ( 'NONE',  ( 1.187449999999999228, 12.00000000000000178, 2.085656370905809798 ) ) ;
#1218 = AXIS2_PLACEMENT_3D ( 'NONE', #634, #2431, #649 ) ;
#1219 = PRESENTATION_LAYER_ASSIGNMENT (  '', '', ( #3222 ) ) ;
#1220 = ORIENTED_EDGE ( 'NONE', *, *, #1157, .T. ) ;
#1221 = MANIFOLD_SOLID_BREP ( 'ÇÐ³ý-À­Éì', #2250 ) ;
#1222 = AXIS2_PLACEMENT_3D ( 'NONE', #934, #1697, #1443 ) ;
#1223 = CARTESIAN_POINT ( 'NONE',  ( 1.740381068766230908E-13, -7.099999999998265032, 3.565000000000698055 ) ) ;
#1224 = CARTESIAN_POINT ( 'NONE',  ( -0.4059507042253537312, -2.500000000000000000, -4.707528972373827614 ) ) ;
#1225 = ORIENTED_EDGE ( 'NONE', *, *, #2052, .T. ) ;
#1226 = DIRECTION ( 'NONE',  ( -0.000000000000000000, -1.000000000000000000, 0.000000000000000000 ) ) ;
#1227 = ORIENTED_EDGE ( 'NONE', *, *, #91, .F. ) ;
#1228 = AXIS2_PLACEMENT_3D ( 'NONE', #1927, #2975, #2194 ) ;
#1229 = CARTESIAN_POINT ( 'NONE',  ( 0.000000000000000000, -6.900000000000001243, -2.450000000000000622 ) ) ;
#1230 = DIRECTION ( 'NONE',  ( 0.000000000000000000, 1.000000000000000000, -0.000000000000000000 ) ) ;
#1231 = ADVANCED_FACE ( 'NONE', ( #2180 ), #86, .T. ) ;
#1232 = DIRECTION ( 'NONE',  ( 0.000000000000000000, 0.000000000000000000, -1.000000000000000000 ) ) ;
#1233 = SURFACE_SIDE_STYLE ('',( #191 ) ) ;
#1234 = ORIENTED_EDGE ( 'NONE', *, *, #601, .T. ) ;
#1235 = PLANE ( 'NONE',  #2832 ) ;
#1236 = ORIENTED_EDGE ( 'NONE', *, *, #28, .F. ) ;
#1237 = MANIFOLD_SOLID_BREP ( '#4-48 Tapped Hole1', #1063 ) ;
#1238 = CARTESIAN_POINT ( 'NONE',  ( 0.000000000000000000, 7.280000000000003801, 0.000000000000000000 ) ) ;
#1239 = CARTESIAN_POINT ( 'NONE',  ( -1.711025717386670753, -8.528059161412942402, 3.127890398110446224 ) ) ;
#1240 = ORIENTED_EDGE ( 'NONE', *, *, #3246, .F. ) ;
#1241 =( GEOMETRIC_REPRESENTATION_CONTEXT ( 3 ) GLOBAL_UNCERTAINTY_ASSIGNED_CONTEXT ( ( #1803 ) ) GLOBAL_UNIT_ASSIGNED_CONTEXT ( ( #912, #1186, #124 ) ) REPRESENTATION_CONTEXT ( 'NONE', 'WORKASPACE' ) );
#1242 = DIRECTION ( 'NONE',  ( 8.659560562354910671E-17, -0.7071067811865493491, 0.7071067811865456854 ) ) ;
#1243 = ORIENTED_EDGE ( 'NONE', *, *, #2052, .F. ) ;
#1244 = DIRECTION ( 'NONE',  ( 0.000000000000000000, 0.000000000000000000, -1.000000000000000000 ) ) ;
#1245 = EDGE_CURVE ( 'NONE', #1962, #2659, #1357, .T. ) ;
#1246 = DIRECTION ( 'NONE',  ( 0.000000000000000000, 0.000000000000000000, 1.000000000000000000 ) ) ;
#1247 = EDGE_CURVE ( 'NONE', #1538, #687, #3033, .T. ) ;
#1248 = LINE ( 'NONE', #2816, #945 ) ;
#1249 = ORIENTED_EDGE ( 'NONE', *, *, #1695, .T. ) ;
#1250 = PRODUCT_DEFINITION_SHAPE ( 'NONE', 'NONE',  #3363 ) ;
#1251 = DIRECTION ( 'NONE',  ( -0.000000000000000000, 1.000000000000000000, -0.000000000000000000 ) ) ;
#1252 = ORIENTED_EDGE ( 'NONE', *, *, #304, .T. ) ;
#1253 = DIRECTION ( 'NONE',  ( -0.000000000000000000, 1.000000000000000000, -0.000000000000000000 ) ) ;
#1254 = CARTESIAN_POINT ( 'NONE',  ( 15.34999999999999964, -14.00000000000000000, -7.650000000000000355 ) ) ;
#1255 = ORIENTED_EDGE ( 'NONE', *, *, #1785, .F. ) ;
#1256 = CARTESIAN_POINT ( 'NONE',  ( 9.881138998510183769E-17, -11.00000000000000178, -2.450000000000001954 ) ) ;
#1257 = ORIENTED_EDGE ( 'NONE', *, *, #2461, .T. ) ;
#1258 = LINE ( 'NONE', #2851, #3207 ) ;
#1259 = CARTESIAN_POINT ( 'NONE',  ( -7.099999999999999645, -2.500000000000000000, 7.235327725112586064E-29 ) ) ;
#1260 = EDGE_CURVE ( 'NONE', #1121, #1176, #1267, .T. ) ;
#1261 = DIRECTION ( 'NONE',  ( -0.000000000000000000, 1.000000000000000000, -0.000000000000000000 ) ) ;
#1262 = CARTESIAN_POINT ( 'NONE',  ( 0.000000000000000000, 7.280000000000003801, 0.000000000000000000 ) ) ;
#1263 = ORIENTED_EDGE ( 'NONE', *, *, #574, .T. ) ;
#1264 = VECTOR ( 'NONE', #386, 1000.000000000000000 ) ;
#1265 = CONTEXT_DEPENDENT_SHAPE_REPRESENTATION ( #504, #1980 ) ;
#1266 = CARTESIAN_POINT ( 'NONE',  ( 0.000000000000000000, -13.00000000000000178, 0.000000000000000000 ) ) ;
#1267 = CIRCLE ( 'NONE', #1586, 2.450000000000000622 ) ;
#1268 = VERTEX_POINT ( 'NONE', #1283 ) ;
#1269 = EDGE_CURVE ( 'NONE', #3328, #795, #1053, .T. ) ;
#1270 = CIRCLE ( 'NONE', #2300, 6.000000000000000888 ) ;
#1271 = DIRECTION ( 'NONE',  ( 0.000000000000000000, 0.000000000000000000, 1.000000000000000000 ) ) ;
#1272 = CARTESIAN_POINT ( 'NONE',  ( 0.000000000000000000, 1.399999999999999689, 0.000000000000000000 ) ) ;
#1273 = DIRECTION ( 'NONE',  ( 0.000000000000000000, 1.000000000000000000, -0.000000000000000000 ) ) ;
#1274 = ORIENTED_EDGE ( 'NONE', *, *, #144, .F. ) ;
#1275 = CARTESIAN_POINT ( 'NONE',  ( 2.939152115440326437E-16, 10.81255000000000166, -2.399999999999998579 ) ) ;
#1276 = VERTEX_POINT ( 'NONE', #1217 ) ;
#1277 = DIRECTION ( 'NONE',  ( -0.000000000000000000, 1.000000000000000000, -0.000000000000000000 ) ) ;
#1278 = CARTESIAN_POINT ( 'NONE',  ( -1.155212110444101103, 12.31590796089807149, 2.104774768956342967 ) ) ;
#1279 = CIRCLE ( 'NONE', #1012, 2.832100000000000062 ) ;
#1280 = CARTESIAN_POINT ( 'NONE',  ( 0.1419893859389993740, -7.100000000000029843, 3.564999999999989289 ) ) ;
#1281 = AXIS2_PLACEMENT_3D ( 'NONE', #2495, #1734, #958 ) ;
#1282 = CARTESIAN_POINT ( 'NONE',  ( 7.099999999999999645, 0.000000000000000000, 3.100000000000000533 ) ) ;
#1283 = CARTESIAN_POINT ( 'NONE',  ( 0.4059507042253537312, -2.500000000000000000, -4.707528972373827614 ) ) ;
#1284 = EDGE_LOOP ( 'NONE', ( #2125, #2019, #954 ) ) ;
#1285 = CARTESIAN_POINT ( 'NONE',  ( -10.44263743172962045, -2.000000000000000000, -2.399999999999999911 ) ) ;
#1286 = SHAPE_REPRESENTATION ( 'Landing-Taxi-Light-Switch_Shaft', ( #113 ), #3051 ) ;
#1287 = PLANE ( 'NONE',  #2786 ) ;
#1288 = ADVANCED_FACE ( 'NONE', ( #2767 ), #686, .F. ) ;
#1289 = SURFACE_SIDE_STYLE ('',( #3318 ) ) ;
#1290 = DIRECTION ( 'NONE',  ( 0.000000000000000000, 0.000000000000000000, 1.000000000000000000 ) ) ;
#1291 = CARTESIAN_POINT ( 'NONE',  ( -1.125275293362438145, 11.61302594011446843, 2.120112162256186483 ) ) ;
#1292 = ORIENTED_EDGE ( 'NONE', *, *, #1403, .F. ) ;
#1293 = CARTESIAN_POINT ( 'NONE',  ( 1.187449999999999228, 12.00000000000000178, 2.399999999999998579 ) ) ;
#1294 = CARTESIAN_POINT ( 'NONE',  ( 7.347880794884120722E-16, 12.00000000000000000, 6.000000000000000888 ) ) ;
#1295 = DIRECTION ( 'NONE',  ( -0.000000000000000000, 1.000000000000000000, -0.000000000000000000 ) ) ;
#1296 = CARTESIAN_POINT ( 'NONE',  ( 15.34999999999999964, 0.000000000000000000, -7.650000000000000355 ) ) ;
#1297 = CIRCLE ( 'NONE', #2061, 1.779999999999999805 ) ;
#1298 = FACE_BOUND ( 'NONE', #492, .T. ) ;
#1299 = ORIENTED_EDGE ( 'NONE', *, *, #98, .T. ) ;
#1300 = EDGE_CURVE ( 'NONE', #262, #2387, #884, .T. ) ;
#1301 = DIRECTION ( 'NONE',  ( 0.000000000000000000, -0.000000000000000000, 1.000000000000000000 ) ) ;
#1302 = CARTESIAN_POINT ( 'NONE',  ( 0.3874278585098814842, 13.12520731626477932, 2.369668903747925714 ) ) ;
#1303 = CARTESIAN_POINT ( 'NONE',  ( 0.000000000000000000, 13.99999999999999645, 2.399999999999998579 ) ) ;
#1304 = EDGE_LOOP ( 'NONE', ( #553, #2777, #1117, #2451 ) ) ;
#1305 = CARTESIAN_POINT ( 'NONE',  ( 16.55000000000000071, -79.67771224477409930, 9.000000000000000000 ) ) ;
#1306 = DIRECTION ( 'NONE',  ( 0.000000000000000000, 0.000000000000000000, 1.000000000000000000 ) ) ;
#1307 = DIRECTION ( 'NONE',  ( -1.000000000000000000, 0.000000000000000000, 0.000000000000000000 ) ) ;
#1308 = EDGE_CURVE ( 'NONE', #1130, #1643, #1315, .T. ) ;
#1309 = LINE ( 'NONE', #1854, #3004 ) ;
#1310 = LINE ( 'NONE', #17, #2512 ) ;
#1311 = VECTOR ( 'NONE', #256, 1000.000000000000114 ) ;
#1312 = CIRCLE ( 'NONE', #284, 1.524000000000000021 ) ;
#1313 = EDGE_LOOP ( 'NONE', ( #276, #2723, #300, #2497 ) ) ;
#1314 = DIRECTION ( 'NONE',  ( -0.9963024280156237422, 0.000000000000000000, -0.08591549295774719708 ) ) ;
#1315 = CIRCLE ( 'NONE', #1698, 2.399999999999998579 ) ;
#1316 = CARTESIAN_POINT ( 'NONE',  ( -0.7874000000000003219, 2.832100000000000062, 0.000000000000000000 ) ) ;
#1317 = LINE ( 'NONE', #1863, #2954 ) ;
#1318 = EDGE_LOOP ( 'NONE', ( #2636, #2504 ) ) ;
#1319 = CIRCLE ( 'NONE', #1865, 2.399999999999998579 ) ;
#1320 = ORIENTED_EDGE ( 'NONE', *, *, #1061, .T. ) ;
#1321 = AXIS2_PLACEMENT_3D ( 'NONE', #2853, #1343, #2600 ) ;
#1322 = DIRECTION ( 'NONE',  ( -0.000000000000000000, 1.000000000000000000, -0.000000000000000000 ) ) ;
#1323 = DIRECTION ( 'NONE',  ( -1.000000000000000000, 0.000000000000000000, -0.000000000000000000 ) ) ;
#1324 = CARTESIAN_POINT ( 'NONE',  ( 0.4059507042253537312, -2.500000000000000000, 4.707528972373827614 ) ) ;
#1325 = ORIENTED_EDGE ( 'NONE', *, *, #990, .T. ) ;
#1326 = AXIS2_PLACEMENT_3D ( 'NONE', #2103, #2621, #1314 ) ;
#1327 = CARTESIAN_POINT ( 'NONE',  ( -0.7651814375163469295, -10.80502298169838227, -2.334888530759966940 ) ) ;
#1328 = ADVANCED_FACE ( 'NONE', ( #484 ), #173, .T. ) ;
#1329 = VECTOR ( 'NONE', #1736, 1000.000000000000000 ) ;
#1330 = CARTESIAN_POINT ( 'NONE',  ( -7.099999999999999645, 0.000000000000000000, 7.235327725112586064E-29 ) ) ;
#1331 = AXIS2_PLACEMENT_3D ( 'NONE', #3327, #1064, #532 ) ;
#1332 = CARTESIAN_POINT ( 'NONE',  ( 10.44263743172962045, -2.500000000000000000, -2.399999999999999911 ) ) ;
#1333 = FACE_OUTER_BOUND ( 'NONE', #1387, .T. ) ;
#1334 = VERTEX_POINT ( 'NONE', #1757 ) ;
#1335 = ORIENTED_EDGE ( 'NONE', *, *, #461, .F. ) ;
#1336 = DIRECTION ( 'NONE',  ( 0.000000000000000000, 0.000000000000000000, -1.000000000000000000 ) ) ;
#1337 = DIRECTION ( 'NONE',  ( -1.000000000000000000, 0.000000000000000000, -0.000000000000000000 ) ) ;
#1338 = EDGE_CURVE ( 'NONE', #1911, #1207, #3300, .T. ) ;
#1339 = CARTESIAN_POINT ( 'NONE',  ( 2.795178781268009611E-16, 1.399999999999999689, -2.282436685593039360 ) ) ;
#1340 = ORIENTED_EDGE ( 'NONE', *, *, #2588, .T. ) ;
#1341 = STYLED_ITEM ( 'NONE', ( #92 ), #3076 ) ;
#1342 = ADVANCED_FACE ( 'NONE', ( #2519 ), #1235, .F. ) ;
#1343 = DIRECTION ( 'NONE',  ( -0.000000000000000000, -1.000000000000000000, -0.000000000000000000 ) ) ;
#1344 = CARTESIAN_POINT ( 'NONE',  ( 2.003641573328415640E-15, 10.81254999999999100, 2.400000000000004352 ) ) ;
#1345 = EDGE_CURVE ( 'NONE', #2159, #2219, #3269, .T. ) ;
#1346 = DIRECTION ( 'NONE',  ( 0.000000000000000000, -1.000000000000000000, 0.000000000000000000 ) ) ;
#1347 = ORIENTED_EDGE ( 'NONE', *, *, #3145, .T. ) ;
#1348 = EDGE_CURVE ( 'NONE', #149, #3202, #2049, .T. ) ;
#1349 = VECTOR ( 'NONE', #2537, 1000.000000000000000 ) ;
#1350 = CARTESIAN_POINT ( 'NONE',  ( -0.7874000000000005439, 0.000000000000000000, 0.000000000000000000 ) ) ;
#1351 = DIRECTION ( 'NONE',  ( 0.000000000000000000, 0.000000000000000000, 1.000000000000000000 ) ) ;
#1352 = ORIENTED_EDGE ( 'NONE', *, *, #2216, .F. ) ;
#1353 = ORIENTED_EDGE ( 'NONE', *, *, #434, .T. ) ;
#1354 = DIRECTION ( 'NONE',  ( -1.000000000000000000, -0.000000000000000000, -1.224646799147353207E-16 ) ) ;
#1355 = DIRECTION ( 'NONE',  ( 0.000000000000000000, 0.000000000000000000, 1.000000000000000000 ) ) ;
#1356 = CARTESIAN_POINT ( 'NONE',  ( 3.011258899220922692E-16, -8.000000000000000000, 2.450000000000000622 ) ) ;
#1357 = B_SPLINE_CURVE_WITH_KNOTS ( 'NONE', 3,
 ( #2167, #1514, #2572, #756, #2031, #966, #3047, #2535, #245, #2303, #1997, #224, #2321, #1531 ),
 .UNSPECIFIED., .F., .F.,
 ( 4, 2, 2, 2, 2, 2, 4 ),
 ( 0.007223173099582451927, 0.007824075514078777591, 0.008424977928575104122, 0.008725429135823269122, 0.009025880343071434123, 0.009326331550319597388, 0.009626782757567762389 ),
 .UNSPECIFIED. ) ;
#1358 = ORIENTED_EDGE ( 'NONE', *, *, #115, .T. ) ;
#1359 = DIRECTION ( 'NONE',  ( 0.000000000000000000, 0.07845909572784560970, 0.9969173337331278528 ) ) ;
#1360 = CARTESIAN_POINT ( 'NONE',  ( -0.3999999999999998002, 2.200000000000000178, 2.540000000000000480 ) ) ;
#1361 = CARTESIAN_POINT ( 'NONE',  ( 1.740381068766230908E-13, -7.099999999998265032, 3.565000000000698055 ) ) ;
#1362 = VERTEX_POINT ( 'NONE', #996 ) ;
#1363 = CIRCLE ( 'NONE', #1740, 2.832100000000000062 ) ;
#1364 = PRODUCT_DEFINITION_FORMATION_WITH_SPECIFIED_SOURCE ( 'ANY', '', #2034, .NOT_KNOWN. ) ;
#1365 = EDGE_CURVE ( 'NONE', #1099, #1946, #960, .T. ) ;
#1366 = ORIENTED_EDGE ( 'NONE', *, *, #763, .T. ) ;
#1367 = ORIENTED_EDGE ( 'NONE', *, *, #1411, .T. ) ;
#1368 = AXIS2_PLACEMENT_3D ( 'NONE', #305, #2239, #2505 ) ;
#1369 = CARTESIAN_POINT ( 'NONE',  ( -3.471124060645565452E-14, -11.90000000000040181, 3.565000000000161595 ) ) ;
#1370 = LINE ( 'NONE', #318, #1750 ) ;
#1371 = VECTOR ( 'NONE', #2941, 1000.000000000000000 ) ;
#1372 = CARTESIAN_POINT ( 'NONE',  ( -0.7874000000000005439, 0.000000000000000000, 0.000000000000000000 ) ) ;
#1373 = ORIENTED_EDGE ( 'NONE', *, *, #1632, .F. ) ;
#1374 = VECTOR ( 'NONE', #2247, 1000.000000000000000 ) ;
#1375 = CARTESIAN_POINT ( 'NONE',  ( 7.099999999999999645, 1.799999999999999600, 2.200000000000000622 ) ) ;
#1376 = DIRECTION ( 'NONE',  ( -0.000000000000000000, -1.000000000000000000, -0.000000000000000000 ) ) ;
#1377 = AXIS2_PLACEMENT_3D ( 'NONE', #228, #474, #2310 ) ;
#1378 = AXIS2_PLACEMENT_3D ( 'NONE', #1137, #2647, #2174 ) ;
#1379 = CARTESIAN_POINT ( 'NONE',  ( 7.099999999999999645, 1.799999999999999600, -2.282436685593039360 ) ) ;
#1380 = EDGE_CURVE ( 'NONE', #301, #1559, #2510, .T. ) ;
#1381 = VECTOR ( 'NONE', #1855, 1000.000000000000000 ) ;
#1382 = DIRECTION ( 'NONE',  ( 8.376872587019634255E-33, 1.110223024625156540E-16, -1.000000000000000222 ) ) ;
#1383 =( LENGTH_UNIT ( ) NAMED_UNIT ( * ) SI_UNIT ( .MILLI., .METRE. ) );
#1384 = EDGE_CURVE ( 'NONE', #3083, #3328, #2352, .T. ) ;
#1385 =( NAMED_UNIT ( * ) PLANE_ANGLE_UNIT ( ) SI_UNIT ( $, .RADIAN. ) );
#1386 = ORIENTED_EDGE ( 'NONE', *, *, #1862, .F. ) ;
#1387 = EDGE_LOOP ( 'NONE', ( #2759, #864 ) ) ;
#1388 = EDGE_CURVE ( 'NONE', #1470, #2507, #789, .T. ) ;
#1389 = FACE_BOUND ( 'NONE', #758, .T. ) ;
#1390 = DIRECTION ( 'NONE',  ( 0.000000000000000000, 0.000000000000000000, -1.000000000000000000 ) ) ;
#1391 = EDGE_LOOP ( 'NONE', ( #385, #415, #122, #1897, #1521, #3268, #910, #669, #110, #2217 ) ) ;
#1392 = CARTESIAN_POINT ( 'NONE',  ( 1.500000000000000222, -9.601592841737339512, -1.937137062781053354 ) ) ;
#1393 = CARTESIAN_POINT ( 'NONE',  ( 1.035357798889045222, 11.39813323886471252, 2.166237568716288031 ) ) ;
#1394 = CARTESIAN_POINT ( 'NONE',  ( -0.2011263394143811278, -10.98980289382486575, 2.443718784318198445 ) ) ;
#1395 = APPLICATION_PROTOCOL_DEFINITION ( 'draft international standard', 'automotive_design', 1998, #3340 ) ;
#1396 = FACE_OUTER_BOUND ( 'NONE', #559, .T. ) ;
#1397 = DIRECTION ( 'NONE',  ( 0.000000000000000000, 0.000000000000000000, 1.000000000000000000 ) ) ;
#1398 = ORIENTED_EDGE ( 'NONE', *, *, #1801, .T. ) ;
#1399 = ORIENTED_EDGE ( 'NONE', *, *, #411, .T. ) ;
#1400 = AXIS2_PLACEMENT_3D ( 'NONE', #2692, #1711, #2741 ) ;
#1401 = ADVANCED_FACE ( 'NONE', ( #1843 ), #1106, .T. ) ;
#1402 = CARTESIAN_POINT ( 'NONE',  ( 1.540454478392659032, -13.00000000000000178, -3.214999999999999858 ) ) ;
#1403 = EDGE_CURVE ( 'NONE', #702, #3158, #16, .T. ) ;
#1404 = CARTESIAN_POINT ( 'NONE',  ( 0.000000000000000000, -13.00000000000000178, -1.214306433183764966E-14 ) ) ;
#1405 = ORIENTED_EDGE ( 'NONE', *, *, #1269, .T. ) ;
#1406 = DIRECTION ( 'NONE',  ( -1.000000000000000000, 0.000000000000000000, 0.000000000000000000 ) ) ;
#1407 = ORIENTED_EDGE ( 'NONE', *, *, #1082, .F. ) ;
#1408 = DIRECTION ( 'NONE',  ( 0.000000000000000000, 0.000000000000000000, -1.000000000000000000 ) ) ;
#1409 = FACE_OUTER_BOUND ( 'NONE', #3081, .T. ) ;
#1410 = CARTESIAN_POINT ( 'NONE',  ( 7.453542253521126426, -2.500000000000000000, -4.099784491284291121 ) ) ;
#1411 = EDGE_CURVE ( 'NONE', #2792, #748, #1310, .T. ) ;
#1412 = DIRECTION ( 'NONE',  ( 0.000000000000000000, 0.000000000000000000, 1.000000000000000000 ) ) ;
#1413 = ORIENTED_EDGE ( 'NONE', *, *, #491, .F. ) ;
#1414 = DIRECTION ( 'NONE',  ( 0.000000000000000000, -0.000000000000000000, -1.000000000000000000 ) ) ;
#1415 = ORIENTED_EDGE ( 'NONE', *, *, #1468, .F. ) ;
#1416 = ORIENTED_EDGE ( 'NONE', *, *, #496, .T. ) ;
#1417 = DIRECTION ( 'NONE',  ( 0.000000000000000000, -1.000000000000000000, 0.000000000000000000 ) ) ;
#1418 = CARTESIAN_POINT ( 'NONE',  ( -1.034611204752557301, 11.39676495884609864, -2.166603679299101248 ) ) ;
#1419 = ORIENTED_EDGE ( 'NONE', *, *, #1611, .F. ) ;
#1420 = DIRECTION ( 'NONE',  ( -0.000000000000000000, 1.000000000000000000, -0.000000000000000000 ) ) ;
#1421 = VECTOR ( 'NONE', #1516, 1000.000000000000000 ) ;
#1422 = VECTOR ( 'NONE', #952, 1000.000000000000000 ) ;
#1423 = ORIENTED_EDGE ( 'NONE', *, *, #2162, .T. ) ;
#1424 = CARTESIAN_POINT ( 'NONE',  ( 2.636138274066821552, -33.33896844186422470, -2.399999999999999911 ) ) ;
#1425 = PRESENTATION_LAYER_ASSIGNMENT (  '', '', ( #65 ) ) ;
#1426 = CARTESIAN_POINT ( 'NONE',  ( 0.000000000000000000, -6.900000000000001243, 0.000000000000000000 ) ) ;
#1427 = VECTOR ( 'NONE', #683, 1000.000000000000000 ) ;
#1428 = EDGE_CURVE ( 'NONE', #667, #282, #1270, .T. ) ;
#1429 = DIRECTION ( 'NONE',  ( -0.000000000000000000, 1.000000000000000000, -0.000000000000000000 ) ) ;
#1430 =( GEOMETRIC_REPRESENTATION_CONTEXT ( 3 ) GLOBAL_UNCERTAINTY_ASSIGNED_CONTEXT ( ( #3093 ) ) GLOBAL_UNIT_ASSIGNED_CONTEXT ( ( #2557, #1817, #251 ) ) REPRESENTATION_CONTEXT ( 'NONE', 'WORKASPACE' ) );
#1431 = ORIENTED_EDGE ( 'NONE', *, *, #642, .T. ) ;
#1432 = CARTESIAN_POINT ( 'NONE',  ( 3.214999999999995417, 19.49999999999999645, -8.010750355581288125E-15 ) ) ;
#1433 = CIRCLE ( 'NONE', #1222, 2.100000000000000089 ) ;
#1434 = VECTOR ( 'NONE', #1772, 1000.000000000000000 ) ;
#1435 = ORIENTED_EDGE ( 'NONE', *, *, #1965, .T. ) ;
#1436 = EDGE_LOOP ( 'NONE', ( #1033, #1448, #762, #872 ) ) ;
#1437 = DIRECTION ( 'NONE',  ( 0.000000000000000000, 1.000000000000000000, -0.000000000000000000 ) ) ;
#1438 = CARTESIAN_POINT ( 'NONE',  ( 0.000000000000000000, -2.388911183883944744, 0.000000000000000000 ) ) ;
#1439 = CIRCLE ( 'NONE', #135, 2.282436685593039360 ) ;
#1440 = VERTEX_POINT ( 'NONE', #1332 ) ;
#1441 = CARTESIAN_POINT ( 'NONE',  ( -16.55000000000000071, -14.00000000000000000, -9.000000000000001776 ) ) ;
#1442 = ORIENTED_EDGE ( 'NONE', *, *, #1094, .T. ) ;
#1443 = DIRECTION ( 'NONE',  ( 0.000000000000000000, 0.000000000000000000, -1.000000000000000000 ) ) ;
#1444 = CARTESIAN_POINT ( 'NONE',  ( 1.239208932156621090, -11.31612685159106313, 3.347085099310552536 ) ) ;
#1445 = EDGE_CURVE ( 'NONE', #2359, #1631, #1701, .T. ) ;
#1446 = EDGE_CURVE ( 'NONE', #456, #2792, #182, .T. ) ;
#1447 = FACE_OUTER_BOUND ( 'NONE', #993, .T. ) ;
#1448 = ORIENTED_EDGE ( 'NONE', *, *, #2345, .T. ) ;
#1449 = ADVANCED_FACE ( 'NONE', ( #3157, #1081 ), #833, .T. ) ;
#1450 = LINE ( 'NONE', #1898, #2888 ) ;
#1451 = ORIENTED_EDGE ( 'NONE', *, *, #1384, .T. ) ;
#1452 = EDGE_CURVE ( 'NONE', #3299, #1935, #1976, .T. ) ;
#1453 = CARTESIAN_POINT ( 'NONE',  ( 16.55000000000000071, -14.00000000000000000, -9.000000000000001776 ) ) ;
#1454 = LINE ( 'NONE', #2221, #1545 ) ;
#1455 = VERTEX_POINT ( 'NONE', #47 ) ;
#1456 = DIRECTION ( 'NONE',  ( -1.000000000000000000, -0.000000000000000000, -0.000000000000000000 ) ) ;
#1457 = EDGE_LOOP ( 'NONE', ( #2766, #1821, #2847, #1725 ) ) ;
#1458 = PLANE ( 'NONE',  #2515 ) ;
#1459 = CARTESIAN_POINT ( 'NONE',  ( 0.000000000000000000, -2.388911183883944744, 2.399999999999998579 ) ) ;
#1460 = CARTESIAN_POINT ( 'NONE',  ( 0.000000000000000000, -6.900000000000001243, 0.000000000000000000 ) ) ;
#1461 = FILL_AREA_STYLE_COLOUR ( '', #2414 ) ;
#1462 = VERTEX_POINT ( 'NONE', #816 ) ;
#1463 = CARTESIAN_POINT ( 'NONE',  ( -1.870112127915864120, -9.785273121575231769, 3.035112127915870150 ) ) ;
#1464 = CARTESIAN_POINT ( 'NONE',  ( 0.000000000000000000, 13.99999999999999645, 0.000000000000000000 ) ) ;
#1465 = ORIENTED_EDGE ( 'NONE', *, *, #2063, .T. ) ;
#1466 = DIRECTION ( 'NONE',  ( 0.000000000000000000, 0.000000000000000000, -1.000000000000000000 ) ) ;
#1467 = DIRECTION ( 'NONE',  ( 0.000000000000000000, 0.000000000000000000, 1.000000000000000000 ) ) ;
#1468 = EDGE_CURVE ( 'NONE', #2476, #652, #1856, .T. ) ;
#1469 = DIRECTION ( 'NONE',  ( -0.9963024280156237422, 0.000000000000000000, 0.08591549295774721096 ) ) ;
#1470 = VERTEX_POINT ( 'NONE', #1361 ) ;
#1471 = LINE ( 'NONE', #3002, #2348 ) ;
#1472 = EDGE_LOOP ( 'NONE', ( #1073, #2913 ) ) ;
#1473 = CARTESIAN_POINT ( 'NONE',  ( 3.266061204897536972E-16, 1.510254942326796801, -2.666941363968367451 ) ) ;
#1474 = VECTOR ( 'NONE', #55, 1000.000000000000000 ) ;
#1475 = CARTESIAN_POINT ( 'NONE',  ( 0.2018521665537291454, -8.010293933916701192, -2.443659477178246053 ) ) ;
#1476 = CIRCLE ( 'NONE', #938, 4.725000000000016520 ) ;
#1477 = FACE_OUTER_BOUND ( 'NONE', #1602, .T. ) ;
#1478 = FACE_OUTER_BOUND ( 'NONE', #3097, .T. ) ;
#1479 = AXIS2_PLACEMENT_3D ( 'NONE', #3102, #3320, #1834 ) ;
#1480 = ORIENTED_EDGE ( 'NONE', *, *, #3013, .F. ) ;
#1481 = DIRECTION ( 'NONE',  ( -1.000000000000000000, 0.000000000000000000, 0.000000000000000000 ) ) ;
#1482 = VECTOR ( 'NONE', #3358, 1000.000000000000000 ) ;
#1483 = EDGE_LOOP ( 'NONE', ( #18, #1934 ) ) ;
#1484 = VECTOR ( 'NONE', #805, 1000.000000000000000 ) ;
#1485 = VECTOR ( 'NONE', #3336, 1000.000000000000000 ) ;
#1486 = CARTESIAN_POINT ( 'NONE',  ( 7.099999999999999645, -8.439696961966999922, -2.100000000000000089 ) ) ;
#1487 = EDGE_CURVE ( 'NONE', #2655, #2137, #615, .T. ) ;
#1488 = CARTESIAN_POINT ( 'NONE',  ( 1.385000000000001563, -7.600000000000000533, 1.696135816819085983E-16 ) ) ;
#1489 = CARTESIAN_POINT ( 'NONE',  ( 10.44263743172962045, -2.000000000000000000, -2.399999999999999911 ) ) ;
#1490 = VERTEX_POINT ( 'NONE', #3096 ) ;
#1491 = DIRECTION ( 'NONE',  ( 0.000000000000000000, 0.000000000000000000, 1.000000000000000000 ) ) ;
#1492 = ORIENTED_EDGE ( 'NONE', *, *, #933, .T. ) ;
#1493 = ADVANCED_FACE ( 'NONE', ( #2129 ), #582, .T. ) ;
#1494 = VECTOR ( 'NONE', #1092, 1000.000000000000000 ) ;
#1495 = CARTESIAN_POINT ( 'NONE',  ( -7.099999999999999645, 0.000000000000000000, 7.235327725112586064E-29 ) ) ;
#1496 = CARTESIAN_POINT ( 'NONE',  ( 0.7657623482449309460, -8.195290400283305132, -2.334710525821861005 ) ) ;
#1497 = DIRECTION ( 'NONE',  ( -1.000000000000000000, 0.000000000000000000, 0.000000000000000000 ) ) ;
#1498 = ORIENTED_EDGE ( 'NONE', *, *, #481, .F. ) ;
#1499 = DIRECTION ( 'NONE',  ( 1.000000000000000000, -0.000000000000000000, -0.000000000000000000 ) ) ;
#1500 = ORIENTED_EDGE ( 'NONE', *, *, #1846, .F. ) ;
#1501 = DIRECTION ( 'NONE',  ( 0.000000000000000000, -0.000000000000000000, 1.000000000000000000 ) ) ;
#1502 = CARTESIAN_POINT ( 'NONE',  ( -1.385000000000000897, 6.646482799141129050, 0.000000000000000000 ) ) ;
#1503 = ORIENTED_EDGE ( 'NONE', *, *, #914, .T. ) ;
#1504 = SPHERICAL_SURFACE ( 'NONE', #1532, 2.244444444444445796 ) ;
#1505 = EDGE_CURVE ( 'NONE', #1490, #2819, #2066, .T. ) ;
#1506 = ORIENTED_EDGE ( 'NONE', *, *, #1556, .F. ) ;
#1507 = CARTESIAN_POINT ( 'NONE',  ( 16.55000000000000071, -21.00000000000000355, 9.000000000000000000 ) ) ;
#1508 = CARTESIAN_POINT ( 'NONE',  ( -0.3881949686947169798, 13.12489850622140963, -2.369524644034556538 ) ) ;
#1509 = DIRECTION ( 'NONE',  ( 0.000000000000000000, 0.000000000000000000, -1.000000000000000000 ) ) ;
#1510 = ADVANCED_FACE ( 'NONE', ( #1298, #1910 ), #2976, .F. ) ;
#1511 = FACE_OUTER_BOUND ( 'NONE', #626, .T. ) ;
#1512 = ORIENTED_EDGE ( 'NONE', *, *, #2139, .F. ) ;
#1513 = ITEM_DEFINED_TRANSFORMATION ( 'NONE', 'NONE', #2771,  #113 ) ;
#1514 = CARTESIAN_POINT ( 'NONE',  ( -1.499999999999999778, -9.298771689490752834, -1.937137062781052466 ) ) ;
#1515 = EDGE_LOOP ( 'NONE', ( #880, #2811, #3133, #684 ) ) ;
#1516 = DIRECTION ( 'NONE',  ( -0.000000000000000000, -0.000000000000000000, -1.000000000000000000 ) ) ;
#1517 = DIRECTION ( 'NONE',  ( 0.000000000000000000, 0.000000000000000000, -1.000000000000000000 ) ) ;
#1518 = CARTESIAN_POINT ( 'NONE',  ( 1.187449999999999228, 12.00000000000000178, -2.085656370905809798 ) ) ;
#1519 = CARTESIAN_POINT ( 'NONE',  ( 1.155061942598019975, 12.31562280541107768, 2.104825729191129202 ) ) ;
#1520 = LINE ( 'NONE', #526, #2998 ) ;
#1521 = ORIENTED_EDGE ( 'NONE', *, *, #2936, .F. ) ;
#1522 = DIRECTION ( 'NONE',  ( -0.000000000000000000, -0.000000000000000000, 1.000000000000000000 ) ) ;
#1523 = DIRECTION ( 'NONE',  ( 0.9963024280156237422, 0.000000000000000000, -0.08591549295774719708 ) ) ;
#1524 = CIRCLE ( 'NONE', #331, 2.100000000000000089 ) ;
#1525 = VECTOR ( 'NONE', #2157, 1000.000000000000227 ) ;
#1526 = CARTESIAN_POINT ( 'NONE',  ( -0.2009726979992129681, -10.98985297538865602, -2.443748770228113987 ) ) ;
#1527 = CARTESIAN_POINT ( 'NONE',  ( 0.000000000000000000, -2.500000000000000000, 4.725000000000004086 ) ) ;
#1528 = VECTOR ( 'NONE', #3090, 1000.000000000000000 ) ;
#1529 = VERTEX_POINT ( 'NONE', #2937 ) ;
#1530 = EDGE_CURVE ( 'NONE', #3158, #702, #1319, .T. ) ;
#1531 = CARTESIAN_POINT ( 'NONE',  ( -2.781381497271572281E-16, -7.999999999999998224, -2.450000000000001954 ) ) ;
#1532 = AXIS2_PLACEMENT_3D ( 'NONE', #2057, #3056, #1539 ) ;
#1533 = VERTEX_POINT ( 'NONE', #1679 ) ;
#1534 = AXIS2_PLACEMENT_3D ( 'NONE', #961, #3310, #1977 ) ;
#1535 = CARTESIAN_POINT ( 'NONE',  ( 0.000000000000000000, -13.00000000000000178, 3.564999999999999947 ) ) ;
#1536 = DIRECTION ( 'NONE',  ( -1.000000000000000000, 0.000000000000000000, 0.000000000000000000 ) ) ;
#1537 = DIRECTION ( 'NONE',  ( 1.000000000000000000, 0.000000000000000000, 0.000000000000000000 ) ) ;
#1538 = VERTEX_POINT ( 'NONE', #1649 ) ;
#1539 = DIRECTION ( 'NONE',  ( 0.000000000000000000, 0.000000000000000000, -1.000000000000000000 ) ) ;
#1540 = VERTEX_POINT ( 'NONE', #906 ) ;
#1541 = SHAPE_REPRESENTATION ( 'Landing-Taxi-Light-Switch-Assy', ( #609, #1915, #2663, #822, #2771, #60 ), #503 ) ;
#1542 = DIRECTION ( 'NONE',  ( 0.000000000000000000, 1.000000000000000000, -0.000000000000000000 ) ) ;
#1543 = VECTOR ( 'NONE', #87, 1000.000000000000000 ) ;
#1544 = PRODUCT_DEFINITION_SHAPE ( 'NONE', 'NONE',  #1955 ) ;
#1545 = VECTOR ( 'NONE', #1937, 1000.000000000000000 ) ;
#1546 = DIRECTION ( 'NONE',  ( 0.08591549295774721096, -0.000000000000000000, 0.9963024280156238532 ) ) ;
#1547 = AXIS2_PLACEMENT_3D ( 'NONE', #1330, #2299, #1787 ) ;
#1548 = ADVANCED_BREP_SHAPE_REPRESENTATION ( '', ( #1237, #113 ), #3051 ) ;
#1549 = CARTESIAN_POINT ( 'NONE',  ( -0.4937961592991036430, -10.91979303309728522, -2.401529122019960827 ) ) ;
#1550 = LINE ( 'NONE', #1808, #2520 ) ;
#1551 = EDGE_CURVE ( 'NONE', #255, #1947, #1644, .T. ) ;
#1552 = CARTESIAN_POINT ( 'NONE',  ( -7.099999999999999645, 0.000000000000000000, -3.100000000000000533 ) ) ;
#1553 = EDGE_LOOP ( 'NONE', ( #2274, #973, #915, #145 ) ) ;
#1554 = SHAPE_REPRESENTATION_RELATIONSHIP ( 'NONE' , 'NONE' ,  #716, #2200 ) ;
#1555 = FACE_OUTER_BOUND ( 'NONE', #1116, .T. ) ;
#1556 = EDGE_CURVE ( 'NONE', #505, #1940, #2085, .T. ) ;
#1557 = ORIENTED_EDGE ( 'NONE', *, *, #2574, .T. ) ;
#1558 = CARTESIAN_POINT ( 'NONE',  ( -0.7333413436935337648, 11.05370097743397118, 2.288102325948825122 ) ) ;
#1559 = VERTEX_POINT ( 'NONE', #1896 ) ;
#1560 = DIRECTION ( 'NONE',  ( -1.224646799147353207E-16, 0.000000000000000000, 1.000000000000000000 ) ) ;
#1561 = DIRECTION ( 'NONE',  ( -0.000000000000000000, 1.000000000000000000, -0.000000000000000000 ) ) ;
#1562 = CIRCLE ( 'NONE', #2110, 2.100000000000000089 ) ;
#1563 = CARTESIAN_POINT ( 'NONE',  ( -0.7874000000000005439, 0.2222040050108320675, 2.823369580865592088 ) ) ;
#1564 = UNCERTAINTY_MEASURE_WITH_UNIT (LENGTH_MEASURE( 1.000000000000000082E-05 ), #1743, 'distance_accuracy_value', 'NONE');
#1565 = DIRECTION ( 'NONE',  ( 0.000000000000000000, 0.000000000000000000, -1.000000000000000000 ) ) ;
#1566 = CARTESIAN_POINT ( 'NONE',  ( -0.7874000000000005439, -0.2222040050108315956, 2.823369580865591644 ) ) ;
#1567 = CARTESIAN_POINT ( 'NONE',  ( 1.036233537500574009, 11.39999508144273044, -2.165797658430336892 ) ) ;
#1568 = ORIENTED_EDGE ( 'NONE', *, *, #1975, .F. ) ;
#1569 =( LENGTH_UNIT ( ) NAMED_UNIT ( * ) SI_UNIT ( .MILLI., .METRE. ) );
#1570 = DIRECTION ( 'NONE',  ( -0.000000000000000000, -0.000000000000000000, -1.000000000000000000 ) ) ;
#1571 = DIRECTION ( 'NONE',  ( -0.000000000000000000, 1.000000000000000000, -0.000000000000000000 ) ) ;
#1572 = DIRECTION ( 'NONE',  ( 0.000000000000000000, 1.000000000000000000, 0.000000000000000000 ) ) ;
#1573 = DIRECTION ( 'NONE',  ( 1.000000000000000000, -1.267491568863818782E-17, 0.000000000000000000 ) ) ;
#1574 = ORIENTED_EDGE ( 'NONE', *, *, #3296, .F. ) ;
#1575 = CARTESIAN_POINT ( 'NONE',  ( 3.011258899220922692E-16, -8.000000000000000000, 2.450000000000000622 ) ) ;
#1576 = EDGE_CURVE ( 'NONE', #1334, #2745, #121, .T. ) ;
#1577 = DIRECTION ( 'NONE',  ( 0.000000000000000000, 1.000000000000000000, 0.000000000000000000 ) ) ;
#1578 = CARTESIAN_POINT ( 'NONE',  ( -0.6034054552360313961, 13.03448406520559288, -2.327503243009313660 ) ) ;
#1579 = CARTESIAN_POINT ( 'NONE',  ( 0.000000000000000000, 0.000000000000000000, 0.000000000000000000 ) ) ;
#1580 = DIRECTION ( 'NONE',  ( -0.000000000000000000, 1.000000000000000000, -0.000000000000000000 ) ) ;
#1581 = DIRECTION ( 'NONE',  ( 0.000000000000000000, 0.000000000000000000, -1.000000000000000000 ) ) ;
#1582 =( GEOMETRIC_REPRESENTATION_CONTEXT ( 3 ) GLOBAL_UNCERTAINTY_ASSIGNED_CONTEXT ( ( #959 ) ) GLOBAL_UNIT_ASSIGNED_CONTEXT ( ( #19, #771, #313 ) ) REPRESENTATION_CONTEXT ( 'NONE', 'WORKASPACE' ) );
#1583 = AXIS2_PLACEMENT_3D ( 'NONE', #2814, #515, #2377 ) ;
#1584 = AXIS2_PLACEMENT_3D ( 'NONE', #2930, #286, #1640 ) ;
#1585 = FACE_OUTER_BOUND ( 'NONE', #3075, .T. ) ;
#1586 = AXIS2_PLACEMENT_3D ( 'NONE', #1266, #1982, #2820 ) ;
#1587 = PRESENTATION_STYLE_ASSIGNMENT (( #1619 ) ) ;
#1588 = ORIENTED_EDGE ( 'NONE', *, *, #1842, .F. ) ;
#1589 = AXIS2_PLACEMENT_3D ( 'NONE', #2749, #3325, #713 ) ;
#1590 = ORIENTED_EDGE ( 'NONE', *, *, #2305, .F. ) ;
#1591 = EDGE_CURVE ( 'NONE', #795, #1729, #2989, .T. ) ;
#1592 = SURFACE_STYLE_FILL_AREA ( #556 ) ;
#1593 = DIRECTION ( 'NONE',  ( 0.000000000000000000, -0.07845909572784560970, 0.9969173337331279638 ) ) ;
#1594 = CARTESIAN_POINT ( 'NONE',  ( -1.540454478392659476, -13.00000000000000178, -3.214999999999999858 ) ) ;
#1595 = EDGE_CURVE ( 'NONE', #2705, #1185, #831, .T. ) ;
#1596 = ORIENTED_EDGE ( 'NONE', *, *, #3048, .T. ) ;
#1597 = VECTOR ( 'NONE', #1571, 1000.000000000000000 ) ;
#1598 = FACE_OUTER_BOUND ( 'NONE', #657, .T. ) ;
#1599 = FACE_OUTER_BOUND ( 'NONE', #2467, .T. ) ;
#1600 = CIRCLE ( 'NONE', #1281, 2.285949176242472181 ) ;
#1601 = CARTESIAN_POINT ( 'NONE',  ( -0.7874000000000003219, 0.01743392530025597922, 0.2215190242202207671 ) ) ;
#1602 = EDGE_LOOP ( 'NONE', ( #1721, #587, #159, #2536, #2651 ) ) ;
#1603 = CARTESIAN_POINT ( 'NONE',  ( 15.34999999999999964, -14.00000000000000000, 7.650000000000000355 ) ) ;
#1604 = CARTESIAN_POINT ( 'NONE',  ( 0.4000000000000001887, -0.3662727272727272498, 0.000000000000000000 ) ) ;
#1605 = ORIENTED_EDGE ( 'NONE', *, *, #1651, .T. ) ;
#1606 = EDGE_LOOP ( 'NONE', ( #2341, #2521 ) ) ;
#1607 = DIRECTION ( 'NONE',  ( 1.776356839400250465E-15, 0.000000000000000000, -1.000000000000000000 ) ) ;
#1608 = CARTESIAN_POINT ( 'NONE',  ( 0.000000000000000000, 12.00000000000000000, 0.000000000000000000 ) ) ;
#1609 = ADVANCED_FACE ( 'NONE', ( #2215 ), #3245, .F. ) ;
#1610 = FACE_OUTER_BOUND ( 'NONE', #1683, .T. ) ;
#1611 = EDGE_CURVE ( 'NONE', #2754, #365, #3231, .T. ) ;
#1612 = ORIENTED_EDGE ( 'NONE', *, *, #1198, .T. ) ;
#1613 = DIRECTION ( 'NONE',  ( 0.000000000000000000, -1.000000000000000000, 0.000000000000000000 ) ) ;
#1614 = CYLINDRICAL_SURFACE ( 'NONE', #2957, 6.000000000000000888 ) ;
#1615 = ADVANCED_FACE ( 'NONE', ( #2736 ), #2027, .T. ) ;
#1616 = CARTESIAN_POINT ( 'NONE',  ( 0.000000000000000000, -2.500000000000000000, -1.214306433183764966E-14 ) ) ;
#1617 = VERTEX_POINT ( 'NONE', #1140 ) ;
#1618 = CARTESIAN_POINT ( 'NONE',  ( -34.92499999999994742, 0.000000000000000000, 0.000000000000000000 ) ) ;
#1619 = SURFACE_STYLE_USAGE ( .BOTH. , #21 ) ;
#1620 = ORIENTED_EDGE ( 'NONE', *, *, #2789, .T. ) ;
#1621 = ORIENTED_EDGE ( 'NONE', *, *, #238, .F. ) ;
#1622 = CARTESIAN_POINT ( 'NONE',  ( 0.000000000000000000, 1.355555555555554070, 0.000000000000000000 ) ) ;
#1623 = PLANE ( 'NONE',  #2130 ) ;
#1624 = CARTESIAN_POINT ( 'NONE',  ( -2.636138274066821552, -2.000000000000000000, -2.399999999999999911 ) ) ;
#1625 = ORIENTED_EDGE ( 'NONE', *, *, #1768, .T. ) ;
#1626 = PRODUCT_DEFINITION_CONTEXT ( 'detailed design', #2236, 'design' ) ;
#1627 = DIRECTION ( 'NONE',  ( 0.000000000000000000, -0.000000000000000000, -1.000000000000000000 ) ) ;
#1628 = DIRECTION ( 'NONE',  ( 0.000000000000000000, 0.000000000000000000, 1.000000000000000000 ) ) ;
#1629 = EDGE_CURVE ( 'NONE', #369, #328, #1943, .T. ) ;
#1630 = CARTESIAN_POINT ( 'NONE',  ( -1.306230222717301270, -10.26278252235885446, 2.074776776555226743 ) ) ;
#1631 = VERTEX_POINT ( 'NONE', #1379 ) ;
#1632 = EDGE_CURVE ( 'NONE', #606, #3232, #3218, .T. ) ;
#1633 = APPLICATION_PROTOCOL_DEFINITION ( 'draft international standard', 'automotive_design', 1998, #673 ) ;
#1634 = VECTOR ( 'NONE', #2610, 1000.000000000000000 ) ;
#1635 = FILL_AREA_STYLE_COLOUR ( '', #3057 ) ;
#1636 = CARTESIAN_POINT ( 'NONE',  ( 0.000000000000000000, 0.2222040050108315679, 2.823369580865591200 ) ) ;
#1637 = ORIENTED_EDGE ( 'NONE', *, *, #907, .F. ) ;
#1638 = ORIENTED_EDGE ( 'NONE', *, *, #2962, .T. ) ;
#1639 = TOROIDAL_SURFACE ( 'NONE', #2022, 2.282436685593039360, 0.3999999999999995226 ) ;
#1640 = DIRECTION ( 'NONE',  ( 0.000000000000000000, 0.000000000000000000, -1.000000000000000000 ) ) ;
#1641 = AXIS2_PLACEMENT_3D ( 'NONE', #1017, #2285, #1481 ) ;
#1642 = LINE ( 'NONE', #2658, #2615 ) ;
#1643 = VERTEX_POINT ( 'NONE', #2163 ) ;
#1644 = CIRCLE ( 'NONE', #398, 4.114999999999998437 ) ;
#1645 = CIRCLE ( 'NONE', #2673, 2.200000000000000622 ) ;
#1646 = LINE ( 'NONE', #2237, #1922 ) ;
#1647 = CARTESIAN_POINT ( 'NONE',  ( 0.000000000000000000, -6.900000000000001243, -2.450000000000000622 ) ) ;
#1648 = VECTOR ( 'NONE', #111, 1000.000000000000000 ) ;
#1649 = CARTESIAN_POINT ( 'NONE',  ( 16.55000000000000071, -21.00000000000000355, -9.000000000000001776 ) ) ;
#1650 = EDGE_CURVE ( 'NONE', #2609, #1900, #2177, .T. ) ;
#1651 = EDGE_CURVE ( 'NONE', #194, #2004, #3282, .T. ) ;
#1652 = APPLICATION_PROTOCOL_DEFINITION ( 'draft international standard', 'automotive_design', 1998, #3209 ) ;
#1653 = FILL_AREA_STYLE ('',( #3195 ) ) ;
#1654 = CARTESIAN_POINT ( 'NONE',  ( 3.000384657911016356E-16, -6.900000000000001243, 2.450000000000000622 ) ) ;
#1655 = ORIENTED_EDGE ( 'NONE', *, *, #3356, .T. ) ;
#1656 = ORIENTED_EDGE ( 'NONE', *, *, #1862, .T. ) ;
#1657 = CARTESIAN_POINT ( 'NONE',  ( 0.000000000000000000, 0.000000000000000000, 0.000000000000000000 ) ) ;
#1658 = CARTESIAN_POINT ( 'NONE',  ( -15.34999999999999964, 0.000000000000000000, 7.650000000000000355 ) ) ;
#1659 = EDGE_CURVE ( 'NONE', #2091, #512, #2619, .T. ) ;
#1660 = ORIENTED_EDGE ( 'NONE', *, *, #1950, .F. ) ;
#1661 = VERTEX_POINT ( 'NONE', #939 ) ;
#1662 = DIRECTION ( 'NONE',  ( 0.000000000000000000, 0.000000000000000000, -1.000000000000000000 ) ) ;
#1663 = DIRECTION ( 'NONE',  ( 0.000000000000000000, 0.000000000000000000, 1.000000000000000000 ) ) ;
#1664 = CARTESIAN_POINT ( 'NONE',  ( 1.385000000000001341, 6.646482799141129050, 1.696135816819085490E-16 ) ) ;
#1665 = CARTESIAN_POINT ( 'NONE',  ( 7.099999999999999645, -2.000000000000000000, -3.673419846319648462E-37 ) ) ;
#1666 = ORIENTED_EDGE ( 'NONE', *, *, #1908, .F. ) ;
#1667 = SHAPE_DEFINITION_REPRESENTATION ( #2193, #1541 ) ;
#1668 = PRESENTATION_STYLE_ASSIGNMENT (( #909 ) ) ;
#1669 = VERTEX_POINT ( 'NONE', #1786 ) ;
#1670 = ORIENTED_EDGE ( 'NONE', *, *, #1595, .T. ) ;
#1671 = DIRECTION ( 'NONE',  ( 0.000000000000000000, 0.000000000000000000, 1.000000000000000000 ) ) ;
#1672 = CARTESIAN_POINT ( 'NONE',  ( -0.7315437271414184650, 11.05232292286813767, -2.288684519903031678 ) ) ;
#1673 = EDGE_LOOP ( 'NONE', ( #212, #452, #776, #1715 ) ) ;
#1674 = CARTESIAN_POINT ( 'NONE',  ( 15.34999999999999964, 0.000000000000000000, 7.650000000000000355 ) ) ;
#1675 = ORIENTED_EDGE ( 'NONE', *, *, #998, .F. ) ;
#1676 = ADVANCED_FACE ( 'NONE', ( #1447 ), #2496, .F. ) ;
#1677 = CARTESIAN_POINT ( 'NONE',  ( 0.4000000000000002442, 0.7999999999999999334, 2.250680705112041657 ) ) ;
#1678 = DIRECTION ( 'NONE',  ( -0.000000000000000000, 1.000000000000000000, -0.000000000000000000 ) ) ;
#1679 = CARTESIAN_POINT ( 'NONE',  ( 3.030619993082773292E-16, 1.799999999999999600, -2.282436685593039360 ) ) ;
#1680 = ORIENTED_EDGE ( 'NONE', *, *, #175, .T. ) ;
#1681 = CARTESIAN_POINT ( 'NONE',  ( 0.000000000000000000, 0.000000000000000000, 0.000000000000000000 ) ) ;
#1682 =( LENGTH_UNIT ( ) NAMED_UNIT ( * ) SI_UNIT ( .MILLI., .METRE. ) );
#1683 = EDGE_LOOP ( 'NONE', ( #1026, #1680, #3034, #3214, #1886, #1205, #2168, #2713, #123, #2573, #1979 ) ) ;
#1684 = ORIENTED_EDGE ( 'NONE', *, *, #2410, .F. ) ;
#1685 = CARTESIAN_POINT ( 'NONE',  ( 0.000000000000000000, -6.900000000000001243, 0.000000000000000000 ) ) ;
#1686 = FACE_OUTER_BOUND ( 'NONE', #215, .T. ) ;
#1687 = ORIENTED_EDGE ( 'NONE', *, *, #788, .T. ) ;
#1689 = DIRECTION ( 'NONE',  ( 0.000000000000000000, 1.000000000000000000, -0.000000000000000000 ) ) ;
#1688 = AXIS2_PLACEMENT_3D ( 'NONE', #2562, #1277, #764 ) ;
#1690 = EDGE_CURVE ( 'NONE', #828, #1911, #3274, .T. ) ;
#1691 = CIRCLE ( 'NONE', #2561, 1.779999999999999805 ) ;
#1692 =( REPRESENTATION_RELATIONSHIP ('NONE','NONE', #1541, #590 ) REPRESENTATION_RELATIONSHIP_WITH_TRANSFORMATION ( #2802 )SHAPE_REPRESENTATION_RELATIONSHIP( ) );
#1693 = VECTOR ( 'NONE', #59, 1000.000000000000000 ) ;
#1694 = ORIENTED_EDGE ( 'NONE', *, *, #595, .T. ) ;
#1695 = EDGE_CURVE ( 'NONE', #1147, #3293, #169, .T. ) ;
#1696 = EDGE_CURVE ( 'NONE', #902, #2004, #1213, .T. ) ;
#1697 = DIRECTION ( 'NONE',  ( 0.000000000000000000, -1.000000000000000000, 0.000000000000000000 ) ) ;
#1698 = AXIS2_PLACEMENT_3D ( 'NONE', #1464, #2253, #2499 ) ;
#1699 = ADVANCED_FACE ( 'NONE', ( #1477 ), #3028, .F. ) ;
#1700 = DIRECTION ( 'NONE',  ( 0.000000000000000000, 0.000000000000000000, -1.000000000000000000 ) ) ;
#1701 = CIRCLE ( 'NONE', #2779, 0.3999999999999993006 ) ;
#1702 = UNCERTAINTY_MEASURE_WITH_UNIT (LENGTH_MEASURE( 1.000000000000000082E-05 ), #48, 'distance_accuracy_value', 'NONE');
#1703 = DIRECTION ( 'NONE',  ( -0.000000000000000000, -0.000000000000000000, -1.000000000000000000 ) ) ;
#1704 = EDGE_CURVE ( 'NONE', #1946, #1732, #3177, .T. ) ;
#1705 = AXIS2_PLACEMENT_3D ( 'NONE', #3290, #611, #1926 ) ;
#1706 = ORIENTED_EDGE ( 'NONE', *, *, #1768, .F. ) ;
#1707 = STYLED_ITEM ( 'NONE', ( #1587 ), #57 ) ;
#1708 = VECTOR ( 'NONE', #3277, 1000.000000000000000 ) ;
#1709 = PRESENTATION_STYLE_ASSIGNMENT (( #2704 ) ) ;
#1710 = ORIENTED_EDGE ( 'NONE', *, *, #203, .F. ) ;
#1711 = DIRECTION ( 'NONE',  ( -0.000000000000000000, 0.9969173337331279638, 0.07845909572784562358 ) ) ;
#1712 = PLANE ( 'NONE',  #677 ) ;
#1713 = ORIENTED_EDGE ( 'NONE', *, *, #843, .F. ) ;
#1714 = FACE_OUTER_BOUND ( 'NONE', #184, .T. ) ;
#1715 = ORIENTED_EDGE ( 'NONE', *, *, #1034, .T. ) ;
#1716 = DIRECTION ( 'NONE',  ( 0.000000000000000000, 0.000000000000000000, -1.000000000000000000 ) ) ;
#1717 = EDGE_CURVE ( 'NONE', #1729, #2702, #829, .T. ) ;
#1718 = CARTESIAN_POINT ( 'NONE',  ( 16.55000000000000071, -14.00000000000000000, -9.000000000000001776 ) ) ;
#1719 = CARTESIAN_POINT ( 'NONE',  ( 0.7857844618287449512, 12.89356351907063569, -2.268455005055457718 ) ) ;
#1720 = DIRECTION ( 'NONE',  ( 1.000000000000000000, 0.000000000000000000, -0.000000000000000000 ) ) ;
#1721 = ORIENTED_EDGE ( 'NONE', *, *, #3254, .F. ) ;
#1722 = ADVANCED_FACE ( 'NONE', ( #1013 ), #668, .T. ) ;
#1723 = CARTESIAN_POINT ( 'NONE',  ( 1.500000000000015765, -9.398160314746871080, 1.937137062781470798 ) ) ;
#1724 = DIRECTION ( 'NONE',  ( -0.000000000000000000, 1.000000000000000000, -0.000000000000000000 ) ) ;
#1725 = ORIENTED_EDGE ( 'NONE', *, *, #1203, .T. ) ;
#1726 = DIRECTION ( 'NONE',  ( 0.000000000000000000, -0.9612616959383205595, -0.2756373558169931126 ) ) ;
#1727 = DIRECTION ( 'NONE',  ( 0.000000000000000000, -1.000000000000000000, 0.000000000000000000 ) ) ;
#1728 = CARTESIAN_POINT ( 'NONE',  ( 1.449865075223786715, -9.897363064304350644, -1.975098436854741291 ) ) ;
#1729 = VERTEX_POINT ( 'NONE', #2228 ) ;
#1730 = CARTESIAN_POINT ( 'NONE',  ( -2.025124272838120456E-23, 13.18745000000000189, 2.399999999999998579 ) ) ;
#1731 = AXIS2_PLACEMENT_3D ( 'NONE', #106, #1145, #2454 ) ;
#1732 = VERTEX_POINT ( 'NONE', #2513 ) ;
#1733 = DIRECTION ( 'NONE',  ( 1.000000000000000000, -0.000000000000000000, -0.000000000000000000 ) ) ;
#1734 = DIRECTION ( 'NONE',  ( -1.267491568863818782E-17, -1.000000000000000000, 0.000000000000000000 ) ) ;
#1735 = CARTESIAN_POINT ( 'NONE',  ( 1.035357798889045222, 12.60186676113528570, -2.166237568716288031 ) ) ;
#1736 = DIRECTION ( 'NONE',  ( 1.000000000000000000, 0.000000000000000000, 0.000000000000000000 ) ) ;
#1737 = ORIENTED_EDGE ( 'NONE', *, *, #2574, .F. ) ;
#1738 = EDGE_CURVE ( 'NONE', #3158, #1099, #189, .T. ) ;
#1739 = DIRECTION ( 'NONE',  ( -0.000000000000000000, 1.000000000000000000, -0.000000000000000000 ) ) ;
#1740 = AXIS2_PLACEMENT_3D ( 'NONE', #1350, #2385, #2152 ) ;
#1741 = EDGE_CURVE ( 'NONE', #369, #2112, #2405, .T. ) ;
#1742 = ORIENTED_EDGE ( 'NONE', *, *, #724, .F. ) ;
#1743 =( LENGTH_UNIT ( ) NAMED_UNIT ( * ) SI_UNIT ( .MILLI., .METRE. ) );
#1744 = CARTESIAN_POINT ( 'NONE',  ( 0.4000000000000002442, 2.200000000000000178, 2.540000000000000480 ) ) ;
#1745 = CARTESIAN_POINT ( 'NONE',  ( 7.099999999999999645, -2.000000000000000000, 2.100000000000000089 ) ) ;
#1746 = EDGE_LOOP ( 'NONE', ( #930, #3122, #3040, #1574 ) ) ;
#1747 = DIRECTION ( 'NONE',  ( 1.000000000000000000, -0.000000000000000000, -0.000000000000000000 ) ) ;
#1748 = ORIENTED_EDGE ( 'NONE', *, *, #1019, .F. ) ;
#1749 = DIRECTION ( 'NONE',  ( 0.000000000000000000, 0.000000000000000000, -1.000000000000000000 ) ) ;
#1750 = VECTOR ( 'NONE', #2140, 1000.000000000000000 ) ;
#1751 = AXIS2_PLACEMENT_3D ( 'NONE', #1259, #288, #1060 ) ;
#1752 = MECHANICAL_DESIGN_GEOMETRIC_PRESENTATION_REPRESENTATION (  '', ( #997 ), #3108 ) ;
#1753 = CARTESIAN_POINT ( 'NONE',  ( 0.000000000000000000, 14.50000000000000000, 0.000000000000000000 ) ) ;
#1754 = AXIS2_PLACEMENT_3D ( 'NONE', #2116, #1346, #3141 ) ;
#1755 = ORIENTED_EDGE ( 'NONE', *, *, #1138, .T. ) ;
#1756 = CIRCLE ( 'NONE', #291, 2.566272727272727483 ) ;
#1757 = CARTESIAN_POINT ( 'NONE',  ( -1.385000000000001119, -7.600000000000000533, 0.000000000000000000 ) ) ;
#1758 = EDGE_CURVE ( 'NONE', #3046, #1538, #1248, .T. ) ;
#1759 = ADVANCED_FACE ( 'NONE', ( #3061 ), #2298, .T. ) ;
#1760 = ORIENTED_EDGE ( 'NONE', *, *, #2837, .T. ) ;
#1761 = AXIS2_PLACEMENT_3D ( 'NONE', #3099, #2859, #1301 ) ;
#1762 = VECTOR ( 'NONE', #2860, 999.9999999999998863 ) ;
#1763 = CARTESIAN_POINT ( 'NONE',  ( 7.099999999999999645, 1.799999999999999600, -3.673419846319648462E-37 ) ) ;
#1764 = CARTESIAN_POINT ( 'NONE',  ( -1.499999999999999556, -9.500000000000000000, -1.937137062781052910 ) ) ;
#1765 = ORIENTED_EDGE ( 'NONE', *, *, #324, .F. ) ;
#1766 = CARTESIAN_POINT ( 'NONE',  ( -0.3881949686947169798, 10.87510149377859925, 2.369524644034556538 ) ) ;
#1767 = EDGE_LOOP ( 'NONE', ( #1506, #1797 ) ) ;
#1768 = EDGE_CURVE ( 'NONE', #1470, #1984, #2164, .T. ) ;
#1769 = CARTESIAN_POINT ( 'NONE',  ( 0.4059507042253537312, -2.500000000000000000, 4.707528972373827614 ) ) ;
#1770 = DIRECTION ( 'NONE',  ( -1.000000000000000000, -0.000000000000000000, -1.224646799147353207E-16 ) ) ;
#1771 = DIRECTION ( 'NONE',  ( -0.000000000000000000, 1.000000000000000000, -0.000000000000000000 ) ) ;
#1772 = DIRECTION ( 'NONE',  ( -1.000000000000000000, 0.000000000000000000, 0.000000000000000000 ) ) ;
#1773 = ORIENTED_EDGE ( 'NONE', *, *, #3031, .F. ) ;
#1774 = CONTEXT_DEPENDENT_SHAPE_REPRESENTATION ( #1692, #919 ) ;
#1775 = CARTESIAN_POINT ( 'NONE',  ( 0.3128024937606619926, 10.85180036538608661, -2.380785444517756311 ) ) ;
#1776 = VERTEX_POINT ( 'NONE', #1030 ) ;
#1777 = CARTESIAN_POINT ( 'NONE',  ( -1.499999999999999556, -9.500000000000000000, -3.214999999999999858 ) ) ;
#1778 = EDGE_CURVE ( 'NONE', #828, #900, #531, .T. ) ;
#1779 = FACE_OUTER_BOUND ( 'NONE', #841, .T. ) ;
#1780 = PLANE ( 'NONE',  #1165 ) ;
#1781 = ORIENTED_EDGE ( 'NONE', *, *, #998, .T. ) ;
#1782 = DIRECTION ( 'NONE',  ( 0.000000000000000000, 1.000000000000000000, 0.000000000000000000 ) ) ;
#1783 = ORIENTED_EDGE ( 'NONE', *, *, #2379, .F. ) ;
#1784 = FACE_OUTER_BOUND ( 'NONE', #2271, .T. ) ;
#1785 = EDGE_CURVE ( 'NONE', #694, #1669, #1309, .T. ) ;
#1786 = CARTESIAN_POINT ( 'NONE',  ( -15.34999999999999964, -14.00000000000000000, 7.650000000000000355 ) ) ;
#1787 = DIRECTION ( 'NONE',  ( 0.000000000000000000, 0.000000000000000000, -1.000000000000000000 ) ) ;
#1788 = ORIENTED_EDGE ( 'NONE', *, *, #990, .F. ) ;
#1789 = CARTESIAN_POINT ( 'NONE',  ( 16.55000000000000071, -21.00000000000000355, -9.000000000000001776 ) ) ;
#1790 = EDGE_LOOP ( 'NONE', ( #3221, #3000, #439, #248 ) ) ;
#1791 =( NAMED_UNIT ( * ) PLANE_ANGLE_UNIT ( ) SI_UNIT ( $, .RADIAN. ) );
#1792 = CARTESIAN_POINT ( 'NONE',  ( 7.099999999999999645, 0.000000000000000000, -3.100000000000000533 ) ) ;
#1793 = CIRCLE ( 'NONE', #34, 2.244444444444445796 ) ;
#1794 = CYLINDRICAL_SURFACE ( 'NONE', #401, 1.187449999999999228 ) ;
#1795 = CARTESIAN_POINT ( 'NONE',  ( 7.099999999999999645, 1.510254942326796801, -3.673419846319648462E-37 ) ) ;
#1796 = CARTESIAN_POINT ( 'NONE',  ( -0.07992608362359213126, 10.81255000000000166, 2.399999999999999023 ) ) ;
#1797 = ORIENTED_EDGE ( 'NONE', *, *, #3008, .F. ) ;
#1798 = CARTESIAN_POINT ( 'NONE',  ( 0.000000000000000000, 1.799999999999999600, 0.000000000000000000 ) ) ;
#1799 = EDGE_CURVE ( 'NONE', #2754, #1455, #3219, .T. ) ;
#1800 = CARTESIAN_POINT ( 'NONE',  ( 0.4000000000000002442, 0.7999999999999999334, -2.250680705112041657 ) ) ;
#1801 = EDGE_CURVE ( 'NONE', #1732, #1643, #1807, .T. ) ;
#1802 = ADVANCED_FACE ( 'NONE', ( #2368 ), #2407, .T. ) ;
#1803 = UNCERTAINTY_MEASURE_WITH_UNIT (LENGTH_MEASURE( 1.000000000000000082E-05 ), #912, 'distance_accuracy_value', 'NONE');
#1804 = CIRCLE ( 'NONE', #332, 2.200000000000000622 ) ;
#1805 = ADVANCED_FACE ( 'NONE', ( #1598 ), #514, .T. ) ;
#1806 = AXIS2_PLACEMENT_3D ( 'NONE', #226, #436, #1466 ) ;
#1807 = LINE ( 'NONE', #562, #2245 ) ;
#1808 = CARTESIAN_POINT ( 'NONE',  ( -1.499999999999999556, -9.500000000000000000, -3.214999999999999858 ) ) ;
#1809 = CIRCLE ( 'NONE', #2665, 0.3999999999999993006 ) ;
#1810 = EDGE_CURVE ( 'NONE', #3083, #2225, #3266, .T. ) ;
#1811 = DIRECTION ( 'NONE',  ( 0.000000000000000000, -1.000000000000000000, 0.000000000000000000 ) ) ;
#1812 = AXIS2_PLACEMENT_3D ( 'NONE', #2011, #1251, #718 ) ;
#1813 = ORIENTED_EDGE ( 'NONE', *, *, #2330, .F. ) ;
#1814 = AXIS2_PLACEMENT_3D ( 'NONE', #467, #1497, #206 ) ;
#1815 = AXIS2_PLACEMENT_3D ( 'NONE', #2774, #2526, #1537 ) ;
#1816 = DIRECTION ( 'NONE',  ( 1.000000000000000000, 0.000000000000000000, -0.000000000000000000 ) ) ;
#1817 =( NAMED_UNIT ( * ) PLANE_ANGLE_UNIT ( ) SI_UNIT ( $, .RADIAN. ) );
#1818 = ORIENTED_EDGE ( 'NONE', *, *, #3048, .F. ) ;
#1819 = DIRECTION ( 'NONE',  ( -1.000000000000000000, 0.000000000000000000, 0.000000000000000000 ) ) ;
#1820 = CIRCLE ( 'NONE', #1815, 2.285949176242472181 ) ;
#1821 = ORIENTED_EDGE ( 'NONE', *, *, #98, .F. ) ;
#1822 = DIRECTION ( 'NONE',  ( 1.000000000000000000, -2.112406372407904785E-17, 0.000000000000000000 ) ) ;
#1823 = CIRCLE ( 'NONE', #348, 6.000000000000000888 ) ;
#1824 = CARTESIAN_POINT ( 'NONE',  ( -1.179636306874626728, 12.15702738206142186, -2.090160534036912487 ) ) ;
#1825 = AXIS2_PLACEMENT_3D ( 'NONE', #3344, #2854, #2369 ) ;
#1826 = DIRECTION ( 'NONE',  ( 0.000000000000000000, -1.000000000000000000, 0.000000000000000000 ) ) ;
#1827 = PLANE ( 'NONE',  #3283 ) ;
#1828 = DIRECTION ( 'NONE',  ( -0.000000000000000000, 1.000000000000000000, -0.000000000000000000 ) ) ;
#1829 = ORIENTED_EDGE ( 'NONE', *, *, #1859, .T. ) ;
#1830 = ADVANCED_FACE ( 'NONE', ( #784 ), #307, .T. ) ;
#1831 = CARTESIAN_POINT ( 'NONE',  ( -7.099999999999999645, 0.000000000000000000, -3.100000000000000533 ) ) ;
#1832 = LINE ( 'NONE', #2356, #1762 ) ;
#1833 = CARTESIAN_POINT ( 'NONE',  ( -7.453542253521126426, -2.500000000000000000, -4.099784491284291121 ) ) ;
#1834 = DIRECTION ( 'NONE',  ( 0.000000000000000000, 0.000000000000000000, -1.000000000000000000 ) ) ;
#1835 = ORIENTED_EDGE ( 'NONE', *, *, #2531, .T. ) ;
#1836 = CARTESIAN_POINT ( 'NONE',  ( 1.306264184342049051, -8.737294085278836775, 2.074753823512353712 ) ) ;
#1837 = LINE ( 'NONE', #1869, #1525 ) ;
#1838 = MECHANICAL_DESIGN_GEOMETRIC_PRESENTATION_REPRESENTATION (  '', ( #1341 ), #1241 ) ;
#1839 = CARTESIAN_POINT ( 'NONE',  ( -1.187450000000261019, 11.99999999999904965, 2.085656370905900836 ) ) ;
#1840 = CARTESIAN_POINT ( 'NONE',  ( 0.2025343602679689214, -11.00000000000000533, 2.450000000000004174 ) ) ;
#1841 = DIRECTION ( 'NONE',  ( -0.000000000000000000, -0.000000000000000000, -1.000000000000000000 ) ) ;
#1842 = EDGE_CURVE ( 'NONE', #1170, #1962, #953, .T. ) ;
#1843 = FACE_OUTER_BOUND ( 'NONE', #1304, .T. ) ;
#1844 = EDGE_CURVE ( 'NONE', #1185, #1540, #1966, .T. ) ;
#1845 = SPHERICAL_SURFACE ( 'NONE', #1068, 2.244444444444445796 ) ;
#1846 = EDGE_CURVE ( 'NONE', #456, #2659, #1646, .T. ) ;
#1847 = FACE_OUTER_BOUND ( 'NONE', #2996, .T. ) ;
#1848 = ORIENTED_EDGE ( 'NONE', *, *, #2508, .T. ) ;
#1849 = ORIENTED_EDGE ( 'NONE', *, *, #803, .T. ) ;
#1850 = DIRECTION ( 'NONE',  ( 0.000000000000000000, 0.000000000000000000, -1.000000000000000000 ) ) ;
#1851 = CARTESIAN_POINT ( 'NONE',  ( 0.000000000000000000, 1.524000000000000021, 0.000000000000000000 ) ) ;
#1852 = CARTESIAN_POINT ( 'NONE',  ( 1.499999999999999556, -9.500000000000000000, -3.214999999999999858 ) ) ;
#1853 = ORIENTED_EDGE ( 'NONE', *, *, #887, .F. ) ;
#1854 = CARTESIAN_POINT ( 'NONE',  ( -15.34999999999999964, -14.00000000000000000, 7.650000000000000355 ) ) ;
#1855 = DIRECTION ( 'NONE',  ( -1.000000000000000000, 0.000000000000000000, 0.000000000000000000 ) ) ;
#1856 = LINE ( 'NONE', #1601, #3112 ) ;
#1857 = AXIS2_PLACEMENT_3D ( 'NONE', #204, #1008, #1244 ) ;
#1858 = AXIS2_PLACEMENT_3D ( 'NONE', #1077, #1770, #2797 ) ;
#1859 = EDGE_CURVE ( 'NONE', #315, #2641, #1756, .T. ) ;
#1860 = PLANE ( 'NONE',  #1326 ) ;
#1861 = AXIS2_PLACEMENT_3D ( 'NONE', #2072, #232, #2090 ) ;
#1862 = EDGE_CURVE ( 'NONE', #3306, #315, #2192, .T. ) ;
#1863 = CARTESIAN_POINT ( 'NONE',  ( -15.34999999999999964, -14.00000000000000000, -7.650000000000000355 ) ) ;
#1864 = ORIENTED_EDGE ( 'NONE', *, *, #202, .T. ) ;
#1865 = AXIS2_PLACEMENT_3D ( 'NONE', #614, #888, #1109 ) ;
#1866 = ORIENTED_EDGE ( 'NONE', *, *, #2524, .F. ) ;
#1867 = VECTOR ( 'NONE', #814, 1000.000000000000000 ) ;
#1868 = CARTESIAN_POINT ( 'NONE',  ( 0.000000000000000000, 14.50000000000000000, -1.899999999999997247 ) ) ;
#1869 = CARTESIAN_POINT ( 'NONE',  ( 0.000000000000000000, 0.000000000000000000, -3.100000000000000533 ) ) ;
#1870 = AXIS2_PLACEMENT_3D ( 'NONE', #2681, #2417, #970 ) ;
#1871 = DIRECTION ( 'NONE',  ( 0.7071067811865510144, 0.000000000000000000, 0.7071067811865441310 ) ) ;
#1872 = ORIENTED_EDGE ( 'NONE', *, *, #1487, .T. ) ;
#1873 = EDGE_CURVE ( 'NONE', #2424, #88, #337, .T. ) ;
#1874 = CIRCLE ( 'NONE', #628, 1.499999999999999556 ) ;
#1875 = CLOSED_SHELL ( 'NONE', ( #979, #2428, #2861, #2054, #3203, #2902 ) ) ;
#1876 = CARTESIAN_POINT ( 'NONE',  ( 1.306605956205828090, -10.26186480109399923, 2.074518355085517296 ) ) ;
#1877 = VECTOR ( 'NONE', #2601, 1000.000000000000000 ) ;
#1878 = CARTESIAN_POINT ( 'NONE',  ( -0.3999999999999998557, -0.3662727272727272498, 0.000000000000000000 ) ) ;
#1879 = AXIS2_PLACEMENT_3D ( 'NONE', #681, #1230, #1700 ) ;
#1880 = DIRECTION ( 'NONE',  ( 0.000000000000000000, 0.000000000000000000, -1.000000000000000000 ) ) ;
#1881 = VERTEX_POINT ( 'NONE', #81 ) ;
#1882 = DIRECTION ( 'NONE',  ( 1.000000000000000000, 0.000000000000000000, 0.000000000000000000 ) ) ;
#1883 = DIRECTION ( 'NONE',  ( -1.000000000000000000, -0.000000000000000000, -0.000000000000000000 ) ) ;
#1884 = CARTESIAN_POINT ( 'NONE',  ( -0.3973313053798818717, -8.050121646221116478, 2.419585537799042729 ) ) ;
#1885 = ORIENTED_EDGE ( 'NONE', *, *, #2837, .F. ) ;
#1886 = ORIENTED_EDGE ( 'NONE', *, *, #1388, .T. ) ;
#1887 = ADVANCED_FACE ( 'NONE', ( #1409 ), #2905, .F. ) ;
#1888 = CARTESIAN_POINT ( 'NONE',  ( 7.099999999999999645, 1.799999999999999600, -3.673419846319648462E-37 ) ) ;
#1889 = LINE ( 'NONE', #557, #876 ) ;
#1890 = CARTESIAN_POINT ( 'NONE',  ( -7.099999999999999645, 1.399999999999999689, 7.235327725112586064E-29 ) ) ;
#1891 = VERTEX_POINT ( 'NONE', #2956 ) ;
#1892 = CARTESIAN_POINT ( 'NONE',  ( 0.000000000000000000, 0.000000000000000000, 0.000000000000000000 ) ) ;
#1893 = EDGE_CURVE ( 'NONE', #3055, #2655, #360, .T. ) ;
#1894 = CARTESIAN_POINT ( 'NONE',  ( -7.099999999999999645, 1.355555555555554070, 7.235327725112586064E-29 ) ) ;
#1895 = SHAPE_REPRESENTATION ( 'Landing-Taxi-Light-Switch_Base', ( #113 ), #1150 ) ;
#1896 = CARTESIAN_POINT ( 'NONE',  ( -1.499999999999999556, -9.500000000000000000, -3.215000000000000302 ) ) ;
#1897 = ORIENTED_EDGE ( 'NONE', *, *, #703, .F. ) ;
#1898 = CARTESIAN_POINT ( 'NONE',  ( -10.44263743172961867, -2.500000000000000000, 2.400000000000000355 ) ) ;
#1899 = DIRECTION ( 'NONE',  ( -0.000000000000000000, -0.000000000000000000, -1.000000000000000000 ) ) ;
#1900 = VERTEX_POINT ( 'NONE', #691 ) ;
#1901 = EDGE_LOOP ( 'NONE', ( #610, #1638, #1557, #2073, #320, #588, #3227, #1853, #1590, #2206 ) ) ;
#1902 = DIRECTION ( 'NONE',  ( 0.000000000000000000, 0.000000000000000000, 1.000000000000000000 ) ) ;
#1903 = CARTESIAN_POINT ( 'NONE',  ( 2.147261119828951195E-16, 0.000000000000000000, 0.000000000000000000 ) ) ;
#1904 = CYLINDRICAL_SURFACE ( 'NONE', #2830, 3.564999999999999947 ) ;
#1905 = ORIENTED_EDGE ( 'NONE', *, *, #2939, .F. ) ;
#1906 = EDGE_CURVE ( 'NONE', #2553, #365, #1124, .T. ) ;
#1907 = CARTESIAN_POINT ( 'NONE',  ( 0.2028497718357182011, -11.00000000000000000, -2.450000000000001510 ) ) ;
#1908 = EDGE_CURVE ( 'NONE', #2211, #1170, #705, .T. ) ;
#1909 = CARTESIAN_POINT ( 'NONE',  ( -0.4059507042253537312, -2.500000000000000000, 4.707528972373827614 ) ) ;
#1910 = FACE_OUTER_BOUND ( 'NONE', #2794, .T. ) ;
#1911 = VERTEX_POINT ( 'NONE', #631 ) ;
#1912 = ADVANCED_FACE ( 'NONE', ( #180 ), #3204, .T. ) ;
#1913 = CARTESIAN_POINT ( 'NONE',  ( 4.002399999999997071, 19.49999999999999645, -1.734723475976807094E-15 ) ) ;
#1914 = PLANE ( 'NONE',  #2184 ) ;
#1915 = AXIS2_PLACEMENT_3D ( 'NONE', #1681, #2993, #2448 ) ;
#1916 = CARTESIAN_POINT ( 'NONE',  ( 15.34999999999999964, -14.00000000000000000, 7.650000000000000355 ) ) ;
#1917 = EDGE_LOOP ( 'NONE', ( #1352, #2336 ) ) ;
#1918 = VERTEX_POINT ( 'NONE', #579 ) ;
#1919 = DIRECTION ( 'NONE',  ( 0.000000000000000000, -0.000000000000000000, 1.000000000000000000 ) ) ;
#1920 = CARTESIAN_POINT ( 'NONE',  ( 0.4000000000000002442, 2.168634709053854248, 0.000000000000000000 ) ) ;
#1921 = LINE ( 'NONE', #1852, #1693 ) ;
#1922 = VECTOR ( 'NONE', #2258, 1000.000000000000000 ) ;
#1923 = EDGE_LOOP ( 'NONE', ( #1783, #1765, #3258, #1358 ) ) ;
#1924 = DIRECTION ( 'NONE',  ( -0.000000000000000000, 1.000000000000000000, -0.000000000000000000 ) ) ;
#1925 = AXIS2_PLACEMENT_3D ( 'NONE', #1224, #2145, #850 ) ;
#1926 = DIRECTION ( 'NONE',  ( 0.000000000000000000, -0.000000000000000000, 1.000000000000000000 ) ) ;
#1927 = CARTESIAN_POINT ( 'NONE',  ( 0.000000000000000000, 0.000000000000000000, 0.000000000000000000 ) ) ;
#1928 = ADVANCED_FACE ( 'NONE', ( #96 ), #596, .T. ) ;
#1929 = DIRECTION ( 'NONE',  ( -5.269512381460533638E-15, 0.000000000000000000, -1.000000000000000000 ) ) ;
#1930 = VECTOR ( 'NONE', #2046, 1000.000000000000000 ) ;
#1931 = APPLICATION_PROTOCOL_DEFINITION ( 'draft international standard', 'automotive_design', 1998, #1074 ) ;
#1932 = SURFACE_SIDE_STYLE ('',( #380 ) ) ;
#1933 = EDGE_CURVE ( 'NONE', #2456, #2864, #2840, .T. ) ;
#1934 = ORIENTED_EDGE ( 'NONE', *, *, #2546, .F. ) ;
#1935 = VERTEX_POINT ( 'NONE', #2660 ) ;
#1936 = DIRECTION ( 'NONE',  ( -0.000000000000000000, 1.000000000000000000, -0.000000000000000000 ) ) ;
#1937 = DIRECTION ( 'NONE',  ( -0.000000000000000000, -0.000000000000000000, 1.000000000000000000 ) ) ;
#1938 = ORIENTED_EDGE ( 'NONE', *, *, #742, .T. ) ;
#1939 = DIRECTION ( 'NONE',  ( -0.000000000000000000, 1.000000000000000000, -0.000000000000000000 ) ) ;
#1940 = VERTEX_POINT ( 'NONE', #1375 ) ;
#1941 = CARTESIAN_POINT ( 'NONE',  ( 7.099999999999999645, -8.439696961966999922, -3.673419846319648462E-37 ) ) ;
#1942 = CARTESIAN_POINT ( 'NONE',  ( 0.3163615827456763840, 10.84500798225182727, 2.383515681456533919 ) ) ;
#1943 = LINE ( 'NONE', #854, #561 ) ;
#1944 = ORIENTED_EDGE ( 'NONE', *, *, #933, .F. ) ;
#1945 = EDGE_CURVE ( 'NONE', #2219, #2159, #1645, .T. ) ;
#1946 = VERTEX_POINT ( 'NONE', #1518 ) ;
#1947 = VERTEX_POINT ( 'NONE', #1489 ) ;
#1948 = DIRECTION ( 'NONE',  ( -0.000000000000000000, -0.000000000000000000, -1.000000000000000000 ) ) ;
#1949 = PRODUCT_DEFINITION_SHAPE ( 'NONE', 'NONE',  #3359 ) ;
#1950 = EDGE_CURVE ( 'NONE', #1669, #2875, #2055, .T. ) ;
#1951 = FACE_BOUND ( 'NONE', #1483, .T. ) ;
#1952 = ORIENTED_EDGE ( 'NONE', *, *, #491, .T. ) ;
#1953 = CARTESIAN_POINT ( 'NONE',  ( 0.4059507042253537312, 0.000000000000000000, -4.707528972373827614 ) ) ;
#1954 = ORIENTED_EDGE ( 'NONE', *, *, #238, .T. ) ;
#1955 = PRODUCT_DEFINITION ( 'UNKNOWN', '', #2131, #2919 ) ;
#1956 = DIRECTION ( 'NONE',  ( 0.000000000000000000, 1.000000000000000000, -0.000000000000000000 ) ) ;
#1957 = CARTESIAN_POINT ( 'NONE',  ( 1.197429967125296590, -8.576676804886490757, -2.142653829256323750 ) ) ;
#1958 = CARTESIAN_POINT ( 'NONE',  ( 0.000000000000000000, -9.500000000000000000, -3.214999999999999858 ) ) ;
#1959 = ORIENTED_EDGE ( 'NONE', *, *, #1122, .F. ) ;
#1960 =( NAMED_UNIT ( * ) PLANE_ANGLE_UNIT ( ) SI_UNIT ( $, .RADIAN. ) );
#1961 = DIRECTION ( 'NONE',  ( 0.000000000000000000, -1.000000000000000000, 0.000000000000000000 ) ) ;
#1962 = VERTEX_POINT ( 'NONE', #1764 ) ;
#1963 = EDGE_LOOP ( 'NONE', ( #306, #1367, #2527, #1670, #2821, #583, #708, #2056, #2269, #1500 ) ) ;
#1964 = CARTESIAN_POINT ( 'NONE',  ( 7.099999999999999645, -2.000000000000000000, -2.100000000000000089 ) ) ;
#1965 = EDGE_CURVE ( 'NONE', #2472, #80, #2462, .T. ) ;
#1966 = B_SPLINE_CURVE_WITH_KNOTS ( 'NONE', 3,
 ( #799, #1840, #1079, #2319, #2113, #830, #1876, #2064, #321, #1204, #1986, #3175 ),
 .UNSPECIFIED., .F., .F.,
 ( 4, 2, 2, 2, 2, 4 ),
 ( 0.002410986422390298031, 0.003012261300753329811, 0.003613536179116361158, 0.004214811057479392505, 0.004515448496660905142, 0.004816085935842418647 ),
 .UNSPECIFIED. ) ;
#1967 = FACE_OUTER_BOUND ( 'NONE', #128, .T. ) ;
#1968 = ORIENTED_EDGE ( 'NONE', *, *, #2652, .F. ) ;
#1969 = DIRECTION ( 'NONE',  ( -0.000000000000000000, -1.000000000000000000, -0.000000000000000000 ) ) ;
#1970 = CIRCLE ( 'NONE', #507, 2.666941363968367007 ) ;
#1971 = ORIENTED_EDGE ( 'NONE', *, *, #642, .F. ) ;
#1972 = FACE_OUTER_BOUND ( 'NONE', #3148, .T. ) ;
#1973 = VECTOR ( 'NONE', #2433, 1000.000000000000000 ) ;
#1974 = CARTESIAN_POINT ( 'NONE',  ( 0.3975107302936194409, -8.050188398525781608, -2.419545650911949064 ) ) ;
#1975 = EDGE_CURVE ( 'NONE', #2071, #1617, #1820, .T. ) ;
#1976 = CIRCLE ( 'NONE', #3323, 4.114999999999998437 ) ;
#1977 = DIRECTION ( 'NONE',  ( 0.000000000000000000, 0.000000000000000000, 1.000000000000000000 ) ) ;
#1978 = FILL_AREA_STYLE ('',( #2282 ) ) ;
#1979 = ORIENTED_EDGE ( 'NONE', *, *, #1591, .F. ) ;
#1980 = PRODUCT_DEFINITION_SHAPE ( 'NONE', 'NONE',  #3360 ) ;
#1981 = CIRCLE ( 'NONE', #1377, 4.114999999999998437 ) ;
#1982 = DIRECTION ( 'NONE',  ( 0.000000000000000000, -1.000000000000000000, 0.000000000000000000 ) ) ;
#1983 = AXIS2_PLACEMENT_3D ( 'NONE', #2175, #3191, #1628 ) ;
#1984 = VERTEX_POINT ( 'NONE', #455 ) ;
#1985 = CARTESIAN_POINT ( 'NONE',  ( -1.155212110444101103, 11.68409203910193561, -2.104774768956342967 ) ) ;
#1986 = CARTESIAN_POINT ( 'NONE',  ( 1.500000000000010214, -9.601865385074944470, 1.937137062781474128 ) ) ;
#1987 = ORIENTED_EDGE ( 'NONE', *, *, #2922, .F. ) ;
#1988 = CARTESIAN_POINT ( 'NONE',  ( -7.099999999999999645, -2.000000000000000000, 7.235327725112586064E-29 ) ) ;
#1989 = EDGE_CURVE ( 'NONE', #1334, #3232, #524, .T. ) ;
#1990 = ORIENTED_EDGE ( 'NONE', *, *, #914, .F. ) ;
#1991 = CARTESIAN_POINT ( 'NONE',  ( 1.499999999999999556, -9.500000000000000000, -1.937137062781053354 ) ) ;
#1992 = CARTESIAN_POINT ( 'NONE',  ( 2.632990618166805784E-16, 14.50000000000000178, 1.899999999999995470 ) ) ;
#1993 = ADVANCED_FACE ( 'NONE', ( #197 ), #1794, .F. ) ;
#1994 = ADVANCED_FACE ( 'NONE', ( #2791 ), #508, .T. ) ;
#1995 = CARTESIAN_POINT ( 'NONE',  ( 0.4059507042253537312, -2.500000000000000000, 4.707528972373827614 ) ) ;
#1996 = EDGE_LOOP ( 'NONE', ( #2068, #2966, #1366, #2306 ) ) ;
#1997 = CARTESIAN_POINT ( 'NONE',  ( -0.3996144519492340064, -8.050775496847998980, -2.419193234321025621 ) ) ;
#1998 = EDGE_LOOP ( 'NONE', ( #1465, #2105, #1111, #1568 ) ) ;
#1999 = DIRECTION ( 'NONE',  ( -0.000000000000000000, 1.000000000000000000, -0.000000000000000000 ) ) ;
#2000 = FACE_OUTER_BOUND ( 'NONE', #1284, .T. ) ;
#2001 = CARTESIAN_POINT ( 'NONE',  ( 0.000000000000000000, 0.000000000000000000, -1.214306433183764966E-14 ) ) ;
#2002 = ORIENTED_EDGE ( 'NONE', *, *, #2402, .T. ) ;
#2003 = DIRECTION ( 'NONE',  ( 0.000000000000000000, -1.000000000000000000, 0.000000000000000000 ) ) ;
#2004 = VERTEX_POINT ( 'NONE', #475 ) ;
#2005 = CARTESIAN_POINT ( 'NONE',  ( -2.636138274066821552, -33.33896844186422470, -2.399999999999999911 ) ) ;
#2006 = FACE_OUTER_BOUND ( 'NONE', #27, .T. ) ;
#2007 = EDGE_CURVE ( 'NONE', #3183, #262, #2070, .T. ) ;
#2008 = ADVANCED_FACE ( 'NONE', ( #1003 ), #2338, .F. ) ;
#2009 = CARTESIAN_POINT ( 'NONE',  ( 0.5308867198197323445, 13.06499306130086602, -2.341680423203750028 ) ) ;
#2010 = VERTEX_POINT ( 'NONE', #1745 ) ;
#2011 = CARTESIAN_POINT ( 'NONE',  ( -7.099999999999999645, 1.799999999999999600, 7.235327725112586064E-29 ) ) ;
#2012 = ORIENTED_EDGE ( 'NONE', *, *, #1859, .F. ) ;
#2013 = PRODUCT_RELATED_PRODUCT_CATEGORY ( 'part', '', ( #2977 ) ) ;
#2014 = CARTESIAN_POINT ( 'NONE',  ( 0.000000000000000000, 12.00000000000000000, -6.000000000000000888 ) ) ;
#2015 = PLANE ( 'NONE',  #76 ) ;
#2016 = DIRECTION ( 'NONE',  ( 0.000000000000000000, 0.000000000000000000, -1.000000000000000000 ) ) ;
#2017 = EDGE_LOOP ( 'NONE', ( #1666, #2697, #2413, #2473, #1588 ) ) ;
#2018 = LINE ( 'NONE', #727, #340 ) ;
#2019 = ORIENTED_EDGE ( 'NONE', *, *, #32, .T. ) ;
#2020 = FACE_OUTER_BOUND ( 'NONE', #42, .T. ) ;
#2021 = VECTOR ( 'NONE', #463, 1000.000000000000114 ) ;
#2022 = AXIS2_PLACEMENT_3D ( 'NONE', #1890, #863, #2158 ) ;
#2023 = CYLINDRICAL_SURFACE ( 'NONE', #412, 2.450000000000000622 ) ;
#2024 = AXIS2_PLACEMENT_3D ( 'NONE', #471, #3017, #2552 ) ;
#2025 = DIRECTION ( 'NONE',  ( 0.000000000000000000, 0.000000000000000000, -1.000000000000000000 ) ) ;
#2026 = CARTESIAN_POINT ( 'NONE',  ( -16.55000000000000071, -14.00000000000000000, -9.000000000000001776 ) ) ;
#2027 = CONICAL_SURFACE ( 'NONE', #343, 3.100000000000000533, 0.2792526803190863993 ) ;
#2028 = ORIENTED_EDGE ( 'NONE', *, *, #619, .T. ) ;
#2029 = ADVANCED_FACE ( 'NONE', ( #2038 ), #1780, .T. ) ;
#2030 = CONTEXT_DEPENDENT_SHAPE_REPRESENTATION ( #3142, #1949 ) ;
#2031 = CARTESIAN_POINT ( 'NONE',  ( -1.197633343175495080, -8.576677786991343311, -2.142615729830603222 ) ) ;
#2032 = ORIENTED_EDGE ( 'NONE', *, *, #1446, .T. ) ;
#2033 = DIRECTION ( 'NONE',  ( -0.000000000000000000, -1.000000000000000000, -0.000000000000000000 ) ) ;
#2034 = PRODUCT ( 'Landing-Taxi-Light-Switch_Screw', 'Landing-Taxi-Light-Switch_Screw', '', ( #2666 ) ) ;
#2035 = DIRECTION ( 'NONE',  ( 0.000000000000000000, 0.000000000000000000, 1.000000000000000000 ) ) ;
#2036 = AXIS2_PLACEMENT_3D ( 'NONE', #1438, #2257, #3334 ) ;
#2037 = EDGE_CURVE ( 'NONE', #2875, #194, #488, .T. ) ;
#2038 = FACE_OUTER_BOUND ( 'NONE', #692, .T. ) ;
#2039 = CONICAL_SURFACE ( 'NONE', #2628, 3.100000000000000533, 0.2792526803190863993 ) ;
#2040 = CARTESIAN_POINT ( 'NONE',  ( 0.7333619004333853386, 12.94634556980212992, 2.288108863765782708 ) ) ;
#2041 = ORIENTED_EDGE ( 'NONE', *, *, #744, .F. ) ;
#2042 = CIRCLE ( 'NONE', #1879, 3.100000000000000089 ) ;
#2043 = DIRECTION ( 'NONE',  ( -0.000000000000000000, 1.000000000000000000, -0.000000000000000000 ) ) ;
#2044 = CARTESIAN_POINT ( 'NONE',  ( 0.000000000000000000, 7.900000000000000355, 2.399999999999998579 ) ) ;
#2045 = DIRECTION ( 'NONE',  ( 0.000000000000000000, 0.000000000000000000, 1.000000000000000000 ) ) ;
#2046 = DIRECTION ( 'NONE',  ( 0.000000000000000000, 1.000000000000000000, 0.000000000000000000 ) ) ;
#2047 = ORIENTED_EDGE ( 'NONE', *, *, #3068, .F. ) ;
#2048 = ITEM_DEFINED_TRANSFORMATION ( 'NONE', 'NONE', #60,  #113 ) ;
#2049 = LINE ( 'NONE', #2787, #2083 ) ;
#2050 = ORIENTED_EDGE ( 'NONE', *, *, #2970, .T. ) ;
#2051 = DIRECTION ( 'NONE',  ( 1.000000000000000000, 0.000000000000000000, 0.000000000000000000 ) ) ;
#2052 = EDGE_CURVE ( 'NONE', #3058, #253, #1023, .T. ) ;
#2053 = DIRECTION ( 'NONE',  ( -0.000000000000000000, 1.000000000000000000, -0.000000000000000000 ) ) ;
#2054 = ADVANCED_FACE ( 'NONE', ( #1051 ), #2088, .F. ) ;
#2055 = LINE ( 'NONE', #3086, #1482 ) ;
#2056 = ORIENTED_EDGE ( 'NONE', *, *, #1842, .T. ) ;
#2057 = CARTESIAN_POINT ( 'NONE',  ( -7.099999999999999645, 1.355555555555554070, 7.235327725112586064E-29 ) ) ;
#2058 = ORIENTED_EDGE ( 'NONE', *, *, #1487, .F. ) ;
#2059 = EDGE_CURVE ( 'NONE', #900, #3158, #1832, .T. ) ;
#2060 = FACE_OUTER_BOUND ( 'NONE', #3287, .T. ) ;
#2061 = AXIS2_PLACEMENT_3D ( 'NONE', #1657, #1936, #1671 ) ;
#2062 = CARTESIAN_POINT ( 'NONE',  ( -0.6011013432859144690, 13.03565505278817049, 2.328036430465086237 ) ) ;
#2063 = EDGE_CURVE ( 'NONE', #2071, #651, #2606, .T. ) ;
#2064 = CARTESIAN_POINT ( 'NONE',  ( 1.419753466898409755, -9.993674354422608985, 1.997219686420290463 ) ) ;
#2065 = DIRECTION ( 'NONE',  ( 1.000000000000000000, 0.000000000000000000, 0.000000000000000000 ) ) ;
#2066 = LINE ( 'NONE', #1552, #1000 ) ;
#2067 = APPLICATION_CONTEXT ( 'automotive_design' ) ;
#2068 = ORIENTED_EDGE ( 'NONE', *, *, #3260, .F. ) ;
#2069 = DIRECTION ( 'NONE',  ( 1.000000000000000000, 0.000000000000000000, -0.000000000000000000 ) ) ;
#2070 = LINE ( 'NONE', #3304, #1059 ) ;
#2071 = VERTEX_POINT ( 'NONE', #1677 ) ;
#2072 = CARTESIAN_POINT ( 'NONE',  ( 1.183967527492448718E-16, -7.600000000000000533, 0.000000000000000000 ) ) ;
#2073 = ORIENTED_EDGE ( 'NONE', *, *, #1906, .F. ) ;
#2074 = CARTESIAN_POINT ( 'NONE',  ( 0.000000000000000000, -33.33896844186422470, 0.000000000000000000 ) ) ;
#2075 = CIRCLE ( 'NONE', #2128, 3.564999999999999947 ) ;
#2076 = UNCERTAINTY_MEASURE_WITH_UNIT (LENGTH_MEASURE( 1.000000000000000082E-05 ), #3029, 'distance_accuracy_value', 'NONE');
#2077 =( GEOMETRIC_REPRESENTATION_CONTEXT ( 3 ) GLOBAL_UNCERTAINTY_ASSIGNED_CONTEXT ( ( #1702 ) ) GLOBAL_UNIT_ASSIGNED_CONTEXT ( ( #48, #837, #2086 ) ) REPRESENTATION_CONTEXT ( 'NONE', 'WORKASPACE' ) );
#2078 = CARTESIAN_POINT ( 'NONE',  ( 1.870112127915864342, -9.500000000000000000, 3.035112127915869706 ) ) ;
#2079 = EDGE_CURVE ( 'NONE', #1170, #1176, #2732, .T. ) ;
#2080 = DIRECTION ( 'NONE',  ( 0.000000000000000000, 0.000000000000000000, -1.000000000000000000 ) ) ;
#2081 = AXIS2_PLACEMENT_3D ( 'NONE', #3137, #593, #1120 ) ;
#2082 = CARTESIAN_POINT ( 'NONE',  ( 0.000000000000000000, 0.000000000000000000, 0.000000000000000000 ) ) ;
#2083 = VECTOR ( 'NONE', #1499, 1000.000000000000000 ) ;
#2084 = ORIENTED_EDGE ( 'NONE', *, *, #2961, .T. ) ;
#2085 = CIRCLE ( 'NONE', #457, 2.200000000000000622 ) ;
#2086 =( NAMED_UNIT ( * ) SI_UNIT ( $, .STERADIAN. ) SOLID_ANGLE_UNIT ( ) );
#2087 = DIRECTION ( 'NONE',  ( 0.000000000000000000, -1.000000000000000000, 0.000000000000000000 ) ) ;
#2088 = PLANE ( 'NONE',  #3280 ) ;
#2089 = DIRECTION ( 'NONE',  ( -2.138543910811705526E-17, -1.000000000000000000, 0.000000000000000000 ) ) ;
#2090 = DIRECTION ( 'NONE',  ( -1.000000000000000000, 0.000000000000000000, 0.000000000000000000 ) ) ;
#2091 = VERTEX_POINT ( 'NONE', #2974 ) ;
#2092 = CARTESIAN_POINT ( 'NONE',  ( 0.2032934929593617213, -8.000000000000003553, 2.450000000000001510 ) ) ;
#2093 = AXIS2_PLACEMENT_3D ( 'NONE', #1272, #2325, #2035 ) ;
#2094 = CARTESIAN_POINT ( 'NONE',  ( 0.000000000000000000, -2.499999999999998668, 0.000000000000000000 ) ) ;
#2095 = CIRCLE ( 'NONE', #2501, 3.100000000000000533 ) ;
#2096 = FACE_OUTER_BOUND ( 'NONE', #399, .T. ) ;
#2097 = COLOUR_RGB ( '',0.7764705882352941346, 0.7568627450980391913, 0.7372549019607843590 ) ;
#2098 = CARTESIAN_POINT ( 'NONE',  ( -0.1012537229348755841, -11.00000000000000000, -2.450000000000001510 ) ) ;
#2099 = ADVANCED_FACE ( 'NONE', ( #133 ), #410, .T. ) ;
#2100 = FACE_OUTER_BOUND ( 'NONE', #629, .T. ) ;
#2101 = EDGE_CURVE ( 'NONE', #1661, #3055, #1191, .T. ) ;
#2102 = CARTESIAN_POINT ( 'NONE',  ( 0.000000000000000000, 12.00000000000000000, 0.000000000000000000 ) ) ;
#2103 = CARTESIAN_POINT ( 'NONE',  ( 0.4059507042253537312, -2.500000000000000000, -4.707528972373827614 ) ) ;
#2104 = CARTESIAN_POINT ( 'NONE',  ( 3.011258899220922692E-16, -8.000000000000000000, 2.450000000000000622 ) ) ;
#2105 = ORIENTED_EDGE ( 'NONE', *, *, #549, .F. ) ;
#2106 = CIRCLE ( 'NONE', #2480, 1.499999999999999556 ) ;
#2107 = ORIENTED_EDGE ( 'NONE', *, *, #501, .F. ) ;
#2108 = DIRECTION ( 'NONE',  ( 0.000000000000000000, 0.000000000000000000, 1.000000000000000000 ) ) ;
#2109 = DIRECTION ( 'NONE',  ( -1.000000000000000000, 1.267491568863818782E-17, 0.000000000000000000 ) ) ;
#2110 = AXIS2_PLACEMENT_3D ( 'NONE', #796, #810, #1850 ) ;
#2111 = FACE_OUTER_BOUND ( 'NONE', #2932, .T. ) ;
#2112 = VERTEX_POINT ( 'NONE', #1153 ) ;
#2113 = CARTESIAN_POINT ( 'NONE',  ( 0.9288437218089088399, -10.69313251777065688, 2.272005902980424707 ) ) ;
#2114 = CARTESIAN_POINT ( 'NONE',  ( -7.099999999999999645, -2.000000000000000000, 2.100000000000000089 ) ) ;
#2115 = EDGE_CURVE ( 'NONE', #1085, #1455, #3026, .T. ) ;
#2116 = CARTESIAN_POINT ( 'NONE',  ( 0.000000000000000000, -2.000000000000000000, 0.000000000000000000 ) ) ;
#2117 = CYLINDRICAL_SURFACE ( 'NONE', #126, 2.832100000000000062 ) ;
#2118 = EDGE_CURVE ( 'NONE', #3193, #2553, #616, .T. ) ;
#2119 = DIRECTION ( 'NONE',  ( -0.000000000000000000, 1.000000000000000000, -0.000000000000000000 ) ) ;
#2120 = ORIENTED_EDGE ( 'NONE', *, *, #91, .T. ) ;
#2121 = VERTEX_POINT ( 'NONE', #957 ) ;
#2122 = DIRECTION ( 'NONE',  ( -1.000000000000000000, 0.000000000000000000, 0.000000000000000000 ) ) ;
#2123 = DIRECTION ( 'NONE',  ( 0.000000000000000000, 1.000000000000000000, -0.000000000000000000 ) ) ;
#2124 = CARTESIAN_POINT ( 'NONE',  ( 0.000000000000000000, -33.33896844186422470, 0.000000000000000000 ) ) ;
#2125 = ORIENTED_EDGE ( 'NONE', *, *, #3031, .T. ) ;
#2126 = CARTESIAN_POINT ( 'NONE',  ( 1.033587841345088298, -7.498710822463111825, 3.413453006843117254 ) ) ;
#2127 = DIRECTION ( 'NONE',  ( 0.000000000000000000, 0.000000000000000000, -1.000000000000000000 ) ) ;
#2128 = AXIS2_PLACEMENT_3D ( 'NONE', #2850, #575, #1607 ) ;
#2129 = FACE_OUTER_BOUND ( 'NONE', #3, .T. ) ;
#2130 = AXIS2_PLACEMENT_3D ( 'NONE', #1851, #1323, #3150 ) ;
#2131 = PRODUCT_DEFINITION_FORMATION_WITH_SPECIFIED_SOURCE ( 'ANY', '', #3007, .NOT_KNOWN. ) ;
#2132 = CIRCLE ( 'NONE', #994, 2.100000000000000089 ) ;
#2133 = LINE ( 'NONE', #2355, #2358 ) ;
#2134 = AXIS2_PLACEMENT_3D ( 'NONE', #2484, #1961, #2994 ) ;
#2135 = DIRECTION ( 'NONE',  ( -1.000000000000000000, 0.000000000000000000, 0.000000000000000000 ) ) ;
#2136 = ORIENTED_EDGE ( 'NONE', *, *, #1844, .F. ) ;
#2137 = VERTEX_POINT ( 'NONE', #2212 ) ;
#2138 = LINE ( 'NONE', #1087, #274 ) ;
#2139 = EDGE_CURVE ( 'NONE', #1490, #3351, #3010, .T. ) ;
#2140 = DIRECTION ( 'NONE',  ( -1.000000000000000000, 0.000000000000000000, 0.000000000000000000 ) ) ;
#2141 = AXIS2_PLACEMENT_3D ( 'NONE', #2289, #3100, #775 ) ;
#2142 = CARTESIAN_POINT ( 'NONE',  ( 0.000000000000000000, -13.00000000000000178, 0.000000000000000000 ) ) ;
#2143 = ORIENTED_EDGE ( 'NONE', *, *, #1338, .T. ) ;
#2144 = CIRCLE ( 'NONE', #951, 4.725000000000015632 ) ;
#2145 = DIRECTION ( 'NONE',  ( -0.08591549295774721096, 0.000000000000000000, -0.9963024280156238532 ) ) ;
#2146 = AXIS2_PLACEMENT_3D ( 'NONE', #93, #1133, #3239 ) ;
#2147 = CONICAL_SURFACE ( 'NONE', #1983, 1.779999999999999805, 0.7853981633974492782 ) ;
#2148 = DIRECTION ( 'NONE',  ( 1.267491568863818782E-17, 1.000000000000000000, -0.000000000000000000 ) ) ;
#2149 = AXIS2_PLACEMENT_3D ( 'NONE', #153, #2715, #1193 ) ;
#2150 = CARTESIAN_POINT ( 'NONE',  ( -0.7594535836212932267, -10.79713072727679268, 2.330875605135748430 ) ) ;
#2151 = ORIENTED_EDGE ( 'NONE', *, *, #1183, .F. ) ;
#2152 = DIRECTION ( 'NONE',  ( 0.000000000000000000, 0.000000000000000000, 1.000000000000000000 ) ) ;
#2153 = SURFACE_STYLE_FILL_AREA ( #51 ) ;
#2154 = ORIENTED_EDGE ( 'NONE', *, *, #1690, .T. ) ;
#2155 = EDGE_LOOP ( 'NONE', ( #2724, #1078, #573, #209, #1398, #3103, #2183, #3022, #3302, #967 ) ) ;
#2156 = DIRECTION ( 'NONE',  ( -0.000000000000000000, -1.000000000000000000, 0.000000000000000000 ) ) ;
#2157 = DIRECTION ( 'NONE',  ( 0.000000000000000000, -0.9612616959383205595, -0.2756373558169931126 ) ) ;
#2158 = DIRECTION ( 'NONE',  ( 0.000000000000000000, 0.000000000000000000, 1.000000000000000000 ) ) ;
#2159 = VERTEX_POINT ( 'NONE', #3243 ) ;
#2160 = CARTESIAN_POINT ( 'NONE',  ( 1.420047226169511401, -9.992929903263593872, -1.997015925284244986 ) ) ;
#2161 = CARTESIAN_POINT ( 'NONE',  ( 0.000000000000000000, 1.799999999999999600, 0.000000000000000000 ) ) ;
#2162 = EDGE_CURVE ( 'NONE', #3273, #2603, #2226, .T. ) ;
#2163 = CARTESIAN_POINT ( 'NONE',  ( 2.939152317953646119E-16, 13.99999999999999645, -2.399999999999998579 ) ) ;
#2164 = B_SPLINE_CURVE_WITH_KNOTS ( 'NONE', 3,
 ( #753, #1280, #2380, #766, #2568, #1044, #2126, #2347, #2333, #498, #2868, #545, #2833, #2078 ),
 .UNSPECIFIED., .F., .F.,
 ( 4, 2, 2, 2, 2, 2, 4 ),
 ( 0.005101830941408118034, 0.005525131434161844463, 0.005948431926915570024, 0.006371732419669296453, 0.006795032912423022015, 0.007641633897930474872, 0.008488234883437927730 ),
 .UNSPECIFIED. ) ;
#2165 = EDGE_LOOP ( 'NONE', ( #1039, #2952 ) ) ;
#2166 = PRODUCT_CONTEXT ( 'NONE', #3209, 'mechanical' ) ;
#2167 = CARTESIAN_POINT ( 'NONE',  ( -1.499999999999999556, -9.500000000000000000, -1.937137062781052910 ) ) ;
#2168 = ORIENTED_EDGE ( 'NONE', *, *, #200, .T. ) ;
#2169 = DIRECTION ( 'NONE',  ( 0.000000000000000000, -1.000000000000000000, 0.000000000000000000 ) ) ;
#2170 = FACE_BOUND ( 'NONE', #809, .T. ) ;
#2171 = FACE_OUTER_BOUND ( 'NONE', #1746, .T. ) ;
#2172 = EDGE_CURVE ( 'NONE', #521, #3055, #295, .T. ) ;
#2173 = ORIENTED_EDGE ( 'NONE', *, *, #1989, .T. ) ;
#2174 = DIRECTION ( 'NONE',  ( 0.000000000000000000, 0.000000000000000000, -1.000000000000000000 ) ) ;
#2175 = CARTESIAN_POINT ( 'NONE',  ( 0.000000000000000000, 7.280000000000003801, 0.000000000000000000 ) ) ;
#2176 = EDGE_CURVE ( 'NONE', #1891, #902, #2987, .T. ) ;
#2177 = LINE ( 'NONE', #3211, #1374 ) ;
#2178 = ORIENTED_EDGE ( 'NONE', *, *, #742, .F. ) ;
#2179 = SHAPE_DEFINITION_REPRESENTATION ( #1009, #1286 ) ;
#2180 = FACE_OUTER_BOUND ( 'NONE', #2946, .T. ) ;
#2181 = AXIS2_PLACEMENT_3D ( 'NONE', #1608, #2363, #1355 ) ;
#2182 = VERTEX_POINT ( 'NONE', #1473 ) ;
#2183 = ORIENTED_EDGE ( 'NONE', *, *, #601, .F. ) ;
#2184 = AXIS2_PLACEMENT_3D ( 'NONE', #347, #418, #1414 ) ;
#2185 = FACE_OUTER_BOUND ( 'NONE', #640, .T. ) ;
#2186 = CARTESIAN_POINT ( 'NONE',  ( 0.000000000000000000, -2.499999999999998668, 0.000000000000000000 ) ) ;
#2187 = ORIENTED_EDGE ( 'NONE', *, *, #2216, .T. ) ;
#2188 = VECTOR ( 'NONE', #3263, 1000.000000000000000 ) ;
#2189 = CARTESIAN_POINT ( 'NONE',  ( 0.000000000000000000, 1.799999999999999600, -2.200000000000000622 ) ) ;
#2190 = ORIENTED_EDGE ( 'NONE', *, *, #1138, .F. ) ;
#2191 = DIRECTION ( 'NONE',  ( -1.000000000000000000, 0.000000000000000000, -0.000000000000000000 ) ) ;
#2192 = CIRCLE ( 'NONE', #1870, 2.540000000000000480 ) ;
#2193 = PRODUCT_DEFINITION_SHAPE ( 'NONE', 'NONE',  #1103 ) ;
#2194 = DIRECTION ( 'NONE',  ( 0.000000000000000000, 0.000000000000000000, 1.000000000000000000 ) ) ;
#2195 = AXIS2_PLACEMENT_3D ( 'NONE', #3144, #2087, #264 ) ;
#2196 = CIRCLE ( 'NONE', #3163, 2.666941363968367007 ) ;
#2197 = CONICAL_SURFACE ( 'NONE', #2308, 1.779999999999999805, 0.7853981633974492782 ) ;
#2198 = CARTESIAN_POINT ( 'NONE',  ( 3.111479456002993969E-16, -11.00000000000000000, 2.450000000000001066 ) ) ;
#2199 = VECTOR ( 'NONE', #2148, 1000.000000000000000 ) ;
#2200 = ADVANCED_BREP_SHAPE_REPRESENTATION ( '', ( #148, #113 ), #1582 ) ;
#2201 = ORIENTED_EDGE ( 'NONE', *, *, #252, .T. ) ;
#2202 = ADVANCED_FACE ( 'NONE', ( #1972 ), #1458, .F. ) ;
#2203 = AXIS2_PLACEMENT_3D ( 'NONE', #632, #1108, #2445 ) ;
#2204 = DIRECTION ( 'NONE',  ( 0.000000000000000000, 1.000000000000000000, 0.000000000000000000 ) ) ;
#2205 = EDGE_LOOP ( 'NONE', ( #1174, #139 ) ) ;
#2206 = ORIENTED_EDGE ( 'NONE', *, *, #2461, .F. ) ;
#2207 = CARTESIAN_POINT ( 'NONE',  ( 0.000000000000000000, 12.00000000000000178, 2.399999999999998579 ) ) ;
#2208 = DIRECTION ( 'NONE',  ( -1.000000000000000000, 0.000000000000000000, -0.000000000000000000 ) ) ;
#2209 = ORIENTED_EDGE ( 'NONE', *, *, #1695, .F. ) ;
#2210 = CYLINDRICAL_SURFACE ( 'NONE', #63, 2.100000000000000089 ) ;
#2211 = VERTEX_POINT ( 'NONE', #1991 ) ;
#2212 = CARTESIAN_POINT ( 'NONE',  ( -7.453542253521126426, 0.000000000000000000, 4.099784491284291121 ) ) ;
#2213 = CARTESIAN_POINT ( 'NONE',  ( 0.9283109037449495116, -8.306432609865469274, -2.272233003937911722 ) ) ;
#2214 = UNCERTAINTY_MEASURE_WITH_UNIT (LENGTH_MEASURE( 1.000000000000000082E-05 ), #1569, 'distance_accuracy_value', 'NONE');
#2215 = FACE_OUTER_BOUND ( 'NONE', #2017, .T. ) ;
#2216 = EDGE_CURVE ( 'NONE', #253, #2603, #1433, .T. ) ;
#2217 = ORIENTED_EDGE ( 'NONE', *, *, #2604, .T. ) ;
#2218 = CARTESIAN_POINT ( 'NONE',  ( 0.000000000000000000, 0.000000000000000000, 0.000000000000000000 ) ) ;
#2219 = VERTEX_POINT ( 'NONE', #1209 ) ;
#2220 = ORIENTED_EDGE ( 'NONE', *, *, #1758, .T. ) ;
#2221 = CARTESIAN_POINT ( 'NONE',  ( -1.187449999999999228, 12.00000000000000178, 2.399999999999998579 ) ) ;
#2222 = ADVANCED_FACE ( 'NONE', ( #442 ), #2197, .T. ) ;
#2223 = EDGE_LOOP ( 'NONE', ( #171, #316, #381, #3198 ) ) ;
#2224 = FACE_OUTER_BOUND ( 'NONE', #2731, .T. ) ;
#2225 = VERTEX_POINT ( 'NONE', #2955 ) ;
#2226 = LINE ( 'NONE', #3261, #241 ) ;
#2227 = CARTESIAN_POINT ( 'NONE',  ( 1.500000000000000000, -9.296725131286487809, -1.937137062781053132 ) ) ;
#2228 = CARTESIAN_POINT ( 'NONE',  ( -1.540454478392659476, -2.499999999999998668, -3.214999999999999858 ) ) ;
#2229 = PRESENTATION_STYLE_ASSIGNMENT (( #2783 ) ) ;
#2230 = VERTEX_POINT ( 'NONE', #630 ) ;
#2231 = ORIENTED_EDGE ( 'NONE', *, *, #661, .T. ) ;
#2232 = CIRCLE ( 'NONE', #875, 2.200000000000000622 ) ;
#2233 = DIRECTION ( 'NONE',  ( -0.000000000000000000, -0.000000000000000000, 1.000000000000000000 ) ) ;
#2234 = VECTOR ( 'NONE', #1522, 1000.000000000000000 ) ;
#2235 = FACE_OUTER_BOUND ( 'NONE', #813, .T. ) ;
#2236 = APPLICATION_CONTEXT ( 'automotive_design' ) ;
#2237 = CARTESIAN_POINT ( 'NONE',  ( 0.000000000000000000, -6.900000000000001243, -2.450000000000000622 ) ) ;
#2238 = ORIENTED_EDGE ( 'NONE', *, *, #2242, .F. ) ;
#2239 = DIRECTION ( 'NONE',  ( 1.267491568863818782E-17, 1.000000000000000000, -0.000000000000000000 ) ) ;
#2240 = AXIS2_PLACEMENT_3D ( 'NONE', #10, #1029, #2566 ) ;
#2241 = VERTEX_POINT ( 'NONE', #679 ) ;
#2242 = EDGE_CURVE ( 'NONE', #2225, #1729, #2443, .T. ) ;
#2243 = DIRECTION ( 'NONE',  ( 0.000000000000000000, 1.000000000000000000, -0.000000000000000000 ) ) ;
#2244 =( GEOMETRIC_REPRESENTATION_CONTEXT ( 3 ) GLOBAL_UNCERTAINTY_ASSIGNED_CONTEXT ( ( #783 ) ) GLOBAL_UNIT_ASSIGNED_CONTEXT ( ( #1383, #158, #617 ) ) REPRESENTATION_CONTEXT ( 'NONE', 'WORKASPACE' ) );
#2245 = VECTOR ( 'NONE', #3110, 1000.000000000000000 ) ;
#2246 = CARTESIAN_POINT ( 'NONE',  ( 0.4059507042253537312, 0.000000000000000000, -4.707528972373827614 ) ) ;
#2247 = DIRECTION ( 'NONE',  ( -1.000000000000000000, -0.000000000000000000, -0.000000000000000000 ) ) ;
#2248 = VERTEX_POINT ( 'NONE', #424 ) ;
#2249 = PRODUCT_DEFINITION_SHAPE ( 'NONE', 'NONE',  #2613 ) ;
#2250 = CLOSED_SHELL ( 'NONE', ( #697, #1994, #2312, #867, #2099, #246, #451, #2709, #1162 ) ) ;
#2251 = CARTESIAN_POINT ( 'NONE',  ( -1.034623193300427513, -11.50043100764222004, 3.413145201583033916 ) ) ;
#2252 = VECTOR ( 'NONE', #881, 1000.000000000000000 ) ;
#2253 = DIRECTION ( 'NONE',  ( 0.000000000000000000, -1.000000000000000000, 0.000000000000000000 ) ) ;
#2254 = CIRCLE ( 'NONE', #1228, 6.000000000000000888 ) ;
#2255 = EDGE_LOOP ( 'NONE', ( #3197, #2775 ) ) ;
#2256 = CARTESIAN_POINT ( 'NONE',  ( 0.000000000000000000, 0.000000000000000000, 0.000000000000000000 ) ) ;
#2257 = DIRECTION ( 'NONE',  ( -0.000000000000000000, 1.000000000000000000, -0.000000000000000000 ) ) ;
#2258 = DIRECTION ( 'NONE',  ( -0.000000000000000000, -1.000000000000000000, -0.000000000000000000 ) ) ;
#2259 = ORIENTED_EDGE ( 'NONE', *, *, #1696, .T. ) ;
#2260 = DIRECTION ( 'NONE',  ( -0.9963024280156237422, -0.000000000000000000, -0.08591549295774721096 ) ) ;
#2261 = EDGE_CURVE ( 'NONE', #1268, #1661, #2144, .T. ) ;
#2262 = ORIENTED_EDGE ( 'NONE', *, *, #2364, .F. ) ;
#2263 = ADVANCED_FACE ( 'NONE', ( #904 ), #3228, .T. ) ;
#2264 = CARTESIAN_POINT ( 'NONE',  ( 0.000000000000000000, 7.280000000000003801, 0.000000000000000000 ) ) ;
#2265 = CARTESIAN_POINT ( 'NONE',  ( -2.781381497271572281E-16, -7.999999999999998224, -2.450000000000001954 ) ) ;
#2266 = CARTESIAN_POINT ( 'NONE',  ( 15.34999999999999964, 0.000000000000000000, 7.650000000000000355 ) ) ;
#2267 = ADVANCED_FACE ( 'NONE', ( #2060 ), #513, .T. ) ;
#2268 = DIRECTION ( 'NONE',  ( -0.000000000000000000, 1.000000000000000000, -0.000000000000000000 ) ) ;
#2269 = ORIENTED_EDGE ( 'NONE', *, *, #1245, .T. ) ;
#2270 = CARTESIAN_POINT ( 'NONE',  ( 0.000000000000000000, 0.000000000000000000, 0.000000000000000000 ) ) ;
#2271 = EDGE_LOOP ( 'NONE', ( #2623, #1353, #2695, #2423 ) ) ;
#2272 = DIRECTION ( 'NONE',  ( -0.000000000000000000, 1.000000000000000000, -0.000000000000000000 ) ) ;
#2273 = CARTESIAN_POINT ( 'NONE',  ( 3.000384657911016356E-16, -6.900000000000001243, 2.450000000000000622 ) ) ;
#2274 = ORIENTED_EDGE ( 'NONE', *, *, #925, .F. ) ;
#2275 = DIRECTION ( 'NONE',  ( 0.000000000000000000, 0.000000000000000000, 1.000000000000000000 ) ) ;
#2276 = AXIS2_PLACEMENT_3D ( 'NONE', #3199, #352, #1902 ) ;
#2277 = EDGE_LOOP ( 'NONE', ( #1512, #351, #2768, #2980 ) ) ;
#2278 = CARTESIAN_POINT ( 'NONE',  ( 7.478862716208942857E-16, -0.3662727272727272498, 0.000000000000000000 ) ) ;
#2279 = ADVANCED_FACE ( 'NONE', ( #2813 ), #787, .T. ) ;
#2280 = LINE ( 'NONE', #648, #2739 ) ;
#2281 = DIRECTION ( 'NONE',  ( 0.000000000000000000, -1.000000000000000000, 0.000000000000000000 ) ) ;
#2282 = FILL_AREA_STYLE_COLOUR ( '', #2097 ) ;
#2283 = ORIENTED_EDGE ( 'NONE', *, *, #1348, .F. ) ;
#2284 = EDGE_CURVE ( 'NONE', #1147, #3193, #269, .T. ) ;
#2285 = DIRECTION ( 'NONE',  ( -0.000000000000000000, -0.000000000000000000, -1.000000000000000000 ) ) ;
#2286 = ORIENTED_EDGE ( 'NONE', *, *, #2624, .T. ) ;
#2287 = DIRECTION ( 'NONE',  ( 0.000000000000000000, 0.000000000000000000, -1.000000000000000000 ) ) ;
#2288 = PLANE ( 'NONE',  #3114 ) ;
#2289 = CARTESIAN_POINT ( 'NONE',  ( 16.55000000000000071, -79.67771224477409930, -9.000000000000001776 ) ) ;
#2290 = DIRECTION ( 'NONE',  ( -0.000000000000000000, 1.000000000000000000, -0.000000000000000000 ) ) ;
#2291 = CARTESIAN_POINT ( 'NONE',  ( -1.035942931227297414, 11.39943079395871983, 2.165941483243329468 ) ) ;
#2292 = ORIENTED_EDGE ( 'NONE', *, *, #890, .T. ) ;
#2293 = CARTESIAN_POINT ( 'NONE',  ( 0.000000000000000000, 1.510254942326796801, 0.000000000000000000 ) ) ;
#2294 = AXIS2_PLACEMENT_3D ( 'NONE', #2293, #2043, #2331 ) ;
#2295 =( GEOMETRIC_REPRESENTATION_CONTEXT ( 3 ) GLOBAL_UNCERTAINTY_ASSIGNED_CONTEXT ( ( #2214 ) ) GLOBAL_UNIT_ASSIGNED_CONTEXT ( ( #1569, #3098, #568 ) ) REPRESENTATION_CONTEXT ( 'NONE', 'WORKASPACE' ) );
#2296 = VECTOR ( 'NONE', #1871, 1000.000000000000000 ) ;
#2297 = LINE ( 'NONE', #782, #338 ) ;
#2298 = CYLINDRICAL_SURFACE ( 'NONE', #2943, 2.100000000000000089 ) ;
#2299 = DIRECTION ( 'NONE',  ( 0.000000000000000000, -1.000000000000000000, 0.000000000000000000 ) ) ;
#2300 = AXIS2_PLACEMENT_3D ( 'NONE', #2102, #311, #804 ) ;
#2301 = ORIENTED_EDGE ( 'NONE', *, *, #1019, .T. ) ;
#2302 = EDGE_CURVE ( 'NONE', #2387, #262, #2095, .T. ) ;
#2303 = CARTESIAN_POINT ( 'NONE',  ( -0.4936113979510335925, -8.080134555070635827, -2.401571501748960724 ) ) ;
#2304 = AXIS2_PLACEMENT_3D ( 'NONE', #3350, #984, #2579 ) ;
#2305 = EDGE_CURVE ( 'NONE', #2918, #397, #218, .T. ) ;
#2306 = ORIENTED_EDGE ( 'NONE', *, *, #2817, .T. ) ;
#2307 = COLOUR_RGB ( '',0.7921568627450980005, 0.8196078431372548767, 0.9333333333333333481 ) ;
#2308 = AXIS2_PLACEMENT_3D ( 'NONE', #2264, #1924, #2479 ) ;
#2309 = FACE_OUTER_BOUND ( 'NONE', #407, .T. ) ;
#2310 = DIRECTION ( 'NONE',  ( 0.000000000000000000, 0.000000000000000000, -1.000000000000000000 ) ) ;
#2311 = PRESENTATION_STYLE_ASSIGNMENT (( #2539 ) ) ;
#2312 = ADVANCED_FACE ( 'NONE', ( #3059 ), #2317, .T. ) ;
#2313 = CARTESIAN_POINT ( 'NONE',  ( 0.3128024937606620481, 13.14819963461391872, 2.380785444517756311 ) ) ;
#2314 = CARTESIAN_POINT ( 'NONE',  ( 0.4059507042253537312, -2.500000000000000000, 4.707528972373827614 ) ) ;
#2315 = EDGE_LOOP ( 'NONE', ( #999, #2435, #2084, #1788 ) ) ;
#2316 = AXIS2_PLACEMENT_3D ( 'NONE', #413, #3009, #2747 ) ;
#2317 = SPHERICAL_SURFACE ( 'NONE', #392, 2.566272727272727483 ) ;
#2318 = CARTESIAN_POINT ( 'NONE',  ( -0.3160968621955966285, 13.15498354402818393, 2.383518244147261989 ) ) ;
#2319 = CARTESIAN_POINT ( 'NONE',  ( 0.7665099686117151645, -10.80431548876743086, 2.334486255524106824 ) ) ;
#2320 = DIRECTION ( 'NONE',  ( -0.000000000000000000, 1.000000000000000000, -0.000000000000000000 ) ) ;
#2321 = CARTESIAN_POINT ( 'NONE',  ( -0.1017490502364979399, -8.000000000000001776, -2.450000000000001066 ) ) ;
#2322 = EDGE_CURVE ( 'NONE', #917, #1268, #3322, .T. ) ;
#2323 = ORIENTED_EDGE ( 'NONE', *, *, #2633, .F. ) ;
#2324 = CARTESIAN_POINT ( 'NONE',  ( -1.870112127915864342, -9.500000000000000000, 3.035112127915869706 ) ) ;
#2325 = DIRECTION ( 'NONE',  ( -0.000000000000000000, 1.000000000000000000, -0.000000000000000000 ) ) ;
#2326 = FILL_AREA_STYLE_COLOUR ( '', #2891 ) ;
#2327 = EDGE_LOOP ( 'NONE', ( #1748, #2002, #350, #2826 ) ) ;
#2328 = CARTESIAN_POINT ( 'NONE',  ( 2.326828918379967914E-16, 14.50000000000000000, 1.899999999999997247 ) ) ;
#2329 = ORIENTED_EDGE ( 'NONE', *, *, #50, .T. ) ;
#2330 = EDGE_CURVE ( 'NONE', #478, #2819, #502, .T. ) ;
#2331 = DIRECTION ( 'NONE',  ( 0.000000000000000000, 0.000000000000000000, 1.000000000000000000 ) ) ;
#2332 = CARTESIAN_POINT ( 'NONE',  ( 2.003641573328415640E-15, 13.18745000000001433, -2.400000000000004352 ) ) ;
#2333 = CARTESIAN_POINT ( 'NONE',  ( 1.317914548559668386, -7.797802003438880192, 3.313557374109666220 ) ) ;
#2334 = CYLINDRICAL_SURFACE ( 'NONE', #1825, 4.725000000000016520 ) ;
#2335 = CARTESIAN_POINT ( 'NONE',  ( 1.187449999999999228, 12.00000000000000178, -2.085656370905809798 ) ) ;
#2336 = ORIENTED_EDGE ( 'NONE', *, *, #1004, .F. ) ;
#2337 = CARTESIAN_POINT ( 'NONE',  ( -7.099999999999999645, 1.355555555555554070, 7.235327725112586064E-29 ) ) ;
#2338 = PLANE ( 'NONE',  #2141 ) ;
#2339 = ORIENTED_EDGE ( 'NONE', *, *, #1308, .F. ) ;
#2340 = CARTESIAN_POINT ( 'NONE',  ( 7.099999999999999645, 1.399999999999999689, -3.673419846319648462E-37 ) ) ;
#2341 = ORIENTED_EDGE ( 'NONE', *, *, #494, .F. ) ;
#2342 = CARTESIAN_POINT ( 'NONE',  ( -10.44263743172962045, -2.500000000000000000, -2.399999999999999911 ) ) ;
#2343 = DIRECTION ( 'NONE',  ( -0.000000000000000000, 0.000000000000000000, -1.000000000000000000 ) ) ;
#2344 = CARTESIAN_POINT ( 'NONE',  ( -0.1575022545498524218, 13.18745000000000367, 2.399999999999999467 ) ) ;
#2345 = EDGE_CURVE ( 'NONE', #778, #3046, #974, .T. ) ;
#2346 = VECTOR ( 'NONE', #3166, 1000.000000000000000 ) ;
#2347 = CARTESIAN_POINT ( 'NONE',  ( 1.230134237107174844, -7.692063213500897056, 3.347646190146066125 ) ) ;
#2348 = VECTOR ( 'NONE', #1747, 1000.000000000000000 ) ;
#2349 = DIRECTION ( 'NONE',  ( 0.000000000000000000, 0.000000000000000000, 1.000000000000000000 ) ) ;
#2350 = AXIS2_PLACEMENT_3D ( 'NONE', #3115, #1046, #1210 ) ;
#2351 = CARTESIAN_POINT ( 'NONE',  ( 0.9490706384025305864, 11.27016814414990442, -2.207380069850460647 ) ) ;
#2352 = CIRCLE ( 'NONE', #2350, 3.564999999999999947 ) ;
#2353 = ORIENTED_EDGE ( 'NONE', *, *, #1061, .F. ) ;
#2354 = AXIS2_PLACEMENT_3D ( 'NONE', #868, #116, #2466 ) ;
#2355 = CARTESIAN_POINT ( 'NONE',  ( -34.92499999999994742, 0.1195716618892367078, 1.519302016609286765 ) ) ;
#2356 = CARTESIAN_POINT ( 'NONE',  ( 2.179871302482288566E-16, 7.280000000000003801, -1.779999999999999805 ) ) ;
#2357 = CARTESIAN_POINT ( 'NONE',  ( -34.92499999999994742, -0.2222040050108315679, 2.823369580865591200 ) ) ;
#2358 = VECTOR ( 'NONE', #1883, 1000.000000000000000 ) ;
#2359 = VERTEX_POINT ( 'NONE', #493 ) ;
#2360 = AXIS2_PLACEMENT_3D ( 'NONE', #695, #1956, #1408 ) ;
#2361 = ORIENTED_EDGE ( 'NONE', *, *, #1308, .T. ) ;
#2362 = DIRECTION ( 'NONE',  ( 0.000000000000000000, 0.000000000000000000, 1.000000000000000000 ) ) ;
#2363 = DIRECTION ( 'NONE',  ( 0.000000000000000000, 1.000000000000000000, 0.000000000000000000 ) ) ;
#2364 = EDGE_CURVE ( 'NONE', #1207, #702, #1258, .T. ) ;
#2365 = DIRECTION ( 'NONE',  ( -0.000000000000000000, 1.000000000000000000, -0.000000000000000000 ) ) ;
#2366 = EDGE_CURVE ( 'NONE', #1946, #1276, #2796, .T. ) ;
#2367 = ORIENTED_EDGE ( 'NONE', *, *, #3190, .T. ) ;
#2368 = FACE_OUTER_BOUND ( 'NONE', #2223, .T. ) ;
#2369 = DIRECTION ( 'NONE',  ( 0.000000000000000000, 0.000000000000000000, 1.000000000000000000 ) ) ;
#2370 = ADVANCED_FACE ( 'NONE', ( #2020 ), #3294, .T. ) ;
#2371 = CARTESIAN_POINT ( 'NONE',  ( 7.099999999999999645, 1.399999999999999689, -2.282436685593039360 ) ) ;
#2372 = DIRECTION ( 'NONE',  ( -1.000000000000000000, -0.000000000000000000, -0.000000000000000000 ) ) ;
#2373 = ORIENTED_EDGE ( 'NONE', *, *, #763, .F. ) ;
#2374 = ORIENTED_EDGE ( 'NONE', *, *, #2345, .F. ) ;
#2375 = CARTESIAN_POINT ( 'NONE',  ( -0.4059507042253541753, 0.000000000000000000, -4.707528972373827614 ) ) ;
#2376 = SPHERICAL_SURFACE ( 'NONE', #882, 2.244444444444445796 ) ;
#2377 = DIRECTION ( 'NONE',  ( 0.000000000000000000, 0.000000000000000000, 1.000000000000000000 ) ) ;
#2378 = ORIENTED_EDGE ( 'NONE', *, *, #1651, .F. ) ;
#2379 = EDGE_CURVE ( 'NONE', #821, #2702, #988, .T. ) ;
#2380 = CARTESIAN_POINT ( 'NONE',  ( 0.2854148316753343240, -7.121778417715582954, 3.556168711471313415 ) ) ;
#2381 = CARTESIAN_POINT ( 'NONE',  ( -7.099999999999999645, 0.000000000000000000, 3.100000000000000533 ) ) ;
#2382 = CIRCLE ( 'NONE', #3136, 4.725000000000016520 ) ;
#2383 = CARTESIAN_POINT ( 'NONE',  ( 0.7333619004333856717, 11.05365443019787719, -2.288108863765783152 ) ) ;
#2384 = EDGE_CURVE ( 'NONE', #2182, #3183, #1148, .T. ) ;
#2385 = DIRECTION ( 'NONE',  ( -1.000000000000000000, -0.000000000000000000, -0.000000000000000000 ) ) ;
#2386 = CARTESIAN_POINT ( 'NONE',  ( -1.343642616303090565, -8.826068496912530037, 2.049206759811407874 ) ) ;
#2387 = VERTEX_POINT ( 'NONE', #3077 ) ;
#2388 = ORIENTED_EDGE ( 'NONE', *, *, #653, .F. ) ;
#2389 = PLANE ( 'NONE',  #659 ) ;
#2390 = LINE ( 'NONE', #330, #1474 ) ;
#2391 = DIRECTION ( 'NONE',  ( -1.000000000000000000, -0.000000000000000000, -0.000000000000000000 ) ) ;
#2392 = ORIENTED_EDGE ( 'NONE', *, *, #1348, .T. ) ;
#2393 = CARTESIAN_POINT ( 'NONE',  ( 1.499999999999999556, -9.500000000000000000, -1.937137062781053354 ) ) ;
#2394 = DIRECTION ( 'NONE',  ( 1.000000000000000000, 0.000000000000000000, 0.000000000000000000 ) ) ;
#2395 = CIRCLE ( 'NONE', #772, 1.385000000000001119 ) ;
#2396 = PRODUCT_DEFINITION_FORMATION_WITH_SPECIFIED_SOURCE ( 'ANY', '', #2977, .NOT_KNOWN. ) ;
#2397 = CARTESIAN_POINT ( 'NONE',  ( -0.1015150495732913827, -11.00000000000000533, 2.450000000000004619 ) ) ;
#2398 = ADVANCED_FACE ( 'NONE', ( #3041 ), #750, .T. ) ;
#2399 = AXIS2_PLACEMENT_3D ( 'NONE', #480, #3342, #3324 ) ;
#2400 = EDGE_CURVE ( 'NONE', #1362, #943, #1804, .T. ) ;
#2401 = CARTESIAN_POINT ( 'NONE',  ( -7.099999999999999645, 1.799999999999999600, -2.200000000000000622 ) ) ;
#2402 = EDGE_CURVE ( 'NONE', #687, #778, #2390, .T. ) ;
#2403 = DIRECTION ( 'NONE',  ( -1.000000000000000000, 1.267491568863818936E-17, -0.000000000000000000 ) ) ;
#2404 = ORIENTED_EDGE ( 'NONE', *, *, #1122, .T. ) ;
#2405 = CIRCLE ( 'NONE', #1814, 0.3999999999999993006 ) ;
#2406 = ORIENTED_EDGE ( 'NONE', *, *, #2748, .T. ) ;
#2407 = CONICAL_SURFACE ( 'NONE', #2836, 3.100000000000000533, 0.2792526803190863993 ) ;
#2408 = DIRECTION ( 'NONE',  ( -1.000000000000000000, 0.000000000000000000, 0.000000000000000000 ) ) ;
#2409 = LINE ( 'NONE', #1119, #58 ) ;
#2410 = EDGE_CURVE ( 'NONE', #282, #667, #2990, .T. ) ;
#2411 = VECTOR ( 'NONE', #163, 1000.000000000000000 ) ;
#2412 = CARTESIAN_POINT ( 'NONE',  ( 2.179871302482288566E-16, 0.000000000000000000, -1.779999999999999805 ) ) ;
#2413 = ORIENTED_EDGE ( 'NONE', *, *, #1380, .T. ) ;
#2414 = COLOUR_RGB ( '',0.7921568627450980005, 0.8196078431372548767, 0.9333333333333333481 ) ;
#2415 = PRODUCT_DEFINITION_CONTEXT ( 'detailed design', #3160, 'design' ) ;
#2416 = AXIS2_PLACEMENT_3D ( 'NONE', #2509, #2714, #389 ) ;
#2417 = DIRECTION ( 'NONE',  ( 1.267491568863818782E-17, 1.000000000000000000, -0.000000000000000000 ) ) ;
#2418 = VECTOR ( 'NONE', #309, 1000.000000000000000 ) ;
#2419 = LINE ( 'NONE', #1410, #2418 ) ;
#2420 = CARTESIAN_POINT ( 'NONE',  ( 2.147261119828951195E-16, 0.000000000000000000, 0.000000000000000000 ) ) ;
#2421 = DIRECTION ( 'NONE',  ( 1.000000000000000000, 0.000000000000000000, 0.000000000000000000 ) ) ;
#2422 =( NAMED_UNIT ( * ) SI_UNIT ( $, .STERADIAN. ) SOLID_ANGLE_UNIT ( ) );
#2423 = ORIENTED_EDGE ( 'NONE', *, *, #1989, .F. ) ;
#2424 = VERTEX_POINT ( 'NONE', #2643 ) ;
#2425 = DIRECTION ( 'NONE',  ( -0.000000000000000000, -0.000000000000000000, 1.000000000000000000 ) ) ;
#2426 = PLANE ( 'NONE',  #2450 ) ;
#2427 = ORIENTED_EDGE ( 'NONE', *, *, #3356, .F. ) ;
#2428 = ADVANCED_FACE ( 'NONE', ( #2611 ), #1623, .F. ) ;
#2429 = CARTESIAN_POINT ( 'NONE',  ( 0.7669273842169516131, -10.80431312893514928, -2.334474694431798891 ) ) ;
#2430 = DIRECTION ( 'NONE',  ( -1.000000000000000000, -0.000000000000000000, -1.224646799147353207E-16 ) ) ;
#2431 = DIRECTION ( 'NONE',  ( 0.000000000000000000, -1.000000000000000000, 0.000000000000000000 ) ) ;
#2432 = APPLICATION_PROTOCOL_DEFINITION ( 'draft international standard', 'automotive_design', 1998, #371 ) ;
#2433 = DIRECTION ( 'NONE',  ( -0.000000000000000000, 1.000000000000000000, -0.000000000000000000 ) ) ;
#2434 = LINE ( 'NONE', #547, #1877 ) ;
#2435 = ORIENTED_EDGE ( 'NONE', *, *, #2856, .T. ) ;
#2436 = ORIENTED_EDGE ( 'NONE', *, *, #1411, .F. ) ;
#2437 = DIRECTION ( 'NONE',  ( 0.000000000000000000, 0.000000000000000000, 1.000000000000000000 ) ) ;
#2438 = PLANE ( 'NONE',  #732 ) ;
#2439 = ORIENTED_EDGE ( 'NONE', *, *, #1965, .F. ) ;
#2440 = DIRECTION ( 'NONE',  ( 1.000000000000000000, 0.000000000000000000, 0.000000000000000000 ) ) ;
#2441 = EDGE_CURVE ( 'NONE', #2182, #2387, #1837, .T. ) ;
#2442 = ORIENTED_EDGE ( 'NONE', *, *, #1611, .T. ) ;
#2443 = LINE ( 'NONE', #2698, #2843 ) ;
#2444 = ADVANCED_FACE ( 'NONE', ( #2866 ), #845, .F. ) ;
#2445 = DIRECTION ( 'NONE',  ( 0.000000000000000000, 0.000000000000000000, -1.000000000000000000 ) ) ;
#2446 = CARTESIAN_POINT ( 'NONE',  ( -1.499999999999999556, -9.500000000000000000, 1.937137062781052910 ) ) ;
#2447 = ORIENTED_EDGE ( 'NONE', *, *, #2059, .T. ) ;
#2448 = DIRECTION ( 'NONE',  ( 1.000000000000000000, 0.000000000000000000, 0.000000000000000000 ) ) ;
#2449 = DIRECTION ( 'NONE',  ( 0.000000000000000000, -1.000000000000000000, 0.000000000000000000 ) ) ;
#2450 = AXIS2_PLACEMENT_3D ( 'NONE', #94, #877, #2629 ) ;
#2451 = ORIENTED_EDGE ( 'NONE', *, *, #2302, .T. ) ;
#2452 = ORIENTED_EDGE ( 'NONE', *, *, #1556, .T. ) ;
#2453 = COLOUR_RGB ( '',0.7921568627450980005, 0.8196078431372548767, 0.9333333333333333481 ) ;
#2454 = DIRECTION ( 'NONE',  ( 0.000000000000000000, -0.000000000000000000, -1.000000000000000000 ) ) ;
#2455 = CARTESIAN_POINT ( 'NONE',  ( -2.781381497271572281E-16, -7.999999999999998224, -2.450000000000001954 ) ) ;
#2456 = VERTEX_POINT ( 'NONE', #1102 ) ;
#2457 = AXIS2_PLACEMENT_3D ( 'NONE', #2482, #698, #3297 ) ;
#2458 = LINE ( 'NONE', #1441, #2722 ) ;
#2459 = ORIENTED_EDGE ( 'NONE', *, *, #50, .F. ) ;
#2460 = DIRECTION ( 'NONE',  ( 0.000000000000000000, 1.000000000000000000, -0.000000000000000000 ) ) ;
#2461 = EDGE_CURVE ( 'NONE', #2985, #2918, #4, .T. ) ;
#2462 = CIRCLE ( 'NONE', #728, 4.725000000000016520 ) ;
#2463 = PRODUCT ( 'Landing-Taxi-Light-Switch-Assy', 'Landing-Taxi-Light-Switch-Assy', '', ( #856 ) ) ;
#2464 = CARTESIAN_POINT ( 'NONE',  ( 1.830438772419800353, -10.06597832703563178, 3.060568564087919441 ) ) ;
#2465 =( GEOMETRIC_REPRESENTATION_CONTEXT ( 3 ) GLOBAL_UNCERTAINTY_ASSIGNED_CONTEXT ( ( #2076 ) ) GLOBAL_UNIT_ASSIGNED_CONTEXT ( ( #3029, #1129, #963 ) ) REPRESENTATION_CONTEXT ( 'NONE', 'WORKASPACE' ) );
#2466 = DIRECTION ( 'NONE',  ( -1.000000000000000000, 0.000000000000000000, 0.000000000000000000 ) ) ;
#2467 = EDGE_LOOP ( 'NONE', ( #737, #1684, #2804, #1054 ) ) ;
#2468 = AXIS2_PLACEMENT_3D ( 'NONE', #1360, #2648, #64 ) ;
#2469 = EDGE_CURVE ( 'NONE', #3046, #2542, #811, .T. ) ;
#2470 = CARTESIAN_POINT ( 'NONE',  ( 0.000000000000000000, 28.99999999999999645, -1.734723475976807094E-15 ) ) ;
#2471 = FACE_OUTER_BOUND ( 'NONE', #225, .T. ) ;
#2472 = VERTEX_POINT ( 'NONE', #2657 ) ;
#2473 = ORIENTED_EDGE ( 'NONE', *, *, #223, .F. ) ;
#2474 = FACE_OUTER_BOUND ( 'NONE', #3153, .T. ) ;
#2475 = DIRECTION ( 'NONE',  ( -1.000000000000000000, 0.000000000000000000, -1.224646799147353207E-16 ) ) ;
#2476 = VERTEX_POINT ( 'NONE', #1076 ) ;
#2477 = DIRECTION ( 'NONE',  ( 0.000000000000000000, 1.000000000000000000, 0.000000000000000000 ) ) ;
#2478 = ORIENTED_EDGE ( 'NONE', *, *, #2366, .T. ) ;
#2479 = DIRECTION ( 'NONE',  ( 0.000000000000000000, 0.000000000000000000, 1.000000000000000000 ) ) ;
#2480 = AXIS2_PLACEMENT_3D ( 'NONE', #2726, #1948, #2947 ) ;
#2481 = CARTESIAN_POINT ( 'NONE',  ( 7.099999999999999645, 1.799999999999999600, -2.200000000000000622 ) ) ;
#2482 = CARTESIAN_POINT ( 'NONE',  ( 0.000000000000000000, -9.500000000000000000, -3.214999999999999858 ) ) ;
#2483 = VERTEX_POINT ( 'NONE', #2879 ) ;
#2484 = CARTESIAN_POINT ( 'NONE',  ( 0.000000000000000000, -2.500000000000000000, -1.214306433183764966E-14 ) ) ;
#2485 = EDGE_CURVE ( 'NONE', #2483, #2985, #1370, .T. ) ;
#2486 = ORIENTED_EDGE ( 'NONE', *, *, #1365, .F. ) ;
#2487 = DIRECTION ( 'NONE',  ( 1.000000000000000000, 0.000000000000000000, 0.000000000000000000 ) ) ;
#2488 = PRODUCT_DEFINITION_SHAPE ( 'NONE', 'NONE',  #3212 ) ;
#2489 = FACE_OUTER_BOUND ( 'NONE', #1196, .T. ) ;
#2490 = CARTESIAN_POINT ( 'NONE',  ( 0.000000000000000000, -2.500000000000000000, 2.400000000000000355 ) ) ;
#2491 = ORIENTED_EDGE ( 'NONE', *, *, #1778, .T. ) ;
#2492 = CARTESIAN_POINT ( 'NONE',  ( 0.000000000000000000, 0.000000000000000000, -1.214306433183764966E-14 ) ) ;
#2493 = VERTEX_POINT ( 'NONE', #8 ) ;
#2494 = DIRECTION ( 'NONE',  ( 0.000000000000000000, 0.000000000000000000, -1.000000000000000000 ) ) ;
#2495 = CARTESIAN_POINT ( 'NONE',  ( 7.626686801090341523E-16, 0.7999999999999999334, 0.000000000000000000 ) ) ;
#2496 = CYLINDRICAL_SURFACE ( 'NONE', #2729, 2.450000000000000622 ) ;
#2497 = ORIENTED_EDGE ( 'NONE', *, *, #2685, .F. ) ;
#2498 = CARTESIAN_POINT ( 'NONE',  ( -1.870112127915864342, -9.500000000000000000, 3.035112127915869706 ) ) ;
#2499 = DIRECTION ( 'NONE',  ( 0.000000000000000000, 0.000000000000000000, -1.000000000000000000 ) ) ;
#2500 = EDGE_LOOP ( 'NONE', ( #483, #2154, #2143, #3225 ) ) ;
#2501 = AXIS2_PLACEMENT_3D ( 'NONE', #3341, #2584, #1306 ) ;
#2502 = CARTESIAN_POINT ( 'NONE',  ( -0.5566095617125850215, -7.203248832921998357, 3.523972429487927549 ) ) ;
#2503 = CARTESIAN_POINT ( 'NONE',  ( 0.4012227109660921331, -10.95891421515436548, -2.424246284478809077 ) ) ;
#2504 = ORIENTED_EDGE ( 'NONE', *, *, #1300, .F. ) ;
#2505 = DIRECTION ( 'NONE',  ( -1.000000000000000000, 1.267491568863818782E-17, 0.000000000000000000 ) ) ;
#2506 = VECTOR ( 'NONE', #1969, 1000.000000000000000 ) ;
#2507 = VERTEX_POINT ( 'NONE', #3168 ) ;
#2508 = EDGE_CURVE ( 'NONE', #2137, #2472, #1889, .T. ) ;
#2509 = CARTESIAN_POINT ( 'NONE',  ( 2.989697210879928740E-16, 6.646482799141129050, 0.000000000000000000 ) ) ;
#2510 = CIRCLE ( 'NONE', #453, 1.499999999999999556 ) ;
#2511 = CARTESIAN_POINT ( 'NONE',  ( 0.4941621698828779774, -8.080328020896281771, -2.401456860574408658 ) ) ;
#2512 = VECTOR ( 'NONE', #1067, 1000.000000000000000 ) ;
#2513 = CARTESIAN_POINT ( 'NONE',  ( 2.003641573328415640E-15, 13.18745000000001433, -2.400000000000004352 ) ) ;
#2514 = CARTESIAN_POINT ( 'NONE',  ( 7.099999999999999645, 0.000000000000000000, -3.673419846319648462E-37 ) ) ;
#2515 = AXIS2_PLACEMENT_3D ( 'NONE', #186, #2762, #3006 ) ;
#2516 = ORIENTED_EDGE ( 'NONE', *, *, #1846, .T. ) ;
#2517 = AXIS2_PLACEMENT_3D ( 'NONE', #3348, #1536, #1467 ) ;
#2518 = VECTOR ( 'NONE', #1115, 1000.000000000000000 ) ;
#2519 = FACE_OUTER_BOUND ( 'NONE', #2165, .T. ) ;
#2520 = VECTOR ( 'NONE', #1841, 1000.000000000000000 ) ;
#2521 = ORIENTED_EDGE ( 'NONE', *, *, #2400, .F. ) ;
#2522 =( REPRESENTATION_RELATIONSHIP ('NONE','NONE', #1541, #716 ) REPRESENTATION_RELATIONSHIP_WITH_TRANSFORMATION ( #1513 )SHAPE_REPRESENTATION_RELATIONSHIP( ) );
#2523 = CARTESIAN_POINT ( 'NONE',  ( 1.499999999999999556, -9.500000000000000000, -3.214999999999999858 ) ) ;
#2524 = EDGE_CURVE ( 'NONE', #1900, #198, #2409, .T. ) ;
#2525 = FACE_OUTER_BOUND ( 'NONE', #3087, .T. ) ;
#2526 = DIRECTION ( 'NONE',  ( -1.267491568863818782E-17, -1.000000000000000000, 0.000000000000000000 ) ) ;
#2527 = ORIENTED_EDGE ( 'NONE', *, *, #46, .T. ) ;
#2528 = LINE ( 'NONE', #1953, #2938 ) ;
#2529 = ORIENTED_EDGE ( 'NONE', *, *, #2748, .F. ) ;
#2530 = DIRECTION ( 'NONE',  ( -0.000000000000000000, 1.000000000000000000, -0.000000000000000000 ) ) ;
#2531 = EDGE_CURVE ( 'NONE', #3232, #606, #2395, .T. ) ;
#2532 = CARTESIAN_POINT ( 'NONE',  ( 1.187449999999999228, 12.00000000000000178, -2.085656370905809798 ) ) ;
#2533 = DIRECTION ( 'NONE',  ( 0.000000000000000000, 0.000000000000000000, -1.000000000000000000 ) ) ;
#2534 = ORIENTED_EDGE ( 'NONE', *, *, #450, .F. ) ;
#2535 = CARTESIAN_POINT ( 'NONE',  ( -0.7616382845650596645, -8.204181547714792799, -2.330147266046922017 ) ) ;
#2536 = ORIENTED_EDGE ( 'NONE', *, *, #46, .F. ) ;
#2537 = DIRECTION ( 'NONE',  ( -0.000000000000000000, -0.000000000000000000, -1.000000000000000000 ) ) ;
#2538 = FACE_OUTER_BOUND ( 'NONE', #1313, .T. ) ;
#2539 = SURFACE_STYLE_USAGE ( .BOTH. , #1289 ) ;
#2540 = ORIENTED_EDGE ( 'NONE', *, *, #2907, .T. ) ;
#2541 = CARTESIAN_POINT ( 'NONE',  ( -0.1582763653303777551, 10.82053529874048436, 2.396020773937771242 ) ) ;
#2542 = VERTEX_POINT ( 'NONE', #592 ) ;
#2543 = DIRECTION ( 'NONE',  ( 0.000000000000000000, 0.000000000000000000, 1.000000000000000000 ) ) ;
#2544 = ADVANCED_FACE ( 'NONE', ( #2627 ), #303, .F. ) ;
#2545 = CARTESIAN_POINT ( 'NONE',  ( 0.000000000000000000, -0.2222040050108315679, 2.823369580865591200 ) ) ;
#2546 = EDGE_CURVE ( 'NONE', #328, #2788, #1154, .T. ) ;
#2547 = CARTESIAN_POINT ( 'NONE',  ( 2.939152317953646119E-16, -2.388911183883944744, -2.399999999999998579 ) ) ;
#2548 = CARTESIAN_POINT ( 'NONE',  ( 1.499999999999999556, -9.500000000000000000, -3.215000000000000302 ) ) ;
#2549 = EDGE_LOOP ( 'NONE', ( #358, #2690, #1227, #2529 ) ) ;
#2550 = CONTEXT_DEPENDENT_SHAPE_REPRESENTATION ( #2522, #187 ) ;
#2551 = PRODUCT_RELATED_PRODUCT_CATEGORY ( 'part', '', ( #2463 ) ) ;
#2552 = DIRECTION ( 'NONE',  ( 0.000000000000000000, 0.000000000000000000, -1.000000000000000000 ) ) ;
#2553 = VERTEX_POINT ( 'NONE', #2675 ) ;
#2554 = ORIENTED_EDGE ( 'NONE', *, *, #1345, .T. ) ;
#2555 = CARTESIAN_POINT ( 'NONE',  ( -7.099999999999999645, 1.510254942326796801, 7.235327725112586064E-29 ) ) ;
#2556 = FACE_OUTER_BOUND ( 'NONE', #2549, .T. ) ;
#2557 =( LENGTH_UNIT ( ) NAMED_UNIT ( * ) SI_UNIT ( .MILLI., .METRE. ) );
#2558 = CARTESIAN_POINT ( 'NONE',  ( 1.187449999999999894, 12.15712152841562954, 2.085656370905811130 ) ) ;
#2559 = CARTESIAN_POINT ( 'NONE',  ( -1.187450000000261019, 11.99999999999904965, 2.085656370905900836 ) ) ;
#2560 = ORIENTED_EDGE ( 'NONE', *, *, #1260, .F. ) ;
#2561 = AXIS2_PLACEMENT_3D ( 'NONE', #1238, #1999, #741 ) ;
#2562 = CARTESIAN_POINT ( 'NONE',  ( -7.099999999999999645, -8.439696961966999922, 7.235327725112586064E-29 ) ) ;
#2563 = VECTOR ( 'NONE', #235, 1000.000000000000000 ) ;
#2564 = AXIS2_PLACEMENT_3D ( 'NONE', #1001, #3288, #486 ) ;
#2565 = AXIS2_PLACEMENT_3D ( 'NONE', #608, #2677, #2440 ) ;
#2566 = DIRECTION ( 'NONE',  ( 0.000000000000000000, 0.000000000000000000, -1.000000000000000000 ) ) ;
#2567 = ADVANCED_FACE ( 'NONE', ( #354 ), #2376, .T. ) ;
#2568 = CARTESIAN_POINT ( 'NONE',  ( 0.6859830152773167544, -7.263317981246958155, 3.500501520326444904 ) ) ;
#2569 = DIRECTION ( 'NONE',  ( 1.267491568863818782E-17, 1.000000000000000000, -0.000000000000000000 ) ) ;
#2570 = AXIS2_PLACEMENT_3D ( 'NONE', #1753, #2281, #444 ) ;
#2571 = ORIENTED_EDGE ( 'NONE', *, *, #411, .F. ) ;
#2572 = CARTESIAN_POINT ( 'NONE',  ( -1.458288922667277054, -9.097988803917283818, -1.970872898384760541 ) ) ;
#2573 = ORIENTED_EDGE ( 'NONE', *, *, #1717, .F. ) ;
#2574 = EDGE_CURVE ( 'NONE', #2507, #365, #117, .T. ) ;
#2575 = AXIS2_PLACEMENT_3D ( 'NONE', #858, #840, #1071 ) ;
#2576 = VECTOR ( 'NONE', #730, 1000.000000000000114 ) ;
#2577 = LINE ( 'NONE', #2014, #263 ) ;
#2578 = CARTESIAN_POINT ( 'NONE',  ( -1.042175740075509616, -7.483564847053103541, 3.418072229698237763 ) ) ;
#2579 = DIRECTION ( 'NONE',  ( 1.000000000000000000, -2.112406372407904785E-17, 0.000000000000000000 ) ) ;
#2580 = ORIENTED_EDGE ( 'NONE', *, *, #2059, .F. ) ;
#2581 = FACE_OUTER_BOUND ( 'NONE', #1998, .T. ) ;
#2582 = ORIENTED_EDGE ( 'NONE', *, *, #1945, .F. ) ;
#2583 = AXIS2_PLACEMENT_3D ( 'NONE', #2161, #2530, #1246 ) ;
#2584 = DIRECTION ( 'NONE',  ( -0.000000000000000000, 1.000000000000000000, -0.000000000000000000 ) ) ;
#2585 = CARTESIAN_POINT ( 'NONE',  ( -0.1582763653303777551, 13.17946470125952274, -2.396020773937771242 ) ) ;
#2586 = CARTESIAN_POINT ( 'NONE',  ( -1.499999999999999556, -9.600658205449850158, -1.937137062781052688 ) ) ;
#2587 = CARTESIAN_POINT ( 'NONE',  ( 15.34999999999999964, -14.00000000000000000, -7.650000000000000355 ) ) ;
#2588 = EDGE_CURVE ( 'NONE', #1127, #1891, #576, .T. ) ;
#2589 = CARTESIAN_POINT ( 'NONE',  ( -7.099999999999999645, -2.000000000000000000, 7.235327725112586064E-29 ) ) ;
#2590 = ORIENTED_EDGE ( 'NONE', *, *, #1629, .T. ) ;
#2591 = CARTESIAN_POINT ( 'NONE',  ( -0.2856803400974619600, -11.87819222117416551, 3.556156400931318018 ) ) ;
#2592 = ADVANCED_FACE ( 'NONE', ( #1389, #2235 ), #2438, .T. ) ;
#2593 = FILL_AREA_STYLE ('',( #2326 ) ) ;
#2594 = VERTEX_POINT ( 'NONE', #368 ) ;
#2595 = CARTESIAN_POINT ( 'NONE',  ( -1.179636306874626728, 11.84297261793858524, 2.090160534036912487 ) ) ;
#2596 = ORIENTED_EDGE ( 'NONE', *, *, #431, .T. ) ;
#2597 = DIRECTION ( 'NONE',  ( -0.000000000000000000, 0.000000000000000000, -1.000000000000000000 ) ) ;
#2598 = CARTESIAN_POINT ( 'NONE',  ( 0.000000000000000000, -2.500000000000000000, -1.214306433183764966E-14 ) ) ;
#2599 = CYLINDRICAL_SURFACE ( 'NONE', #9, 1.385000000000001119 ) ;
#2600 = DIRECTION ( 'NONE',  ( 0.000000000000000000, 0.000000000000000000, -1.000000000000000000 ) ) ;
#2601 = DIRECTION ( 'NONE',  ( -0.000000000000000000, 1.000000000000000000, -0.000000000000000000 ) ) ;
#2602 = CARTESIAN_POINT ( 'NONE',  ( 0.000000000000000000, 7.900000000000000355, 0.000000000000000000 ) ) ;
#2603 = VERTEX_POINT ( 'NONE', #624 ) ;
#2604 = EDGE_CURVE ( 'NONE', #1085, #2225, #3167, .T. ) ;
#2605 = CARTESIAN_POINT ( 'NONE',  ( 0.000000000000000000, -2.500000000000000000, -2.399999999999999911 ) ) ;
#2606 = LINE ( 'NONE', #279, #1708 ) ;
#2607 = DIRECTION ( 'NONE',  ( 0.000000000000000000, 0.000000000000000000, 1.000000000000000000 ) ) ;
#2608 = ORIENTED_EDGE ( 'NONE', *, *, #2037, .T. ) ;
#2609 = VERTEX_POINT ( 'NONE', #2948 ) ;
#2610 = DIRECTION ( 'NONE',  ( 0.000000000000000000, -0.7071067811865493491, -0.7071067811865456854 ) ) ;
#2611 = FACE_OUTER_BOUND ( 'NONE', #1201, .T. ) ;
#2612 = CARTESIAN_POINT ( 'NONE',  ( -0.7315437271414184650, 12.94767707713186056, 2.288684519903031678 ) ) ;
#2613 = PRODUCT_DEFINITION ( 'UNKNOWN', '', #1364, #2415 ) ;
#2614 = DIRECTION ( 'NONE',  ( 0.000000000000000000, 0.000000000000000000, -1.000000000000000000 ) ) ;
#2615 = VECTOR ( 'NONE', #1406, 1000.000000000000000 ) ;
#2616 = FACE_OUTER_BOUND ( 'NONE', #1515, .T. ) ;
#2617 = TOROIDAL_SURFACE ( 'NONE', #396, 2.282436685593039360, 0.3999999999999995226 ) ;
#2618 = CARTESIAN_POINT ( 'NONE',  ( 0.000000000000000000, -6.900000000000001243, 0.000000000000000000 ) ) ;
#2619 = CIRCLE ( 'NONE', #3001, 1.899999999999995470 ) ;
#2620 = VECTOR ( 'NONE', #2425, 1000.000000000000000 ) ;
#2621 = DIRECTION ( 'NONE',  ( 0.08591549295774721096, 0.000000000000000000, -0.9963024280156238532 ) ) ;
#2622 = ORIENTED_EDGE ( 'NONE', *, *, #3251, .F. ) ;
#2623 = ORIENTED_EDGE ( 'NONE', *, *, #1576, .T. ) ;
#2624 = EDGE_CURVE ( 'NONE', #2594, #2640, #1454, .T. ) ;
#2625 = SURFACE_SIDE_STYLE ('',( #1592 ) ) ;
#2626 = AXIS2_PLACEMENT_3D ( 'NONE', #3224, #947, #2208 ) ;
#2627 = FACE_OUTER_BOUND ( 'NONE', #2315, .T. ) ;
#2628 = AXIS2_PLACEMENT_3D ( 'NONE', #2514, #2800, #2533 ) ;
#2629 = DIRECTION ( 'NONE',  ( 0.000000000000000000, -0.000000000000000000, -1.000000000000000000 ) ) ;
#2630 = CIRCLE ( 'NONE', #1014, 4.114999999999998437 ) ;
#2631 = ORIENTED_EDGE ( 'NONE', *, *, #803, .F. ) ;
#2632 = DIRECTION ( 'NONE',  ( 0.000000000000000000, -1.000000000000000000, 0.000000000000000000 ) ) ;
#2633 = EDGE_CURVE ( 'NONE', #3306, #2230, #3281, .T. ) ;
#2634 = CARTESIAN_POINT ( 'NONE',  ( 7.099999999999999645, 1.510254942326796801, 2.666941363968367451 ) ) ;
#2635 = CARTESIAN_POINT ( 'NONE',  ( 1.155061942598020197, 11.68437719458892232, -2.104825729191128758 ) ) ;
#2636 = ORIENTED_EDGE ( 'NONE', *, *, #2302, .F. ) ;
#2637 = SHAPE_REPRESENTATION_RELATIONSHIP ( 'NONE' , 'NONE' ,  #1895, #941 ) ;
#2638 = DIRECTION ( 'NONE',  ( -1.000000000000000000, 0.000000000000000000, 0.000000000000000000 ) ) ;
#2639 = CARTESIAN_POINT ( 'NONE',  ( -1.457813909463543833, -9.096248578735838919, 1.971236643476609096 ) ) ;
#2640 = VERTEX_POINT ( 'NONE', #403 ) ;
#2641 = VERTEX_POINT ( 'NONE', #1920 ) ;
#2642 = DIRECTION ( 'NONE',  ( 0.000000000000000000, 0.000000000000000000, -1.000000000000000000 ) ) ;
#2643 = CARTESIAN_POINT ( 'NONE',  ( 0.000000000000000000, 0.1195716618892367217, 1.519302016609286987 ) ) ;
#2644 = LINE ( 'NONE', #1104, #229 ) ;
#2645 = ORIENTED_EDGE ( 'NONE', *, *, #1338, .F. ) ;
#2646 = ADVANCED_FACE ( 'NONE', ( #3271 ), #1146, .F. ) ;
#2647 = DIRECTION ( 'NONE',  ( -0.000000000000000000, -1.000000000000000000, 0.000000000000000000 ) ) ;
#2648 = DIRECTION ( 'NONE',  ( -1.000000000000000000, 1.267491568863818936E-17, 0.000000000000000000 ) ) ;
#2649 = EDGE_CURVE ( 'NONE', #3311, #895, #1823, .T. ) ;
#2650 = DIRECTION ( 'NONE',  ( 0.000000000000000000, 1.000000000000000000, 0.000000000000000000 ) ) ;
#2651 = ORIENTED_EDGE ( 'NONE', *, *, #2933, .F. ) ;
#2652 = EDGE_CURVE ( 'NONE', #2594, #1099, #336, .T. ) ;
#2653 = CARTESIAN_POINT ( 'NONE',  ( 0.000000000000000000, -9.500000000000000000, 2.665000000000008473 ) ) ;
#2654 = ORIENTED_EDGE ( 'NONE', *, *, #537, .T. ) ;
#2655 = VERTEX_POINT ( 'NONE', #384 ) ;
#2656 = DIRECTION ( 'NONE',  ( 0.000000000000000000, 1.000000000000000000, -0.000000000000000000 ) ) ;
#2657 = CARTESIAN_POINT ( 'NONE',  ( -0.4059507042253537312, 0.000000000000000000, 4.707528972373827614 ) ) ;
#2658 = CARTESIAN_POINT ( 'NONE',  ( 15.34999999999999964, -14.00000000000000000, -7.650000000000000355 ) ) ;
#2659 = VERTEX_POINT ( 'NONE', #2455 ) ;
#2660 = CARTESIAN_POINT ( 'NONE',  ( -10.44263743172961867, -2.000000000000000000, 2.400000000000000355 ) ) ;
#2661 = CARTESIAN_POINT ( 'NONE',  ( 7.099999999999999645, 0.000000000000000000, -3.673419846319648462E-37 ) ) ;
#2662 = ADVANCED_FACE ( 'NONE', ( #1951, #2170, #125, #2489 ), #1712, .F. ) ;
#2663 = AXIS2_PLACEMENT_3D ( 'NONE', #1164, #2720, #417 ) ;
#2664 = CARTESIAN_POINT ( 'NONE',  ( -0.9194486225195249718, -10.68908876870812286, 2.272523941092615463 ) ) ;
#2665 = AXIS2_PLACEMENT_3D ( 'NONE', #1339, #827, #3186 ) ;
#2666 = PRODUCT_CONTEXT ( 'NONE', #673, 'mechanical' ) ;
#2667 = AXIS2_PLACEMENT_3D ( 'NONE', #422, #2848, #2825 ) ;
#2668 = ADVANCED_FACE ( 'NONE', ( #1967 ), #2757, .T. ) ;
#2669 = PLANE ( 'NONE',  #2575 ) ;
#2670 = ORIENTED_EDGE ( 'NONE', *, *, #1018, .F. ) ;
#2671 = VECTOR ( 'NONE', #3044, 1000.000000000000000 ) ;
#2672 = ORIENTED_EDGE ( 'NONE', *, *, #416, .F. ) ;
#2673 = AXIS2_PLACEMENT_3D ( 'NONE', #883, #2699, #375 ) ;
#2674 = FACE_OUTER_BOUND ( 'NONE', #3236, .T. ) ;
#2675 = CARTESIAN_POINT ( 'NONE',  ( 10.44263743172961867, -2.500000000000000000, 2.400000000000000355 ) ) ;
#2676 = VECTOR ( 'NONE', #1177, 1000.000000000000000 ) ;
#2677 = DIRECTION ( 'NONE',  ( -0.000000000000000000, 0.000000000000000000, 1.000000000000000000 ) ) ;
#2678 = EDGE_LOOP ( 'NONE', ( #674, #2190 ) ) ;
#2679 = CLOSED_SHELL ( 'NONE', ( #1830, #395, #1135, #3003, #2693, #2029, #3215, #2810, #1510, #2979, #2008, #162, #2444, #1887 ) ) ;
#2680 = PRODUCT_DEFINITION_CONTEXT ( 'detailed design', #2992, 'design' ) ;
#2681 = CARTESIAN_POINT ( 'NONE',  ( 2.147261119828951195E-16, 0.000000000000000000, 0.000000000000000000 ) ) ;
#2682 = ADVANCED_BREP_SHAPE_REPRESENTATION ( '', ( #1221, #113 ), #2077 ) ;
#2683 = FACE_OUTER_BOUND ( 'NONE', #2155, .T. ) ;
#2684 = CARTESIAN_POINT ( 'NONE',  ( -0.6745096646444225241, -10.84337850157024796, 2.357158864888538652 ) ) ;
#2685 = EDGE_CURVE ( 'NONE', #22, #1935, #2694, .T. ) ;
#2686 = SHAPE_DEFINITION_REPRESENTATION ( #1544, #716 ) ;
#2687 = ADVANCED_FACE ( 'NONE', ( #1686 ), #2727, .T. ) ;
#2688 = EDGE_CURVE ( 'NONE', #3346, #1470, #793, .T. ) ;
#2689 = PLANE ( 'NONE',  #625 ) ;
#2690 = ORIENTED_EDGE ( 'NONE', *, *, #752, .T. ) ;
#2691 = ORIENTED_EDGE ( 'NONE', *, *, #2939, .T. ) ;
#2692 = CARTESIAN_POINT ( 'NONE',  ( -0.7874000000000005439, 0.000000000000000000, 0.000000000000000000 ) ) ;
#2693 = ADVANCED_FACE ( 'NONE', ( #1779 ), #1287, .T. ) ;
#2694 = LINE ( 'NONE', #929, #955 ) ;
#2695 = ORIENTED_EDGE ( 'NONE', *, *, #2531, .F. ) ;
#2696 = CARTESIAN_POINT ( 'NONE',  ( 1.499999999999999556, -9.500000000000000000, 2.665000000000008473 ) ) ;
#2697 = ORIENTED_EDGE ( 'NONE', *, *, #801, .T. ) ;
#2698 = CARTESIAN_POINT ( 'NONE',  ( 0.000000000000000000, -2.500000000000000000, -3.214999999999999858 ) ) ;
#2699 = DIRECTION ( 'NONE',  ( -0.000000000000000000, 1.000000000000000000, -0.000000000000000000 ) ) ;
#2700 = CARTESIAN_POINT ( 'NONE',  ( 7.099999999999999645, 1.355555555555554070, -3.673419846319648462E-37 ) ) ;
#2701 = DIRECTION ( 'NONE',  ( -0.000000000000000000, 1.000000000000000000, -0.000000000000000000 ) ) ;
#2702 = VERTEX_POINT ( 'NONE', #759 ) ;
#2703 = DIRECTION ( 'NONE',  ( 1.267491568863816471E-17, 1.000000000000000222, 1.110223024625156540E-16 ) ) ;
#2704 = SURFACE_STYLE_USAGE ( .BOTH. , #638 ) ;
#2705 = VERTEX_POINT ( 'NONE', #983 ) ;
#2706 = ORIENTED_EDGE ( 'NONE', *, *, #1551, .F. ) ;
#2707 = ADVANCED_FACE ( 'NONE', ( #437 ), #2015, .F. ) ;
#2708 = CARTESIAN_POINT ( 'NONE',  ( -7.099999999999999645, 3.600000000000000089, -1.374325852375751495E-16 ) ) ;
#2709 = ADVANCED_FACE ( 'NONE', ( #2000 ), #723, .T. ) ;
#2710 = CARTESIAN_POINT ( 'NONE',  ( -0.1575022545498520332, 10.81255000000000166, -2.399999999999999467 ) ) ;
#2711 = ORIENTED_EDGE ( 'NONE', *, *, #481, .T. ) ;
#2712 = DIRECTION ( 'NONE',  ( 0.000000000000000000, 0.000000000000000000, -1.000000000000000000 ) ) ;
#2713 = ORIENTED_EDGE ( 'NONE', *, *, #268, .F. ) ;
#2714 = DIRECTION ( 'NONE',  ( 1.267491568863818782E-17, 1.000000000000000000, -0.000000000000000000 ) ) ;
#2715 = DIRECTION ( 'NONE',  ( -0.000000000000000000, 1.000000000000000000, -0.000000000000000000 ) ) ;
#2716 = ADVANCED_FACE ( 'NONE', ( #2556 ), #2953, .T. ) ;
#2717 = UNCERTAINTY_MEASURE_WITH_UNIT (LENGTH_MEASURE( 1.000000000000000082E-05 ), #1682, 'distance_accuracy_value', 'NONE');
#2718 = CARTESIAN_POINT ( 'NONE',  ( 7.099999999999999645, 1.799999999999999600, -3.673419846319648462E-37 ) ) ;
#2719 = ORIENTED_EDGE ( 'NONE', *, *, #1446, .F. ) ;
#2720 = DIRECTION ( 'NONE',  ( -1.000000000000000000, 0.000000000000000000, 0.000000000000000000 ) ) ;
#2721 = PLANE ( 'NONE',  #2134 ) ;
#2722 = VECTOR ( 'NONE', #3023, 1000.000000000000000 ) ;
#2723 = ORIENTED_EDGE ( 'NONE', *, *, #2485, .T. ) ;
#2724 = ORIENTED_EDGE ( 'NONE', *, *, #1403, .T. ) ;
#2725 = AXIS2_PLACEMENT_3D ( 'NONE', #2964, #2449, #1128 ) ;
#2726 = CARTESIAN_POINT ( 'NONE',  ( 0.000000000000000000, -9.500000000000000000, 2.665000000000008473 ) ) ;
#2727 = CYLINDRICAL_SURFACE ( 'NONE', #2036, 2.399999999999998579 ) ;
#2728 = EDGE_LOOP ( 'NONE', ( #95, #3101 ) ) ;
#2729 = AXIS2_PLACEMENT_3D ( 'NONE', #1460, #220, #1232 ) ;
#2730 = DIRECTION ( 'NONE',  ( 0.000000000000000000, 1.000000000000000000, -0.000000000000000000 ) ) ;
#2731 = EDGE_LOOP ( 'NONE', ( #181, #1760, #1687, #217 ) ) ;
#2732 = LINE ( 'NONE', #1229, #2252 ) ;
#2733 = PRODUCT ( 'Landing-Taxi-Light-Switch_Handle', 'Landing-Taxi-Light-Switch_Handle', '', ( #869 ) ) ;
#2734 = CARTESIAN_POINT ( 'NONE',  ( 1.870112127915887434, -9.786429424091505069, 3.035112127915891023 ) ) ;
#2735 = EDGE_CURVE ( 'NONE', #2112, #1631, #1167, .T. ) ;
#2736 = FACE_OUTER_BOUND ( 'NONE', #1553, .T. ) ;
#2737 = AXIS2_PLACEMENT_3D ( 'NONE', #1262, #293, #2349 ) ;
#2738 = EDGE_LOOP ( 'NONE', ( #1069, #981, #855, #2478, #1236, #2761 ) ) ;
#2739 = VECTOR ( 'NONE', #3262, 1000.000000000000000 ) ;
#2740 = ORIENTED_EDGE ( 'NONE', *, *, #1530, .F. ) ;
#2741 = DIRECTION ( 'NONE',  ( 0.000000000000000000, -0.07845909572784560970, 0.9969173337331278528 ) ) ;
#2742 = CARTESIAN_POINT ( 'NONE',  ( 7.478862716208942857E-16, -0.3662727272727272498, 0.000000000000000000 ) ) ;
#2743 = EDGE_LOOP ( 'NONE', ( #500, #2672, #201, #770 ) ) ;
#2744 = DIRECTION ( 'NONE',  ( -0.000000000000000000, 1.000000000000000000, -0.000000000000000000 ) ) ;
#2745 = VERTEX_POINT ( 'NONE', #1488 ) ;
#2746 = CARTESIAN_POINT ( 'NONE',  ( 7.099999999999999645, -2.500000000000000000, -3.673419846319648462E-37 ) ) ;
#2747 = DIRECTION ( 'NONE',  ( -2.138543910811705526E-17, -1.000000000000000000, 0.000000000000000000 ) ) ;
#2748 = EDGE_CURVE ( 'NONE', #3183, #1181, #618, .T. ) ;
#2749 = CARTESIAN_POINT ( 'NONE',  ( 0.000000000000000000, -2.499999999999998668, 0.000000000000000000 ) ) ;
#2750 = SURFACE_STYLE_FILL_AREA ( #1978 ) ;
#2751 = ORIENTED_EDGE ( 'NONE', *, *, #2961, .F. ) ;
#2752 = CARTESIAN_POINT ( 'NONE',  ( -1.319933280714888690, -11.19965634752630024, 3.312756538390067895 ) ) ;
#2753 = DIRECTION ( 'NONE',  ( 0.000000000000000000, 0.000000000000000000, 1.000000000000000000 ) ) ;
#2754 = VERTEX_POINT ( 'NONE', #179 ) ;
#2755 = PRODUCT_RELATED_PRODUCT_CATEGORY ( 'part', '', ( #3007 ) ) ;
#2756 = DIRECTION ( 'NONE',  ( 0.000000000000000000, 0.000000000000000000, 1.000000000000000000 ) ) ;
#2757 = SPHERICAL_SURFACE ( 'NONE', #2146, 2.244444444444445796 ) ;
#2758 = CARTESIAN_POINT ( 'NONE',  ( 1.344251474760644438, -10.17268267904488432, -2.048803236768831582 ) ) ;
#2759 = ORIENTED_EDGE ( 'NONE', *, *, #995, .T. ) ;
#2760 = CARTESIAN_POINT ( 'NONE',  ( 7.347880794884120722E-16, 0.000000000000000000, 6.000000000000000888 ) ) ;
#2761 = ORIENTED_EDGE ( 'NONE', *, *, #682, .F. ) ;
#2762 = DIRECTION ( 'NONE',  ( 0.000000000000000000, -1.000000000000000000, 0.000000000000000000 ) ) ;
#2763 = CARTESIAN_POINT ( 'NONE',  ( 0.1424780395228800456, -11.90000000000001990, 3.565000000000007496 ) ) ;
#2764 = CARTESIAN_POINT ( 'NONE',  ( 0.7270253260068025858, 12.94198487999808123, -2.288187252218607970 ) ) ;
#2765 = DIRECTION ( 'NONE',  ( 0.000000000000000000, 1.000000000000000000, 0.000000000000000000 ) ) ;
#2766 = ORIENTED_EDGE ( 'NONE', *, *, #2588, .F. ) ;
#2767 = FACE_OUTER_BOUND ( 'NONE', #594, .T. ) ;
#2768 = ORIENTED_EDGE ( 'NONE', *, *, #3296, .T. ) ;
#2769 = CIRCLE ( 'NONE', #3259, 2.534907436326581553 ) ;
#2770 = CARTESIAN_POINT ( 'NONE',  ( -7.099999999999999645, 1.799999999999999600, -2.282436685593039360 ) ) ;
#2771 = AXIS2_PLACEMENT_3D ( 'NONE', #1432, #3248, #141 ) ;
#2772 = DIRECTION ( 'NONE',  ( -1.267491568863818936E-17, -1.000000000000000000, 0.000000000000000000 ) ) ;
#2773 = ADVANCED_FACE ( 'NONE', ( #2525 ), #462, .F. ) ;
#2774 = CARTESIAN_POINT ( 'NONE',  ( 7.626686801090341523E-16, 0.7999999999999999334, 0.000000000000000000 ) ) ;
#2775 = ORIENTED_EDGE ( 'NONE', *, *, #1380, .F. ) ;
#2776 = DIRECTION ( 'NONE',  ( 0.000000000000000000, 0.000000000000000000, -1.000000000000000000 ) ) ;
#2777 = ORIENTED_EDGE ( 'NONE', *, *, #2384, .F. ) ;
#2778 = DIRECTION ( 'NONE',  ( -0.000000000000000000, 1.000000000000000000, -0.000000000000000000 ) ) ;
#2779 = AXIS2_PLACEMENT_3D ( 'NONE', #2371, #548, #1581 ) ;
#2780 = DIRECTION ( 'NONE',  ( -0.000000000000000000, -1.000000000000000000, -0.000000000000000000 ) ) ;
#2781 = AXIS2_PLACEMENT_3D ( 'NONE', #1616, #1032, #323 ) ;
#2782 = CARTESIAN_POINT ( 'NONE',  ( 0.6000141357551870280, 13.02756234637819333, -2.324725739257214041 ) ) ;
#2783 = SURFACE_STYLE_USAGE ( .BOTH. , #1233 ) ;
#2784 = AXIS2_PLACEMENT_3D ( 'NONE', #1941, #1561, #2543 ) ;
#2785 = EDGE_LOOP ( 'NONE', ( #3070, #1152, #2540, #1866 ) ) ;
#2786 = AXIS2_PLACEMENT_3D ( 'NONE', #1254, #1517, #969 ) ;
#2787 = CARTESIAN_POINT ( 'NONE',  ( 16.55000000000000071, -14.00000000000000000, -9.000000000000001776 ) ) ;
#2788 = VERTEX_POINT ( 'NONE', #1792 ) ;
#2789 = EDGE_CURVE ( 'NONE', #1440, #917, #1981, .T. ) ;
#2790 = CARTESIAN_POINT ( 'NONE',  ( 0.000000000000000000, -9.500000000000000000, 2.665000000000008473 ) ) ;
#2791 = FACE_OUTER_BOUND ( 'NONE', #1090, .T. ) ;
#2792 = VERTEX_POINT ( 'NONE', #2273 ) ;
#2793 = CARTESIAN_POINT ( 'NONE',  ( -0.9485703353582625175, 11.26959895580717053, 2.207581504556734409 ) ) ;
#2794 = EDGE_LOOP ( 'NONE', ( #2670, #2914, #2107, #2283 ) ) ;
#2795 = ADVANCED_FACE ( 'NONE', ( #2538 ), #2288, .F. ) ;
#2796 = LINE ( 'NONE', #1293, #2234 ) ;
#2797 = DIRECTION ( 'NONE',  ( 0.000000000000000000, 0.000000000000000000, 1.000000000000000000 ) ) ;
#2798 = ADVANCED_BREP_SHAPE_REPRESENTATION ( '', ( #119, #113 ), #2295 ) ;
#2799 = CARTESIAN_POINT ( 'NONE',  ( 0.3163615827456763840, 13.15499201774818339, -2.383515681456533919 ) ) ;
#2800 = DIRECTION ( 'NONE',  ( 0.000000000000000000, -1.000000000000000000, 0.000000000000000000 ) ) ;
#2801 = ORIENTED_EDGE ( 'NONE', *, *, #2469, .F. ) ;
#2802 = ITEM_DEFINED_TRANSFORMATION ( 'NONE', 'NONE', #822,  #113 ) ;
#2803 = CARTESIAN_POINT ( 'NONE',  ( 0.3874278585098822059, 10.87479268373522423, -2.369668903747925714 ) ) ;
#2804 = ORIENTED_EDGE ( 'NONE', *, *, #3251, .T. ) ;
#2805 = LINE ( 'NONE', #1021, #3188 ) ;
#2806 = CARTESIAN_POINT ( 'NONE',  ( -1.870112127915864342, -9.500000000000000000, 3.035112127915869706 ) ) ;
#2807 = DIRECTION ( 'NONE',  ( 0.000000000000000000, 0.000000000000000000, -1.000000000000000000 ) ) ;
#2808 = ORIENTED_EDGE ( 'NONE', *, *, #3008, .T. ) ;
#2809 = CARTESIAN_POINT ( 'NONE',  ( 2.636138274066821552, -2.499999999999998668, -2.399999999999999911 ) ) ;
#2810 = ADVANCED_FACE ( 'NONE', ( #2822, #506 ), #1035, .T. ) ;
#2811 = ORIENTED_EDGE ( 'NONE', *, *, #1445, .T. ) ;
#2812 = EDGE_CURVE ( 'NONE', #652, #88, #278, .T. ) ;
#2813 = FACE_OUTER_BOUND ( 'NONE', #2277, .T. ) ;
#2814 = CARTESIAN_POINT ( 'NONE',  ( 7.099999999999999645, 1.510254942326796801, -3.673419846319648462E-37 ) ) ;
#2815 = UNCERTAINTY_MEASURE_WITH_UNIT (LENGTH_MEASURE( 1.000000000000000082E-05 ), #208, 'distance_accuracy_value', 'NONE');
#2816 = CARTESIAN_POINT ( 'NONE',  ( 16.55000000000000071, -21.00000000000000355, -9.000000000000001776 ) ) ;
#2817 = EDGE_CURVE ( 'NONE', #2010, #3182, #3326, .T. ) ;
#2818 = LINE ( 'NONE', #499, #3169 ) ;
#2819 = VERTEX_POINT ( 'NONE', #1831 ) ;
#2820 = DIRECTION ( 'NONE',  ( 0.000000000000000000, 0.000000000000000000, -1.000000000000000000 ) ) ;
#2821 = ORIENTED_EDGE ( 'NONE', *, *, #134, .T. ) ;
#2822 = FACE_BOUND ( 'NONE', #2205, .T. ) ;
#2823 = CARTESIAN_POINT ( 'NONE',  ( 0.000000000000000000, 12.00000000000000178, 2.399999999999998579 ) ) ;
#2824 = CARTESIAN_POINT ( 'NONE',  ( -2.025124272838120456E-23, 13.18745000000000189, 2.399999999999998579 ) ) ;
#2825 = DIRECTION ( 'NONE',  ( -1.000000000000000000, 0.000000000000000000, 0.000000000000000000 ) ) ;
#2826 = ORIENTED_EDGE ( 'NONE', *, *, #1018, .T. ) ;
#2827 = AXIS2_PLACEMENT_3D ( 'NONE', #862, #78, #2343 ) ;
#2828 = PRODUCT_DEFINITION_FORMATION_WITH_SPECIFIED_SOURCE ( 'ANY', '', #2463, .NOT_KNOWN. ) ;
#2829 = DIRECTION ( 'NONE',  ( 0.000000000000000000, 0.000000000000000000, 1.000000000000000000 ) ) ;
#2830 = AXIS2_PLACEMENT_3D ( 'NONE', #2124, #846, #333 ) ;
#2831 = CARTESIAN_POINT ( 'NONE',  ( -1.187450000000261019, 12.00000000000095390, -2.085656370905900836 ) ) ;
#2832 = AXIS2_PLACEMENT_3D ( 'NONE', #2270, #3312, #980 ) ;
#2833 = CARTESIAN_POINT ( 'NONE',  ( 1.870112127915887879, -9.213917478044884035, 3.035112127915891467 ) ) ;
#2834 = DIRECTION ( 'NONE',  ( -0.000000000000000000, 1.000000000000000000, -0.000000000000000000 ) ) ;
#2835 = VECTOR ( 'NONE', #1828, 1000.000000000000000 ) ;
#2836 = AXIS2_PLACEMENT_3D ( 'NONE', #1579, #1826, #2614 ) ;
#2837 = EDGE_CURVE ( 'NONE', #2424, #2476, #2133, .T. ) ;
#2838 = AXIS2_PLACEMENT_3D ( 'NONE', #2790, #1002, #196 ) ;
#2839 = DIRECTION ( 'NONE',  ( -0.000000000000000000, -0.000000000000000000, -1.000000000000000000 ) ) ;
#2840 = CIRCLE ( 'NONE', #1378, 2.100000000000000089 ) ;
#2841 = ORIENTED_EDGE ( 'NONE', *, *, #2176, .T. ) ;
#2842 = AXIS2_PLACEMENT_3D ( 'NONE', #3196, #2268, #940 ) ;
#2843 = VECTOR ( 'NONE', #2191, 1000.000000000000000 ) ;
#2844 = DIRECTION ( 'NONE',  ( 1.000000000000000000, 0.000000000000000000, 0.000000000000000000 ) ) ;
#2845 = DIRECTION ( 'NONE',  ( 1.000000000000000000, 0.000000000000000000, 0.000000000000000000 ) ) ;
#2846 = VECTOR ( 'NONE', #2765, 1000.000000000000000 ) ;
#2847 = ORIENTED_EDGE ( 'NONE', *, *, #1785, .T. ) ;
#2848 = DIRECTION ( 'NONE',  ( -0.000000000000000000, -0.000000000000000000, -1.000000000000000000 ) ) ;
#2849 = ORIENTED_EDGE ( 'NONE', *, *, #907, .T. ) ;
#2850 = CARTESIAN_POINT ( 'NONE',  ( 0.000000000000000000, -2.499999999999998668, 0.000000000000000000 ) ) ;
#2851 = CARTESIAN_POINT ( 'NONE',  ( 0.000000000000000000, 7.280000000000003801, 1.779999999999999805 ) ) ;
#2852 = CARTESIAN_POINT ( 'NONE',  ( -16.55000000000000071, -21.00000000000000355, -9.000000000000001776 ) ) ;
#2853 = CARTESIAN_POINT ( 'NONE',  ( 0.000000000000000000, 12.00000000000000000, 0.000000000000000000 ) ) ;
#2854 = DIRECTION ( 'NONE',  ( 0.000000000000000000, 1.000000000000000000, 0.000000000000000000 ) ) ;
#2855 = ADVANCED_FACE ( 'NONE', ( #585, #523 ), #3159, .F. ) ;
#2856 = EDGE_CURVE ( 'NONE', #1085, #1440, #20, .T. ) ;
#2857 = CARTESIAN_POINT ( 'NONE',  ( 1.187449999999999894, 11.84287847158438289, -2.085656370905811130 ) ) ;
#2858 = ORIENTED_EDGE ( 'NONE', *, *, #2546, .T. ) ;
#2859 = DIRECTION ( 'NONE',  ( 0.000000000000000000, 1.000000000000000000, 0.000000000000000000 ) ) ;
#2860 = DIRECTION ( 'NONE',  ( 8.659560562354942719E-17, 0.7071067811865467956, -0.7071067811865483499 ) ) ;
#2861 = ADVANCED_FACE ( 'NONE', ( #1070 ), #2117, .T. ) ;
#2862 = CARTESIAN_POINT ( 'NONE',  ( -0.4937865588568754460, -8.080205106771867207, 2.401530330543528269 ) ) ;
#2863 = CARTESIAN_POINT ( 'NONE',  ( 0.4059507042253537312, 0.000000000000000000, 4.707528972373827614 ) ) ;
#2864 = VERTEX_POINT ( 'NONE', #1095 ) ;
#2865 = LINE ( 'NONE', #542, #2346 ) ;
#2866 = FACE_OUTER_BOUND ( 'NONE', #2327, .T. ) ;
#2867 = CARTESIAN_POINT ( 'NONE',  ( -1.148700415961150245, 12.31094496230772783, -2.107320627933244150 ) ) ;
#2868 = CARTESIAN_POINT ( 'NONE',  ( 1.671646676061855796, -8.393666933286830556, 3.150105259159384552 ) ) ;
#2869 = CARTESIAN_POINT ( 'NONE',  ( 0.000000000000000000, 0.000000000000000000, 0.000000000000000000 ) ) ;
#2870 = CARTESIAN_POINT ( 'NONE',  ( 0.6044204157062997851, 10.96591545119426314, -2.327316093021152277 ) ) ;
#2871 = ADVANCED_FACE ( 'NONE', ( #71 ), #1860, .T. ) ;
#2872 = CARTESIAN_POINT ( 'NONE',  ( 0.000000000000000000, 0.000000000000000000, 0.000000000000000000 ) ) ;
#2873 = DIRECTION ( 'NONE',  ( -1.000000000000000000, 0.000000000000000000, 0.000000000000000000 ) ) ;
#2874 = FACE_OUTER_BOUND ( 'NONE', #2743, .T. ) ;
#2875 = VERTEX_POINT ( 'NONE', #1603 ) ;
#2876 = EDGE_LOOP ( 'NONE', ( #1968, #2286, #1959, #1335, #1016, #2486 ) ) ;
#2877 = CYLINDRICAL_SURFACE ( 'NONE', #2967, 1.187449999999999228 ) ;
#2878 = EDGE_CURVE ( 'NONE', #2248, #2991, #1874, .T. ) ;
#2879 = CARTESIAN_POINT ( 'NONE',  ( -2.636138274066821552, -2.499999999999998668, 2.400000000000000355 ) ) ;
#2880 = B_SPLINE_CURVE_WITH_KNOTS ( 'NONE', 3,
 ( #2104, #3181, #819, #1884, #2862, #586, #807, #349, #280, #551, #2386, #2639, #72, #3120 ),
 .UNSPECIFIED., .F., .F.,
 ( 4, 2, 2, 2, 2, 2, 4 ),
 ( 0.007220578661927945681, 0.007520531524321840723, 0.007820484386715734898, 0.008420390111503523248, 0.008720342973897414821, 0.009020295836291308128, 0.009620201561079087804 ),
 .UNSPECIFIED. ) ;
#2881 = FACE_BOUND ( 'NONE', #1086, .T. ) ;
#2882 = ORIENTED_EDGE ( 'NONE', *, *, #1933, .T. ) ;
#2883 = AXIS2_PLACEMENT_3D ( 'NONE', #1495, #1542, #1749 ) ;
#2884 = PRODUCT_DEFINITION_FORMATION_WITH_SPECIFIED_SOURCE ( 'ANY', '', #2733, .NOT_KNOWN. ) ;
#2885 = DIRECTION ( 'NONE',  ( -0.000000000000000000, -0.000000000000000000, 1.000000000000000000 ) ) ;
#2886 = AXIS2_PLACEMENT_3D ( 'NONE', #972, #1456, #1491 ) ;
#2887 = FACE_OUTER_BOUND ( 'NONE', #430, .T. ) ;
#2888 = VECTOR ( 'NONE', #870, 1000.000000000000000 ) ;
#2889 = DIRECTION ( 'NONE',  ( 0.000000000000000000, 0.000000000000000000, 1.000000000000000000 ) ) ;
#2890 = AXIS2_PLACEMENT_3D ( 'NONE', #1958, #1703, #100 ) ;
#2891 = COLOUR_RGB ( '',0.7921568627450980005, 0.8196078431372548767, 0.9333333333333333481 ) ;
#2892 = DIRECTION ( 'NONE',  ( 0.000000000000000000, 0.9969173337331279638, -0.07845909572784562358 ) ) ;
#2893 = DIRECTION ( 'NONE',  ( 0.000000000000000000, 1.000000000000000000, 0.000000000000000000 ) ) ;
#2894 = ORIENTED_EDGE ( 'NONE', *, *, #344, .F. ) ;
#2895 = AXIS2_PLACEMENT_3D ( 'NONE', #918, #152, #1716 ) ;
#2896 = ORIENTED_EDGE ( 'NONE', *, *, #2812, .F. ) ;
#2897 = ADVANCED_FACE ( 'NONE', ( #1555 ), #1845, .T. ) ;
#2898 = DIRECTION ( 'NONE',  ( -0.9963024280156237422, 0.000000000000000000, 0.08591549295774721096 ) ) ;
#2899 = ADVANCED_FACE ( 'NONE', ( #3130, #1333 ), #550, .F. ) ;
#2900 = DIRECTION ( 'NONE',  ( 0.9963024280156237422, -0.000000000000000000, 0.08591549295774721096 ) ) ;
#2901 = DIRECTION ( 'NONE',  ( 0.000000000000000000, 0.000000000000000000, 1.000000000000000000 ) ) ;
#2902 = ADVANCED_FACE ( 'NONE', ( #1585 ), #818, .F. ) ;
#2903 = CIRCLE ( 'NONE', #2583, 2.200000000000000622 ) ;
#2904 = VERTEX_POINT ( 'NONE', #314 ) ;
#2905 = PLANE ( 'NONE',  #1705 ) ;
#2906 = DIRECTION ( 'NONE',  ( -1.000000000000000000, 1.267491568863818936E-17, -0.000000000000000000 ) ) ;
#2907 = EDGE_CURVE ( 'NONE', #652, #198, #1363, .T. ) ;
#2908 = DIRECTION ( 'NONE',  ( 0.000000000000000000, 0.000000000000000000, -1.000000000000000000 ) ) ;
#2909 = SHAPE_REPRESENTATION ( 'Landing-Taxi-Light-Switch_Screw', ( #113 ), #2077 ) ;
#2910 = ORIENTED_EDGE ( 'NONE', *, *, #2812, .T. ) ;
#2911 =( NAMED_UNIT ( * ) PLANE_ANGLE_UNIT ( ) SI_UNIT ( $, .RADIAN. ) );
#2912 = CARTESIAN_POINT ( 'NONE',  ( -34.92499999999994742, 0.2222040050108315679, 2.823369580865591200 ) ) ;
#2913 = ORIENTED_EDGE ( 'NONE', *, *, #1428, .T. ) ;
#2914 = ORIENTED_EDGE ( 'NONE', *, *, #1096, .F. ) ;
#2915 = CARTESIAN_POINT ( 'NONE',  ( 1.197265652500592248, -8.576270276161629624, 2.142804051014546740 ) ) ;
#2916 = DIRECTION ( 'NONE',  ( 1.267491568863818782E-17, 1.000000000000000000, -0.000000000000000000 ) ) ;
#2917 = DIRECTION ( 'NONE',  ( 0.000000000000000000, 0.000000000000000000, 1.000000000000000000 ) ) ;
#2918 = VERTEX_POINT ( 'NONE', #49 ) ;
#2919 = PRODUCT_DEFINITION_CONTEXT ( 'detailed design', #2067, 'design' ) ;
#2920 = CARTESIAN_POINT ( 'NONE',  ( 0.9264492841152164315, -10.69520597039126208, -2.273061412339359322 ) ) ;
#2921 = CARTESIAN_POINT ( 'NONE',  ( 0.9483269233559457057, 11.26909954768208522, 2.207726742169055623 ) ) ;
#2922 = EDGE_CURVE ( 'NONE', #3005, #3346, #633, .T. ) ;
#2923 = DIRECTION ( 'NONE',  ( 0.000000000000000000, -1.000000000000000000, 0.000000000000000000 ) ) ;
#2924 = ORIENTED_EDGE ( 'NONE', *, *, #2652, .T. ) ;
#2925 = LINE ( 'NONE', #1166, #1371 ) ;
#2926 = LINE ( 'NONE', #604, #2518 ) ;
#2927 = ORIENTED_EDGE ( 'NONE', *, *, #494, .T. ) ;
#2928 = DIRECTION ( 'NONE',  ( 1.000000000000000000, 0.000000000000000000, -0.000000000000000000 ) ) ;
#2929 = VECTOR ( 'NONE', #861, 1000.000000000000000 ) ;
#2930 = CARTESIAN_POINT ( 'NONE',  ( 7.099999999999999645, 0.000000000000000000, -3.673419846319648462E-37 ) ) ;
#2931 = DIRECTION ( 'NONE',  ( -1.000000000000000000, 1.267491568863818936E-17, 0.000000000000000000 ) ) ;
#2932 = EDGE_LOOP ( 'NONE', ( #2238, #473, #1621, #3240 ) ) ;
#2933 = EDGE_CURVE ( 'NONE', #1540, #748, #257, .T. ) ;
#2934 = CARTESIAN_POINT ( 'NONE',  ( 9.881138998510183769E-17, -11.00000000000000178, -2.450000000000001954 ) ) ;
#2935 = LINE ( 'NONE', #2958, #1494 ) ;
#2936 = EDGE_CURVE ( 'NONE', #1661, #74, #2138, .T. ) ;
#2937 = CARTESIAN_POINT ( 'NONE',  ( 0.000000000000000000, -2.500000000000000000, 4.725000000000004086 ) ) ;
#2938 = VECTOR ( 'NONE', #2260, 1000.000000000000114 ) ;
#2939 = EDGE_CURVE ( 'NONE', #2091, #1643, #528, .T. ) ;
#2940 = DIRECTION ( 'NONE',  ( 0.000000000000000000, 0.000000000000000000, 1.000000000000000000 ) ) ;
#2941 = DIRECTION ( 'NONE',  ( 0.000000000000000000, 1.000000000000000000, 0.000000000000000000 ) ) ;
#2942 = VECTOR ( 'NONE', #1025, 1000.000000000000114 ) ;
#2943 = AXIS2_PLACEMENT_3D ( 'NONE', #735, #1771, #2045 ) ;
#2944 = EDGE_LOOP ( 'NONE', ( #423, #3285, #1325, #2706 ) ) ;
#2945 = VECTOR ( 'NONE', #3192, 1000.000000000000000 ) ;
#2946 = EDGE_LOOP ( 'NONE', ( #2032, #1347 ) ) ;
#2947 = DIRECTION ( 'NONE',  ( -1.000000000000000000, 0.000000000000000000, 0.000000000000000000 ) ) ;
#2948 = CARTESIAN_POINT ( 'NONE',  ( 0.000000000000000000, -0.1195716618892367217, 1.519302016609286987 ) ) ;
#2949 = VECTOR ( 'NONE', #2844, 1000.000000000000000 ) ;
#2950 = ORIENTED_EDGE ( 'NONE', *, *, #2402, .F. ) ;
#2951 = FACE_BOUND ( 'NONE', #2255, .T. ) ;
#2952 = ORIENTED_EDGE ( 'NONE', *, *, #1690, .F. ) ;
#2953 = TOROIDAL_SURFACE ( 'NONE', #2093, 2.282436685593039360, 0.3999999999999995226 ) ;
#2954 = VECTOR ( 'NONE', #2893, 1000.000000000000000 ) ;
#2955 = CARTESIAN_POINT ( 'NONE',  ( 1.540454478392659476, -2.499999999999998668, -3.214999999999999858 ) ) ;
#2956 = CARTESIAN_POINT ( 'NONE',  ( -15.34999999999999964, 0.000000000000000000, 7.650000000000000355 ) ) ;
#2957 = AXIS2_PLACEMENT_3D ( 'NONE', #376, #1376, #361 ) ;
#2958 = CARTESIAN_POINT ( 'NONE',  ( -7.453542253521126426, -2.500000000000000000, 4.099784491284291121 ) ) ;
#2959 = AXIS2_PLACEMENT_3D ( 'NONE', #2401, #1083, #1114 ) ;
#2960 = CARTESIAN_POINT ( 'NONE',  ( -0.3967656398428704434, -10.95001430816914478, 2.419667400341608321 ) ) ;
#2961 = EDGE_CURVE ( 'NONE', #1440, #1947, #2865, .T. ) ;
#2962 = EDGE_CURVE ( 'NONE', #2483, #2507, #2075, .T. ) ;
#2963 = SHAPE_DEFINITION_REPRESENTATION ( #2488, #1895 ) ;
#2964 = CARTESIAN_POINT ( 'NONE',  ( 0.000000000000000000, -6.900000000000001243, 0.000000000000000000 ) ) ;
#2965 = EDGE_LOOP ( 'NONE', ( #1340, #2841, #2259, #946 ) ) ;
#2966 = ORIENTED_EDGE ( 'NONE', *, *, #1933, .F. ) ;
#2967 = AXIS2_PLACEMENT_3D ( 'NONE', #2207, #2233, #2487 ) ;
#2968 = CYLINDRICAL_SURFACE ( 'NONE', #688, 4.114999999999998437 ) ;
#2969 = CARTESIAN_POINT ( 'NONE',  ( -0.9470862954840740811, 11.26769158399797277, -2.208225669008940795 ) ) ;
#2970 = EDGE_CURVE ( 'NONE', #2788, #328, #599, .T. ) ;
#2971 = ORIENTED_EDGE ( 'NONE', *, *, #2524, .T. ) ;
#2972 = LINE ( 'NONE', #675, #1264 ) ;
#2973 = ORIENTED_EDGE ( 'NONE', *, *, #1058, .T. ) ;
#2974 = CARTESIAN_POINT ( 'NONE',  ( 0.000000000000000000, 14.50000000000000178, -1.899999999999995470 ) ) ;
#2975 = DIRECTION ( 'NONE',  ( 0.000000000000000000, 1.000000000000000000, 0.000000000000000000 ) ) ;
#2976 = PLANE ( 'NONE',  #1218 ) ;
#2977 = PRODUCT ( 'Landing-Taxi-Light-Switch_Shaft', 'Landing-Taxi-Light-Switch_Shaft', '', ( #102 ) ) ;
#2978 =( LENGTH_UNIT ( ) NAMED_UNIT ( * ) SI_UNIT ( .MILLI., .METRE. ) );
#2979 = ADVANCED_FACE ( 'NONE', ( #24 ), #2389, .F. ) ;
#2980 = ORIENTED_EDGE ( 'NONE', *, *, #497, .F. ) ;
#2981 = CARTESIAN_POINT ( 'NONE',  ( 0.000000000000000000, 1.510254942326796801, 2.666941363968367451 ) ) ;
#2982 = DIRECTION ( 'NONE',  ( -1.000000000000000000, 0.000000000000000000, 0.000000000000000000 ) ) ;
#2983 = ORIENTED_EDGE ( 'NONE', *, *, #2101, .T. ) ;
#2984 = DIRECTION ( 'NONE',  ( 0.000000000000000000, 0.000000000000000000, 1.000000000000000000 ) ) ;
#2985 = VERTEX_POINT ( 'NONE', #75 ) ;
#2986 = EDGE_CURVE ( 'NONE', #3058, #3273, #1524, .T. ) ;
#2987 = LINE ( 'NONE', #658, #566 ) ;
#2988 = CARTESIAN_POINT ( 'NONE',  ( 1.499999999999999556, -9.500000000000000000, -1.937137062781053354 ) ) ;
#2989 = LINE ( 'NONE', #138, #1057 ) ;
#2990 = CIRCLE ( 'NONE', #2181, 6.000000000000000888 ) ;
#2991 = VERTEX_POINT ( 'NONE', #285 ) ;
#2992 = APPLICATION_CONTEXT ( 'automotive_design' ) ;
#2993 = DIRECTION ( 'NONE',  ( 0.000000000000000000, 0.000000000000000000, 1.000000000000000000 ) ) ;
#2994 = DIRECTION ( 'NONE',  ( 0.000000000000000000, -0.000000000000000000, -1.000000000000000000 ) ) ;
#2995 = VECTOR ( 'NONE', #2477, 1000.000000000000000 ) ;
#2996 = EDGE_LOOP ( 'NONE', ( #848, #3337, #2136, #739, #1188 ) ) ;
#2997 = ORIENTED_EDGE ( 'NONE', *, *, #1741, .T. ) ;
#2998 = VECTOR ( 'NONE', #1782, 1000.000000000000000 ) ;
#2999 = CARTESIAN_POINT ( 'NONE',  ( 7.453542253521126426, -2.500000000000000000, 4.099784491284291121 ) ) ;
#3000 = ORIENTED_EDGE ( 'NONE', *, *, #268, .T. ) ;
#3001 = AXIS2_PLACEMENT_3D ( 'NONE', #482, #1261, #1509 ) ;
#3002 = CARTESIAN_POINT ( 'NONE',  ( 12.50000000000000000, -2.000000000000000000, -2.399999999999999911 ) ) ;
#3003 = ADVANCED_FACE ( 'NONE', ( #3184 ), #329, .T. ) ;
#3004 = VECTOR ( 'NONE', #2885, 1000.000000000000000 ) ;
#3005 = VERTEX_POINT ( 'NONE', #1369 ) ;
#3006 = DIRECTION ( 'NONE',  ( 0.000000000000000000, -0.000000000000000000, -1.000000000000000000 ) ) ;
#3007 = PRODUCT ( 'lock washer spring heavy_ai_Heavy LW 0.112', 'lock washer spring heavy_ai_Heavy LW 0.112', '', ( #2166 ) ) ;
#3008 = EDGE_CURVE ( 'NONE', #1940, #505, #2232, .T. ) ;
#3009 = DIRECTION ( 'NONE',  ( -1.000000000000000000, 1.267491568863818936E-17, -0.000000000000000000 ) ) ;
#3010 = CIRCLE ( 'NONE', #2895, 0.3999999999999993006 ) ;
#3011 = CARTESIAN_POINT ( 'NONE',  ( 1.187449999999999228, 12.15691923543575115, -2.085656370905810686 ) ) ;
#3012 = CONICAL_SURFACE ( 'NONE', #1331, 3.100000000000000533, 0.2792526803190863993 ) ;
#3013 = EDGE_CURVE ( 'NONE', #3299, #1881, #317, .T. ) ;
#3014 = CARTESIAN_POINT ( 'NONE',  ( 0.000000000000000000, -2.500000000000000000, -2.399999999999999911 ) ) ;
#3015 = EDGE_LOOP ( 'NONE', ( #922, #2292, #3265, #2622 ) ) ;
#3016 = CARTESIAN_POINT ( 'NONE',  ( 1.499999999999999556, -9.500000000000000000, 1.937137062781053354 ) ) ;
#3017 = DIRECTION ( 'NONE',  ( -0.000000000000000000, -1.000000000000000000, 0.000000000000000000 ) ) ;
#3018 = ORIENTED_EDGE ( 'NONE', *, *, #2633, .T. ) ;
#3019 = CARTESIAN_POINT ( 'NONE',  ( 0.000000000000000000, -9.500000000000000000, 2.665000000000008473 ) ) ;
#3020 = CARTESIAN_POINT ( 'NONE',  ( 0.000000000000000000, 0.000000000000000000, 0.000000000000000000 ) ) ;
#3021 = CARTESIAN_POINT ( 'NONE',  ( 7.478862716208942857E-16, -0.3662727272727272498, 0.000000000000000000 ) ) ;
#3022 = ORIENTED_EDGE ( 'NONE', *, *, #28, .T. ) ;
#3023 = DIRECTION ( 'NONE',  ( -0.000000000000000000, -0.000000000000000000, -1.000000000000000000 ) ) ;
#3024 = B_SPLINE_CURVE_WITH_KNOTS ( 'NONE', 3,
 ( #2332, #798, #2585, #3078, #1508, #1578, #258, #733, #270, #26, #2867, #1824, #751, #2831 ),
 .UNSPECIFIED., .F., .F.,
 ( 4, 2, 2, 2, 2, 2, 4 ),
 ( 4.290310202616221749E-18, 0.0002361231359333250369, 0.0004722462718666456827, 0.0009444925437332848603, 0.001416738815599924255, 0.001652861951533243952, 0.001888985087466563649 ),
 .UNSPECIFIED. ) ;
#3025 = ORIENTED_EDGE ( 'NONE', *, *, #744, .T. ) ;
#3026 = LINE ( 'NONE', #1424, #2676 ) ;
#3027 = CARTESIAN_POINT ( 'NONE',  ( 0.6839179046841991072, -11.73778582481954835, 3.500923425497507679 ) ) ;
#3028 = CYLINDRICAL_SURFACE ( 'NONE', #2457, 1.499999999999999556 ) ;
#3029 =( LENGTH_UNIT ( ) NAMED_UNIT ( * ) SI_UNIT ( .MILLI., .METRE. ) );
#3030 = ORIENTED_EDGE ( 'NONE', *, *, #595, .F. ) ;
#3031 = EDGE_CURVE ( 'NONE', #2071, #2641, #2769, .T. ) ;
#3032 = CONTEXT_DEPENDENT_SHAPE_REPRESENTATION ( #359, #1250 ) ;
#3033 = LINE ( 'NONE', #1789, #1156 ) ;
#3034 = ORIENTED_EDGE ( 'NONE', *, *, #2922, .T. ) ;
#3035 = LINE ( 'NONE', #1777, #1421 ) ;
#3036 = CARTESIAN_POINT ( 'NONE',  ( -1.475692752331432489, -8.026078277556251805, 3.246363136683856343 ) ) ;
#3037 = DIRECTION ( 'NONE',  ( -0.000000000000000000, -0.000000000000000000, 1.000000000000000000 ) ) ;
#3038 = ORIENTED_EDGE ( 'NONE', *, *, #3068, .T. ) ;
#3039 = DIRECTION ( 'NONE',  ( 0.000000000000000000, 0.000000000000000000, -1.000000000000000000 ) ) ;
#3040 = ORIENTED_EDGE ( 'NONE', *, *, #995, .F. ) ;
#3041 = FACE_OUTER_BOUND ( 'NONE', #267, .T. ) ;
#3042 = APPLICATION_CONTEXT ( 'automotive_design' ) ;
#3043 = CARTESIAN_POINT ( 'NONE',  ( 0.2824521617054997491, -11.87899162085152405, 3.556474696629678078 ) ) ;
#3044 = DIRECTION ( 'NONE',  ( 0.000000000000000000, 1.000000000000000000, 0.000000000000000000 ) ) ;
#3045 = LINE ( 'NONE', #170, #1434 ) ;
#3046 = VERTEX_POINT ( 'NONE', #1056 ) ;
#3047 = CARTESIAN_POINT ( 'NONE',  ( -0.9207959830051039019, -8.311987754490848701, -2.271962569159716061 ) ) ;
#3048 = EDGE_CURVE ( 'NONE', #1362, #1918, #1793, .T. ) ;
#3049 = ORIENTED_EDGE ( 'NONE', *, *, #243, .F. ) ;
#3050 = DIRECTION ( 'NONE',  ( 0.000000000000000000, -0.07845909572784560970, 0.9969173337331278528 ) ) ;
#3051 =( GEOMETRIC_REPRESENTATION_CONTEXT ( 3 ) GLOBAL_UNCERTAINTY_ASSIGNED_CONTEXT ( ( #271 ) ) GLOBAL_UNIT_ASSIGNED_CONTEXT ( ( #817, #2911, #3117 ) ) REPRESENTATION_CONTEXT ( 'NONE', 'WORKASPACE' ) );
#3052 = CARTESIAN_POINT ( 'NONE',  ( 12.50000000000000000, -2.000000000000000000, 2.400000000000000355 ) ) ;
#3053 = AXIS2_PLACEMENT_3D ( 'NONE', #183, #1420, #2984 ) ;
#3054 = CARTESIAN_POINT ( 'NONE',  ( 15.34999999999999964, -14.00000000000000000, 7.650000000000000355 ) ) ;
#3055 = VERTEX_POINT ( 'NONE', #2375 ) ;
#3056 = DIRECTION ( 'NONE',  ( -1.000000000000000000, 0.000000000000000000, 0.000000000000000000 ) ) ;
#3057 = COLOUR_RGB ( '',0.7921568627450980005, 0.8196078431372548767, 0.9333333333333333481 ) ;
#3058 = VERTEX_POINT ( 'NONE', #3123 ) ;
#3059 = FACE_OUTER_BOUND ( 'NONE', #3247, .T. ) ;
#3060 = DIRECTION ( 'NONE',  ( 1.267491568863818782E-17, 1.000000000000000000, -0.000000000000000000 ) ) ;
#3061 = FACE_OUTER_BOUND ( 'NONE', #1996, .T. ) ;
#3062 = AXIS2_PLACEMENT_3D ( 'NONE', #326, #1899, #2135 ) ;
#3063 = EDGE_LOOP ( 'NONE', ( #405, #1971 ) ) ;
#3064 = AXIS2_PLACEMENT_3D ( 'NONE', #1763, #2053, #3072 ) ;
#3065 = AXIS2_PLACEMENT_3D ( 'NONE', #2700, #2430, #112 ) ;
#3066 = ITEM_DEFINED_TRANSFORMATION ( 'NONE', 'NONE', #2663,  #113 ) ;
#3067 = CARTESIAN_POINT ( 'NONE',  ( 0.07871625449661187601, 10.81255000000000521, -2.399999999999999467 ) ) ;
#3068 = EDGE_CURVE ( 'NONE', #3273, #3058, #1562, .T. ) ;
#3069 = VECTOR ( 'NONE', #989, 1000.000000000000000 ) ;
#3070 = ORIENTED_EDGE ( 'NONE', *, *, #788, .F. ) ;
#3071 = DIRECTION ( 'NONE',  ( -0.000000000000000000, 1.000000000000000000, -0.000000000000000000 ) ) ;
#3072 = DIRECTION ( 'NONE',  ( 0.000000000000000000, 0.000000000000000000, 1.000000000000000000 ) ) ;
#3073 = CARTESIAN_POINT ( 'NONE',  ( 0.9490706384025306974, 12.72983185585009736, 2.207380069850460202 ) ) ;
#3074 = CARTESIAN_POINT ( 'NONE',  ( -1.187449999999937278, 11.92095435370437073, 2.085656370905845769 ) ) ;
#3075 = EDGE_LOOP ( 'NONE', ( #419, #2896, #1415, #1885 ) ) ;
#3076 = ADVANCED_FACE ( 'NONE', ( #3149 ), #2877, .F. ) ;
#3077 = CARTESIAN_POINT ( 'NONE',  ( 0.000000000000000000, 0.000000000000000000, -3.100000000000000533 ) ) ;
#3078 = CARTESIAN_POINT ( 'NONE',  ( -0.3120251773008042018, 13.14840266373332867, -2.380883711081654308 ) ) ;
#3079 = CARTESIAN_POINT ( 'NONE',  ( 0.9483269233559457057, 12.73090045231791834, -2.207726742169055623 ) ) ;
#3080 = CARTESIAN_POINT ( 'NONE',  ( 0.000000000000000000, -2.000000000000001776, 0.000000000000000000 ) ) ;
#3081 = EDGE_LOOP ( 'NONE', ( #281, #3339, #2374, #2950 ) ) ;
#3082 = CARTESIAN_POINT ( 'NONE',  ( 2.939152115440326437E-16, 10.81255000000000166, -2.399999999999998579 ) ) ;
#3083 = VERTEX_POINT ( 'NONE', #1402 ) ;
#3084 = LINE ( 'NONE', #689, #3208 ) ;
#3085 = CARTESIAN_POINT ( 'NONE',  ( 12.50000000000000000, -2.000000000000000000, 2.400000000000000355 ) ) ;
#3086 = CARTESIAN_POINT ( 'NONE',  ( 15.34999999999999964, -14.00000000000000000, 7.650000000000000355 ) ) ;
#3087 = EDGE_LOOP ( 'NONE', ( #53, #435, #1987, #378, #1098 ) ) ;
#3088 = PLANE ( 'NONE',  #666 ) ;
#3089 = ORIENTED_EDGE ( 'NONE', *, *, #925, .T. ) ;
#3090 = DIRECTION ( 'NONE',  ( 0.000000000000000000, -1.000000000000000000, 0.000000000000000000 ) ) ;
#3091 = CARTESIAN_POINT ( 'NONE',  ( -2.025124272838120456E-23, 13.18745000000000189, 2.399999999999998579 ) ) ;
#3092 = ADVANCED_FACE ( 'NONE', ( #3238 ), #2968, .T. ) ;
#3093 = UNCERTAINTY_MEASURE_WITH_UNIT (LENGTH_MEASURE( 1.000000000000000082E-05 ), #2557, 'distance_accuracy_value', 'NONE');
#3094 = CARTESIAN_POINT ( 'NONE',  ( 1.540454478392659476, -33.33896844186422470, -3.214999999999999858 ) ) ;
#3095 = LINE ( 'NONE', #1296, #1381 ) ;
#3096 = CARTESIAN_POINT ( 'NONE',  ( -7.099999999999999645, 1.510254942326796801, -2.666941363968367451 ) ) ;
#3097 = EDGE_LOOP ( 'NONE', ( #2459, #222, #2301, #2392 ) ) ;
#3098 =( NAMED_UNIT ( * ) PLANE_ANGLE_UNIT ( ) SI_UNIT ( $, .RADIAN. ) );
#3099 = CARTESIAN_POINT ( 'NONE',  ( 0.000000000000000000, 0.000000000000000000, 0.000000000000000000 ) ) ;
#3100 = DIRECTION ( 'NONE',  ( -1.000000000000000000, 0.000000000000000000, 0.000000000000000000 ) ) ;
#3101 = ORIENTED_EDGE ( 'NONE', *, *, #3279, .T. ) ;
#3102 = CARTESIAN_POINT ( 'NONE',  ( 0.000000000000000000, 14.50000000000000178, 0.000000000000000000 ) ) ;
#3103 = ORIENTED_EDGE ( 'NONE', *, *, #3246, .T. ) ;
#3104 = DIRECTION ( 'NONE',  ( 0.000000000000000000, 0.000000000000000000, 1.000000000000000000 ) ) ;
#3105 = DIRECTION ( 'NONE',  ( 0.000000000000000000, -1.000000000000000000, 0.000000000000000000 ) ) ;
#3106 = AXIS2_PLACEMENT_3D ( 'NONE', #3226, #1689, #2776 ) ;
#3107 = CARTESIAN_POINT ( 'NONE',  ( -15.34999999999999964, -14.00000000000000000, -7.650000000000000355 ) ) ;
#3108 =( GEOMETRIC_REPRESENTATION_CONTEXT ( 3 ) GLOBAL_UNCERTAINTY_ASSIGNED_CONTEXT ( ( #2717 ) ) GLOBAL_UNIT_ASSIGNED_CONTEXT ( ( #1682, #1197, #142 ) ) REPRESENTATION_CONTEXT ( 'NONE', 'WORKASPACE' ) );
#3109 = AXIS2_PLACEMENT_3D ( 'NONE', #292, #2632, #1565 ) ;
#3110 = DIRECTION ( 'NONE',  ( -0.000000000000000000, 1.000000000000000000, -0.000000000000000000 ) ) ;
#3111 = FACE_OUTER_BOUND ( 'NONE', #84, .T. ) ;
#3112 = VECTOR ( 'NONE', #1093, 999.9999999999998863 ) ;
#3113 = PRODUCT_DEFINITION ( 'UNKNOWN', '', #2396, #335 ) ;
#3114 = AXIS2_PLACEMENT_3D ( 'NONE', #3085, #3316, #2069 ) ;
#3115 = CARTESIAN_POINT ( 'NONE',  ( 0.000000000000000000, -13.00000000000000178, 0.000000000000000000 ) ) ;
#3116 = ORIENTED_EDGE ( 'NONE', *, *, #549, .T. ) ;
#3117 =( NAMED_UNIT ( * ) SI_UNIT ( $, .STERADIAN. ) SOLID_ANGLE_UNIT ( ) );
#3118 = CARTESIAN_POINT ( 'NONE',  ( -0.6867344159672007509, -11.73631549033858512, 3.500359335848647113 ) ) ;
#3119 = DIRECTION ( 'NONE',  ( 1.000000000000000000, 0.000000000000000000, 0.000000000000000000 ) ) ;
#3120 = CARTESIAN_POINT ( 'NONE',  ( -1.499999999999999556, -9.500000000000000000, 1.937137062781052910 ) ) ;
#3121 = CARTESIAN_POINT ( 'NONE',  ( -1.148700415961150245, 11.68905503769227927, 2.107320627933244150 ) ) ;
#3122 = ORIENTED_EDGE ( 'NONE', *, *, #2139, .T. ) ;
#3123 = CARTESIAN_POINT ( 'NONE',  ( -7.099999999999999645, -2.500000000000000444, 2.100000000000000089 ) ) ;
#3124 = DIRECTION ( 'NONE',  ( -1.000000000000000000, 0.000000000000000000, 0.000000000000000000 ) ) ;
#3125 = DIRECTION ( 'NONE',  ( 0.000000000000000000, 0.000000000000000000, 1.000000000000000000 ) ) ;
#3126 = CARTESIAN_POINT ( 'NONE',  ( -0.3974612045510877989, -10.94985395971191089, -2.419570761149444582 ) ) ;
#3127 = CARTESIAN_POINT ( 'NONE',  ( -7.099999999999999645, 1.510254942326796801, 7.235327725112586064E-29 ) ) ;
#3128 = CARTESIAN_POINT ( 'NONE',  ( 0.000000000000000000, -33.33896844186422470, 3.564999999999999947 ) ) ;
#3129 = EDGE_CURVE ( 'NONE', #2991, #2248, #2106, .T. ) ;
#3130 = FACE_BOUND ( 'NONE', #3332, .T. ) ;
#3131 =( LENGTH_UNIT ( ) NAMED_UNIT ( * ) SI_UNIT ( .MILLI., .METRE. ) );
#3132 = ORIENTED_EDGE ( 'NONE', *, *, #1893, .T. ) ;
#3133 = ORIENTED_EDGE ( 'NONE', *, *, #2735, .F. ) ;
#3134 = DIRECTION ( 'NONE',  ( -1.000000000000000000, 1.267491568863818936E-17, -0.000000000000000000 ) ) ;
#3135 = DIRECTION ( 'NONE',  ( 0.000000000000000000, 0.000000000000000000, 1.000000000000000000 ) ) ;
#3136 = AXIS2_PLACEMENT_3D ( 'NONE', #160, #1437, #3223 ) ;
#3137 = CARTESIAN_POINT ( 'NONE',  ( 7.099999999999999645, 1.355555555555554070, -3.673419846319648462E-37 ) ) ;
#3138 = ORIENTED_EDGE ( 'NONE', *, *, #2986, .T. ) ;
#3139 = DIRECTION ( 'NONE',  ( -0.000000000000000000, 1.000000000000000000, -0.000000000000000000 ) ) ;
#3140 = CARTESIAN_POINT ( 'NONE',  ( -2.636138274066821552, -33.33896844186422470, 2.400000000000000355 ) ) ;
#3141 = DIRECTION ( 'NONE',  ( 0.000000000000000000, -0.000000000000000000, -1.000000000000000000 ) ) ;
#3142 =( REPRESENTATION_RELATIONSHIP ('NONE','NONE', #1541, #1895 ) REPRESENTATION_RELATIONSHIP_WITH_TRANSFORMATION ( #944 )SHAPE_REPRESENTATION_RELATIONSHIP( ) );
#3143 = SHAPE_REPRESENTATION_RELATIONSHIP ( 'NONE' , 'NONE' ,  #1286, #1548 ) ;
#3144 = CARTESIAN_POINT ( 'NONE',  ( 7.099999999999999645, -2.000000000000000000, -3.673419846319648462E-37 ) ) ;
#3145 = EDGE_CURVE ( 'NONE', #2792, #456, #747, .T. ) ;
#3146 = CARTESIAN_POINT ( 'NONE',  ( 0.000000000000000000, 0.000000000000000000, 4.725000000000004086 ) ) ;
#3147 = EDGE_LOOP ( 'NONE', ( #1742, #446, #1169 ) ) ;
#3148 = EDGE_LOOP ( 'NONE', ( #1, #1442 ) ) ;
#3149 = FACE_OUTER_BOUND ( 'NONE', #2876, .T. ) ;
#3150 = DIRECTION ( 'NONE',  ( -0.000000000000000000, 0.000000000000000000, 1.000000000000000000 ) ) ;
#3151 = PRODUCT_RELATED_PRODUCT_CATEGORY ( 'part', '', ( #2034 ) ) ;
#3152 = FACE_OUTER_BOUND ( 'NONE', #2944, .T. ) ;
#3153 = EDGE_LOOP ( 'NONE', ( #978, #2971, #992, #2427 ) ) ;
#3154 = CARTESIAN_POINT ( 'NONE',  ( -1.449653883284250488, -9.898011896606957905, -1.975253093086330569 ) ) ;
#3155 = CIRCLE ( 'NONE', #2240, 2.100000000000000089 ) ;
#3156 = CARTESIAN_POINT ( 'NONE',  ( 0.7270253260068025858, 11.05801512000192410, 2.288187252218607970 ) ) ;
#3157 = FACE_BOUND ( 'NONE', #1917, .T. ) ;
#3158 = VERTEX_POINT ( 'NONE', #402 ) ;
#3159 = PLANE ( 'NONE',  #3162 ) ;
#3160 = APPLICATION_CONTEXT ( 'automotive_design' ) ;
#3161 = CYLINDRICAL_SURFACE ( 'NONE', #3062, 1.499999999999999556 ) ;
#3162 = AXIS2_PLACEMENT_3D ( 'NONE', #325, #569, #838 ) ;
#3163 = AXIS2_PLACEMENT_3D ( 'NONE', #1795, #2290, #1290 ) ;
#3164 = ORIENTED_EDGE ( 'NONE', *, *, #134, .F. ) ;
#3165 = ORIENTED_EDGE ( 'NONE', *, *, #2322, .T. ) ;
#3166 = DIRECTION ( 'NONE',  ( 0.000000000000000000, 1.000000000000000000, 0.000000000000000000 ) ) ;
#3167 = CIRCLE ( 'NONE', #1010, 3.564999999999999947 ) ;
#3168 = CARTESIAN_POINT ( 'NONE',  ( 0.000000000000000000, -2.499999999999998668, 3.564999999999999947 ) ) ;
#3169 = VECTOR ( 'NONE', #240, 1000.000000000000000 ) ;
#3170 = CYLINDRICAL_SURFACE ( 'NONE', #6, 1.779999999999999805 ) ;
#3171 = CIRCLE ( 'NONE', #2316, 2.534907436326581553 ) ;
#3172 = ORIENTED_EDGE ( 'NONE', *, *, #580, .F. ) ;
#3173 = ADVANCED_FACE ( 'NONE', ( #367 ), #671, .T. ) ;
#3174 = PRODUCT_RELATED_PRODUCT_CATEGORY ( 'part', '', ( #1161 ) ) ;
#3175 = CARTESIAN_POINT ( 'NONE',  ( 1.499999999999999556, -9.500000000000000000, 1.937137062781053354 ) ) ;
#3176 = CARTESIAN_POINT ( 'NONE',  ( 1.187449999999999228, 11.84308076456425418, 2.085656370905810686 ) ) ;
#3177 = B_SPLINE_CURVE_WITH_KNOTS ( 'NONE', 3,
 ( #2532, #3011, #991, #1735, #3079, #1719, #2764, #2782, #2009, #2799, #154, #976 ),
 .UNSPECIFIED., .F., .F.,
 ( 4, 2, 2, 2, 2, 4 ),
 ( 0.005661681078676697974, 0.006132556608932815574, 0.006603432139188934041, 0.006838869904316994576, 0.007074307669445055978, 0.007545183199701177915 ),
 .UNSPECIFIED. ) ;
#3178 = CARTESIAN_POINT ( 'NONE',  ( -1.196754002390731486, -10.42424180331194705, 2.143049903811588663 ) ) ;
#3179 = APPLICATION_PROTOCOL_DEFINITION ( 'draft international standard', 'automotive_design', 1998, #130 ) ;
#3180 = CARTESIAN_POINT ( 'NONE',  ( -3.471124060645565452E-14, -11.90000000000040181, 3.565000000000161595 ) ) ;
#3181 = CARTESIAN_POINT ( 'NONE',  ( -0.1014408809936133554, -8.000000000000000000, 2.450000000000001510 ) ) ;
#3182 = VERTEX_POINT ( 'NONE', #1964 ) ;
#3183 = VERTEX_POINT ( 'NONE', #2981 ) ;
#3184 = FACE_OUTER_BOUND ( 'NONE', #1457, .T. ) ;
#3185 = DIRECTION ( 'NONE',  ( 0.000000000000000000, 0.000000000000000000, -1.000000000000000000 ) ) ;
#3186 = DIRECTION ( 'NONE',  ( 1.224646799147353454E-16, 0.000000000000000000, -1.000000000000000000 ) ) ;
#3187 = ORIENTED_EDGE ( 'NONE', *, *, #2400, .T. ) ;
#3188 = VECTOR ( 'NONE', #1726, 1000.000000000000227 ) ;
#3189 = CARTESIAN_POINT ( 'NONE',  ( 1.297522347513405450, -10.25871286930576964, -2.079137094689544440 ) ) ;
#3190 = EDGE_CURVE ( 'NONE', #1529, #1147, #2382, .T. ) ;
#3191 = DIRECTION ( 'NONE',  ( -0.000000000000000000, 1.000000000000000000, -0.000000000000000000 ) ) ;
#3192 = DIRECTION ( 'NONE',  ( 0.000000000000000000, -1.000000000000000000, 0.000000000000000000 ) ) ;
#3193 = VERTEX_POINT ( 'NONE', #2999 ) ;
#3194 = APPLICATION_PROTOCOL_DEFINITION ( 'draft international standard', 'automotive_design', 1998, #2067 ) ;
#3195 = FILL_AREA_STYLE_COLOUR ( '', #2453 ) ;
#3196 = CARTESIAN_POINT ( 'NONE',  ( 0.000000000000000000, 1.799999999999999600, 0.000000000000000000 ) ) ;
#3197 = ORIENTED_EDGE ( 'NONE', *, *, #1058, .F. ) ;
#3198 = ORIENTED_EDGE ( 'NONE', *, *, #2441, .F. ) ;
#3199 = CARTESIAN_POINT ( 'NONE',  ( 1.573992238476021947E-18, -2.500000000000000000, 1.153020574691852948E-14 ) ) ;
#3200 = DIRECTION ( 'NONE',  ( 0.000000000000000000, 0.000000000000000000, -1.000000000000000000 ) ) ;
#3201 = DIRECTION ( 'NONE',  ( -0.000000000000000000, 1.000000000000000000, -0.000000000000000000 ) ) ;
#3202 = VERTEX_POINT ( 'NONE', #1453 ) ;
#3203 = ADVANCED_FACE ( 'NONE', ( #2474 ), #146, .T. ) ;
#3204 = PLANE ( 'NONE',  #1925 ) ;
#3205 = ADVANCED_FACE ( 'NONE', ( #2674 ), #1202, .T. ) ;
#3206 = DIRECTION ( 'NONE',  ( -0.000000000000000000, 1.000000000000000000, -0.000000000000000000 ) ) ;
#3207 = VECTOR ( 'NONE', #529, 999.9999999999998863 ) ;
#3208 = VECTOR ( 'NONE', #3050, 1000.000000000000227 ) ;
#3209 = APPLICATION_CONTEXT ( 'automotive_design' ) ;
#3210 = CIRCLE ( 'NONE', #3053, 2.282436685593039360 ) ;
#3211 = CARTESIAN_POINT ( 'NONE',  ( -34.92499999999994742, -0.1195716618892367078, 1.519302016609286765 ) ) ;
#3212 = PRODUCT_DEFINITION ( 'UNKNOWN', '', #936, #1123 ) ;
#3213 = CIRCLE ( 'NONE', #1479, 1.899999999999995470 ) ;
#3214 = ORIENTED_EDGE ( 'NONE', *, *, #2688, .T. ) ;
#3215 = ADVANCED_FACE ( 'NONE', ( #2185 ), #874, .T. ) ;
#3216 = APPLICATION_PROTOCOL_DEFINITION ( 'draft international standard', 'automotive_design', 1998, #3042 ) ;
#3217 = CARTESIAN_POINT ( 'NONE',  ( 0.000000000000000000, 1.799999999999999600, 2.282436685593039360 ) ) ;
#3218 = CIRCLE ( 'NONE', #290, 1.385000000000001119 ) ;
#3219 = CIRCLE ( 'NONE', #1055, 3.564999999999999947 ) ;
#3220 = ORIENTED_EDGE ( 'NONE', *, *, #1082, .T. ) ;
#3221 = ORIENTED_EDGE ( 'NONE', *, *, #324, .T. ) ;
#3222 = STYLED_ITEM ( 'NONE', ( #2311 ), #1993 ) ;
#3223 = DIRECTION ( 'NONE',  ( 0.000000000000000000, 0.000000000000000000, -1.000000000000000000 ) ) ;
#3224 = CARTESIAN_POINT ( 'NONE',  ( 12.50000000000000000, -2.000000000000000000, -2.399999999999999911 ) ) ;
#3225 = ORIENTED_EDGE ( 'NONE', *, *, #304, .F. ) ;
#3226 = CARTESIAN_POINT ( 'NONE',  ( 0.000000000000000000, -2.500000000000000000, -1.214306433183764966E-14 ) ) ;
#3227 = ORIENTED_EDGE ( 'NONE', *, *, #3190, .F. ) ;
#3228 = CYLINDRICAL_SURFACE ( 'NONE', #2784, 2.100000000000000089 ) ;
#3229 = AXIS2_PLACEMENT_3D ( 'NONE', #3127, #1580, #273 ) ;
#3230 = PLANE ( 'NONE',  #2468 ) ;
#3231 = LINE ( 'NONE', #341, #2945 ) ;
#3232 = VERTEX_POINT ( 'NONE', #623 ) ;
#3233 =( NAMED_UNIT ( * ) SI_UNIT ( $, .STERADIAN. ) SOLID_ANGLE_UNIT ( ) );
#3234 = SURFACE_STYLE_FILL_AREA ( #1653 ) ;
#3235 = EDGE_CURVE ( 'NONE', #1911, #828, #1297, .T. ) ;
#3236 = EDGE_LOOP ( 'NONE', ( #3276, #2388, #641, #2983 ) ) ;
#3237 = VERTEX_POINT ( 'NONE', #2708 ) ;
#3238 = FACE_OUTER_BOUND ( 'NONE', #726, .T. ) ;
#3239 = DIRECTION ( 'NONE',  ( 0.000000000000000000, 0.000000000000000000, -1.000000000000000000 ) ) ;
#3240 = ORIENTED_EDGE ( 'NONE', *, *, #1591, .T. ) ;
#3241 = CARTESIAN_POINT ( 'NONE',  ( -7.099999999999999645, -8.439696961966999922, 7.235327725112586064E-29 ) ) ;
#3242 = EDGE_LOOP ( 'NONE', ( #382, #3220, #1240, #1905 ) ) ;
#3243 = CARTESIAN_POINT ( 'NONE',  ( -7.099999999999999645, 1.799999999999999600, -2.200000000000000622 ) ) ;
#3244 = CARTESIAN_POINT ( 'NONE',  ( 1.870112127915864342, -9.500000000000000000, 3.035112127915869706 ) ) ;
#3245 = CYLINDRICAL_SURFACE ( 'NONE', #2890, 1.499999999999999556 ) ;
#3246 = EDGE_CURVE ( 'NONE', #1643, #1130, #589, .T. ) ;
#3247 = EDGE_LOOP ( 'NONE', ( #2323, #1656, #1829, #1773, #3256, #2711 ) ) ;
#3248 = DIRECTION ( 'NONE',  ( 1.399268164372412331E-16, -0.2603487167317993789, -0.9655146532788125846 ) ) ;
#3249 = CARTESIAN_POINT ( 'NONE',  ( 0.000000000000000000, -2.388911183883944744, 2.399999999999998579 ) ) ;
#3250 = EDGE_CURVE ( 'NONE', #2359, #2788, #2805, .T. ) ;
#3251 = EDGE_CURVE ( 'NONE', #282, #3311, #2577, .T. ) ;
#3252 = ORIENTED_EDGE ( 'NONE', *, *, #1200, .F. ) ;
#3253 = ORIENTED_EDGE ( 'NONE', *, *, #1445, .F. ) ;
#3254 = EDGE_CURVE ( 'NONE', #2991, #1540, #195, .T. ) ;
#3255 = DIRECTION ( 'NONE',  ( 0.000000000000000000, 1.000000000000000000, -0.000000000000000000 ) ) ;
#3256 = ORIENTED_EDGE ( 'NONE', *, *, #1975, .T. ) ;
#3257 = DIRECTION ( 'NONE',  ( 0.000000000000000000, 0.000000000000000000, 1.000000000000000000 ) ) ;
#3258 = ORIENTED_EDGE ( 'NONE', *, *, #3013, .T. ) ;
#3259 = AXIS2_PLACEMENT_3D ( 'NONE', #844, #3134, #302 ) ;
#3260 = EDGE_CURVE ( 'NONE', #2864, #3182, #454, .T. ) ;
#3261 = CARTESIAN_POINT ( 'NONE',  ( -7.099999999999999645, -8.439696961966999922, -2.100000000000000089 ) ) ;
#3262 = DIRECTION ( 'NONE',  ( -0.7071067811865510144, 8.659560562354975999E-17, 0.7071067811865441310 ) ) ;
#3263 = DIRECTION ( 'NONE',  ( 0.000000000000000000, 1.000000000000000000, 0.000000000000000000 ) ) ;
#3264 = LINE ( 'NONE', #1654, #517 ) ;
#3265 = ORIENTED_EDGE ( 'NONE', *, *, #390, .T. ) ;
#3266 = LINE ( 'NONE', #3094, #12 ) ;
#3267 = CIRCLE ( 'NONE', #2667, 1.499999999999999556 ) ;
#3268 = ORIENTED_EDGE ( 'NONE', *, *, #2261, .F. ) ;
#3269 = CIRCLE ( 'NONE', #1812, 2.200000000000000622 ) ;
#3270 = CARTESIAN_POINT ( 'NONE',  ( 7.099999999999999645, -2.500000000000000000, -3.673419846319648462E-37 ) ) ;
#3271 = FACE_OUTER_BOUND ( 'NONE', #1923, .T. ) ;
#3272 = DIRECTION ( 'NONE',  ( 1.000000000000000000, 0.000000000000000000, 0.000000000000000000 ) ) ;
#3273 = VERTEX_POINT ( 'NONE', #249 ) ;
#3274 = CIRCLE ( 'NONE', #1534, 1.779999999999999805 ) ;
#3275 = DIRECTION ( 'NONE',  ( 3.375584055267206986E-17, -0.9612616959383205595, 0.2756373558169931126 ) ) ;
#3276 = ORIENTED_EDGE ( 'NONE', *, *, #2172, .F. ) ;
#3277 = DIRECTION ( 'NONE',  ( -0.000000000000000000, -0.000000000000000000, -1.000000000000000000 ) ) ;
#3278 = CARTESIAN_POINT ( 'NONE',  ( 1.671134123442395314, -10.60756648998392748, 3.150380417747563389 ) ) ;
#3279 = EDGE_CURVE ( 'NONE', #1631, #2112, #757, .T. ) ;
#3280 = AXIS2_PLACEMENT_3D ( 'NONE', #1316, #3119, #792 ) ;
#3281 = CIRCLE ( 'NONE', #408, 2.566272727272727483 ) ;
#3282 = LINE ( 'NONE', #428, #2188 ) ;
#3283 = AXIS2_PLACEMENT_3D ( 'NONE', #15, #2569, #1045 ) ;
#3284 = DIRECTION ( 'NONE',  ( -0.000000000000000000, -1.000000000000000000, -0.000000000000000000 ) ) ;
#3285 = ORIENTED_EDGE ( 'NONE', *, *, #1799, .T. ) ;
#3286 = CARTESIAN_POINT ( 'NONE',  ( -1.231512280681611227, -11.30641880297060098, 3.347145473643898583 ) ) ;
#3287 = EDGE_LOOP ( 'NONE', ( #3138, #3038 ) ) ;
#3288 = DIRECTION ( 'NONE',  ( -1.000000000000000000, 0.000000000000000000, 0.000000000000000000 ) ) ;
#3289 = CARTESIAN_POINT ( 'NONE',  ( -0.2830567349526983967, -7.121163071757768748, 3.556413189265110297 ) ) ;
#3290 = CARTESIAN_POINT ( 'NONE',  ( 0.000000000000000000, -21.00000000000000000, 0.000000000000000000 ) ) ;
#3291 = ORIENTED_EDGE ( 'NONE', *, *, #2688, .F. ) ;
#3292 = CARTESIAN_POINT ( 'NONE',  ( 10.44263743172961867, -2.500000000000000000, 2.400000000000000355 ) ) ;
#3293 = VERTEX_POINT ( 'NONE', #3315 ) ;
#3294 = SPHERICAL_SURFACE ( 'NONE', #1857, 2.244444444444445796 ) ;
#3295 = CARTESIAN_POINT ( 'NONE',  ( -3.471124060645565452E-14, -11.90000000000040181, 3.565000000000161595 ) ) ;
#3296 = EDGE_CURVE ( 'NONE', #710, #2121, #780, .T. ) ;
#3297 = DIRECTION ( 'NONE',  ( -1.000000000000000000, 0.000000000000000000, 0.000000000000000000 ) ) ;
#3298 = PRESENTATION_STYLE_ASSIGNMENT (( #429 ) ) ;
#3299 = VERTEX_POINT ( 'NONE', #1285 ) ;
#3300 = LINE ( 'NONE', #193, #1214 ) ;
#3301 = AXIS2_PLACEMENT_3D ( 'NONE', #383, #1417, #2287 ) ;
#3302 = ORIENTED_EDGE ( 'NONE', *, *, #461, .T. ) ;
#3303 = CARTESIAN_POINT ( 'NONE',  ( -1.870112127915864564, -9.214240197532779675, 3.035112127915869262 ) ) ;
#3304 = CARTESIAN_POINT ( 'NONE',  ( 3.796405077356795411E-16, 0.000000000000000000, 3.100000000000000533 ) ) ;
#3305 = ORIENTED_EDGE ( 'NONE', *, *, #157, .T. ) ;
#3306 = VERTEX_POINT ( 'NONE', #968 ) ;
#3307 = CARTESIAN_POINT ( 'NONE',  ( 0.4059507042253537312, -2.500000000000000000, -4.707528972373827614 ) ) ;
#3308 = CARTESIAN_POINT ( 'NONE',  ( 0.5566957846392390774, -11.79675196683467320, 3.523972374293556253 ) ) ;
#3309 = EDGE_CURVE ( 'NONE', #1207, #900, #1691, .T. ) ;
#3310 = DIRECTION ( 'NONE',  ( -0.000000000000000000, 1.000000000000000000, -0.000000000000000000 ) ) ;
#3311 = VERTEX_POINT ( 'NONE', #213 ) ;
#3312 = DIRECTION ( 'NONE',  ( -0.000000000000000000, 1.000000000000000000, 0.000000000000000000 ) ) ;
#3313 = ORIENTED_EDGE ( 'NONE', *, *, #843, .T. ) ;
#3314 = EDGE_CURVE ( 'NONE', #2248, #2705, #3035, .T. ) ;
#3315 = CARTESIAN_POINT ( 'NONE',  ( 0.4059507042253537312, 0.000000000000000000, 4.707528972373827614 ) ) ;
#3316 = DIRECTION ( 'NONE',  ( 0.000000000000000000, -0.000000000000000000, 1.000000000000000000 ) ) ;
#3317 = CIRCLE ( 'NONE', #393, 2.100000000000000089 ) ;
#3318 = SURFACE_STYLE_FILL_AREA ( #2593 ) ;
#3319 = CARTESIAN_POINT ( 'NONE',  ( 0.1588290649191892445, 13.17939863030585279, 2.395987909207264011 ) ) ;
#3320 = DIRECTION ( 'NONE',  ( -0.000000000000000000, 1.000000000000000000, -0.000000000000000000 ) ) ;
#3321 = ORIENTED_EDGE ( 'NONE', *, *, #2986, .F. ) ;
#3322 = LINE ( 'NONE', #3307, #1311 ) ;
#3323 = AXIS2_PLACEMENT_3D ( 'NONE', #2589, #769, #2908 ) ;
#3324 = DIRECTION ( 'NONE',  ( 0.000000000000000000, 0.000000000000000000, 1.000000000000000000 ) ) ;
#3325 = DIRECTION ( 'NONE',  ( 0.000000000000000000, 1.000000000000000000, -0.000000000000000000 ) ) ;
#3326 = CIRCLE ( 'NONE', #2195, 2.100000000000000089 ) ;
#3327 = CARTESIAN_POINT ( 'NONE',  ( 7.099999999999999645, 0.000000000000000000, -3.673419846319648462E-37 ) ) ;
#3328 = VERTEX_POINT ( 'NONE', #1535 ) ;
#3329 = PRODUCT_DEFINITION_SHAPE ( 'NONE', 'NONE',  #962 ) ;
#3330 = DIRECTION ( 'NONE',  ( -0.000000000000000000, 1.000000000000000000, -0.000000000000000000 ) ) ;
#3331 = TOROIDAL_SURFACE ( 'NONE', #2149, 2.282436685593039360, 0.3999999999999995226 ) ;
#3332 = EDGE_LOOP ( 'NONE', ( #1184, #2582 ) ) ;
#3333 = DIRECTION ( 'NONE',  ( 0.000000000000000000, 0.000000000000000000, 1.000000000000000000 ) ) ;
#3334 = DIRECTION ( 'NONE',  ( 0.000000000000000000, 0.000000000000000000, 1.000000000000000000 ) ) ;
#3335 = ADVANCED_FACE ( 'NONE', ( #982 ), #704, .T. ) ;
#3336 = DIRECTION ( 'NONE',  ( 0.000000000000000000, 0.000000000000000000, -1.000000000000000000 ) ) ;
#3337 = ORIENTED_EDGE ( 'NONE', *, *, #3254, .T. ) ;
#3338 = FACE_OUTER_BOUND ( 'NONE', #3147, .T. ) ;
#3339 = ORIENTED_EDGE ( 'NONE', *, *, #1758, .F. ) ;
#3340 = APPLICATION_CONTEXT ( 'automotive_design' ) ;
#3341 = CARTESIAN_POINT ( 'NONE',  ( 0.000000000000000000, 0.000000000000000000, 0.000000000000000000 ) ) ;
#3342 = DIRECTION ( 'NONE',  ( -1.000000000000000000, -0.000000000000000000, -0.000000000000000000 ) ) ;
#3343 = CARTESIAN_POINT ( 'NONE',  ( 0.000000000000000000, -2.000000000000001776, 0.000000000000000000 ) ) ;
#3344 = CARTESIAN_POINT ( 'NONE',  ( 0.000000000000000000, -2.500000000000000000, -1.214306433183764966E-14 ) ) ;
#3345 = CARTESIAN_POINT ( 'NONE',  ( -7.099999999999999645, 0.000000000000000000, 7.235327725112586064E-29 ) ) ;
#3346 = VERTEX_POINT ( 'NONE', #2324 ) ;
#3347 = EDGE_CURVE ( 'NONE', #1490, #710, #227, .T. ) ;
#3348 = CARTESIAN_POINT ( 'NONE',  ( 0.000000000000000000, 1.399999999999999689, 2.282436685593039360 ) ) ;
#3349 = ADVANCED_FACE ( 'NONE', ( #2309 ), #878, .F. ) ;
#3350 = CARTESIAN_POINT ( 'NONE',  ( 7.478862716208942857E-16, -0.3662727272727272498, 0.000000000000000000 ) ) ;
#3351 = VERTEX_POINT ( 'NONE', #2770 ) ;
#3352 = FACE_OUTER_BOUND ( 'NONE', #1472, .T. ) ;
#3353 = ORIENTED_EDGE ( 'NONE', *, *, #1738, .F. ) ;
#3354 = DIRECTION ( 'NONE',  ( -0.000000000000000000, 1.000000000000000000, -0.000000000000000000 ) ) ;
#3355 = CARTESIAN_POINT ( 'NONE',  ( -0.9470862954840740811, 12.73230841600203433, 2.208225669008940795 ) ) ;
#3356 = EDGE_CURVE ( 'NONE', #2609, #700, #3084, .T. ) ;
#3357 = UNCERTAINTY_MEASURE_WITH_UNIT (LENGTH_MEASURE( 1.000000000000000082E-05 ), #3131, 'distance_accuracy_value', 'NONE');
#3358 = DIRECTION ( 'NONE',  ( 1.000000000000000000, -0.000000000000000000, -0.000000000000000000 ) ) ;
#3359 = NEXT_ASSEMBLY_USAGE_OCCURRENCE ( 'NAUO1', ' ', ' ', #1103, #3212, $ ) ;
#3360 = NEXT_ASSEMBLY_USAGE_OCCURRENCE ( 'NAUO2', ' ', ' ', #1103, #3113, $ ) ;
#3361 = NEXT_ASSEMBLY_USAGE_OCCURRENCE ( 'NAUO3', ' ', ' ', #1103, #962, $ ) ;
#3362 = NEXT_ASSEMBLY_USAGE_OCCURRENCE ( 'NAUO4', ' ', ' ', #1103, #1955, $ ) ;
#3363 = NEXT_ASSEMBLY_USAGE_OCCURRENCE ( 'NAUO5', ' ', ' ', #1103, #2613, $ ) ;
ENDSEC;
END-ISO-10303-21;
