ISO-10303-21;
HEADER;
FILE_DESCRIPTION (( 'STEP AP214' ),
    '1' );
FILE_NAME ('RWR-Bezel_Unfinished.STEP',
    '2024-07-27T06:06:39',
    ( 'icekoga@gmail.com' ),
    ( '' ),
    'SwSTEP 2.0',
    'SolidWorks 2024',
    '' );
FILE_SCHEMA (( 'AUTOMOTIVE_DESIGN' ));
ENDSEC;

DATA;
#1 = FILL_AREA_STYLE_COLOUR ( '', #1520 ) ;
#2 = ORIENTED_EDGE ( 'NONE', *, *, #1426, .T. ) ;
#3 = DIRECTION ( 'NONE',  ( -1.000000000000000000, 0.000000000000000000, 0.000000000000000000 ) ) ;
#4 = FILL_AREA_STYLE_COLOUR ( '', #1404 ) ;
#5 = DIRECTION ( 'NONE',  ( -0.000000000000000000, -0.000000000000000000, 1.000000000000000000 ) ) ;
#6 = PRESENTATION_LAYER_ASSIGNMENT (  '', '', ( #1435 ) ) ;
#7 = VERTEX_POINT ( 'NONE', #89 ) ;
#8 = CARTESIAN_POINT ( 'NONE',  ( -1.322499999999999787, 1.056999999999999940, 0.9071067811865481945 ) ) ;
#9 = FILL_AREA_STYLE_COLOUR ( '', #574 ) ;
#10 = ORIENTED_EDGE ( 'NONE', *, *, #1469, .F. ) ;
#11 = FILL_AREA_STYLE_COLOUR ( '', #295 ) ;
#12 = DIRECTION ( 'NONE',  ( 1.000000000000000000, 0.000000000000000000, 0.000000000000000000 ) ) ;
#13 = STYLED_ITEM ( 'NONE', ( #1704 ), #1224 ) ;
#14 = DIRECTION ( 'NONE',  ( -0.000000000000000000, -0.000000000000000000, -1.000000000000000000 ) ) ;
#15 = DIMENSIONAL_EXPONENTS ( 1.000000000000000000, 0.000000000000000000, 0.000000000000000000, 0.000000000000000000, 0.000000000000000000, 0.000000000000000000, 0.000000000000000000 ) ;
#16 = DIRECTION ( 'NONE',  ( 0.000000000000000000, 0.000000000000000000, 1.000000000000000000 ) ) ;
#17 = FILL_AREA_STYLE_COLOUR ( '', #927 ) ;
#18 = VECTOR ( 'NONE', #873, 39.37007874015748143 ) ;
#19 = CIRCLE ( 'NONE', #1364, 0.07499999999999988620 ) ;
#20 = MECHANICAL_DESIGN_GEOMETRIC_PRESENTATION_REPRESENTATION (  '', ( #502 ), #725 ) ;
#21 = AXIS2_PLACEMENT_3D ( 'NONE', #1998, #808, #1491 ) ;
#22 = DIRECTION ( 'NONE',  ( -1.000000000000000000, 0.000000000000000000, 0.000000000000000000 ) ) ;
#23 = PRESENTATION_LAYER_ASSIGNMENT (  '', '', ( #1162 ) ) ;
#24 = LENGTH_MEASURE_WITH_UNIT ( LENGTH_MEASURE( 0.02539999999999999897 ), #1757 );
#25 = EDGE_CURVE ( 'NONE', #134, #875, #647, .T. ) ;
#26 = ORIENTED_EDGE ( 'NONE', *, *, #680, .F. ) ;
#27 =( GEOMETRIC_REPRESENTATION_CONTEXT ( 3 ) GLOBAL_UNCERTAINTY_ASSIGNED_CONTEXT ( ( #580 ) ) GLOBAL_UNIT_ASSIGNED_CONTEXT ( ( #1858, #1499, #1995 ) ) REPRESENTATION_CONTEXT ( 'NONE', 'WORKASPACE' ) );
#28 = DIRECTION ( 'NONE',  ( 0.000000000000000000, 0.000000000000000000, 1.000000000000000000 ) ) ;
#29 = VERTEX_POINT ( 'NONE', #1350 ) ;
#30 = EDGE_CURVE ( 'NONE', #1030, #1285, #1335, .T. ) ;
#31 = SURFACE_SIDE_STYLE ('',( #1751 ) ) ;
#32 = CARTESIAN_POINT ( 'NONE',  ( -1.425000000000000266, 1.500000000000000222, 0.000000000000000000 ) ) ;
#33 = EDGE_CURVE ( 'NONE', #1907, #642, #1143, .T. ) ;
#34 = FILL_AREA_STYLE ('',( #17 ) ) ;
#35 = DIRECTION ( 'NONE',  ( 0.000000000000000000, 0.000000000000000000, 1.000000000000000000 ) ) ;
#36 = DIMENSIONAL_EXPONENTS ( 1.000000000000000000, 0.000000000000000000, 0.000000000000000000, 0.000000000000000000, 0.000000000000000000, 0.000000000000000000, 0.000000000000000000 ) ;
#37 = FACE_BOUND ( 'NONE', #450, .T. ) ;
#38 = VERTEX_POINT ( 'NONE', #1164 ) ;
#39 = DIRECTION ( 'NONE',  ( -0.000000000000000000, -0.000000000000000000, 1.000000000000000000 ) ) ;
#40 = CARTESIAN_POINT ( 'NONE',  ( 1.100000000000000977, 1.299999999999999600, 0.000000000000000000 ) ) ;
#41 = LINE ( 'NONE', #2133, #1912 ) ;
#42 = DIRECTION ( 'NONE',  ( 0.000000000000000000, 0.000000000000000000, 1.000000000000000000 ) ) ;
#43 = DIRECTION ( 'NONE',  ( -1.000000000000000000, 0.000000000000000000, 0.000000000000000000 ) ) ;
#44 = CARTESIAN_POINT ( 'NONE',  ( -1.299188927496205181, 0.8080891848498286123, 0.2000000000000000111 ) ) ;
#45 = CARTESIAN_POINT ( 'NONE',  ( -1.074572644549759648, 1.089125168006568556, 0.2000000000000000389 ) ) ;
#46 =( NAMED_UNIT ( * ) SI_UNIT ( $, .STERADIAN. ) SOLID_ANGLE_UNIT ( ) );
#47 = UNCERTAINTY_MEASURE_WITH_UNIT (LENGTH_MEASURE( 1.000000000000000082E-05 ), #2252, 'distance_accuracy_value', 'NONE');
#48 = VERTEX_POINT ( 'NONE', #119 ) ;
#49 = DIMENSIONAL_EXPONENTS ( 1.000000000000000000, 0.000000000000000000, 0.000000000000000000, 0.000000000000000000, 0.000000000000000000, 0.000000000000000000, 0.000000000000000000 ) ;
#50 = CYLINDRICAL_SURFACE ( 'NONE', #934, 0.07500000000000002498 ) ;
#51 = CARTESIAN_POINT ( 'NONE',  ( -1.350000000000000311, -1.300000000000000044, 0.9071067811865481945 ) ) ;
#52 = CARTESIAN_POINT ( 'NONE',  ( -1.100000000000000089, -1.300000000000000044, 0.000000000000000000 ) ) ;
#53 = COLOUR_RGB ( '',0.5019607843137254832, 0.5019607843137254832, 0.5019607843137254832 ) ;
#54 = CARTESIAN_POINT ( 'NONE',  ( 0.000000000000000000, 0.000000000000000000, 0.2000000000000000111 ) ) ;
#55 = MECHANICAL_DESIGN_GEOMETRIC_PRESENTATION_REPRESENTATION (  '', ( #1038 ), #212 ) ;
#56 = PRESENTATION_STYLE_ASSIGNMENT (( #946 ) ) ;
#57 = MECHANICAL_DESIGN_GEOMETRIC_PRESENTATION_REPRESENTATION (  '', ( #1980 ), #719 ) ;
#58 = STYLED_ITEM ( 'NONE', ( #1630 ), #746 ) ;
#59 = AXIS2_PLACEMENT_3D ( 'NONE', #139, #1873, #347 ) ;
#60 =( LENGTH_UNIT ( ) NAMED_UNIT ( * ) SI_UNIT ( $, .METRE. ) );
#61 = AXIS2_PLACEMENT_3D ( 'NONE', #832, #1371, #355 ) ;
#62 = ORIENTED_EDGE ( 'NONE', *, *, #374, .T. ) ;
#63 = CARTESIAN_POINT ( 'NONE',  ( -1.524999999999999911, 1.625000000000000000, 0.4000000000000000222 ) ) ;
#64 = FILL_AREA_STYLE_COLOUR ( '', #99 ) ;
#65 = PRESENTATION_LAYER_ASSIGNMENT (  '', '', ( #615 ) ) ;
#66 = DIRECTION ( 'NONE',  ( -1.000000000000000000, 0.000000000000000000, 0.000000000000000000 ) ) ;
#67 = MECHANICAL_DESIGN_GEOMETRIC_PRESENTATION_REPRESENTATION (  '', ( #2024 ), #1482 ) ;
#68 = FILL_AREA_STYLE_COLOUR ( '', #1297 ) ;
#69 = CARTESIAN_POINT ( 'NONE',  ( -1.100000000000000089, -1.300000000000000044, 0.9071067811865481945 ) ) ;
#70 =( NAMED_UNIT ( * ) PLANE_ANGLE_UNIT ( ) SI_UNIT ( $, .RADIAN. ) );
#71 = EDGE_CURVE ( 'NONE', #468, #1147, #1663, .T. ) ;
#72 = CARTESIAN_POINT ( 'NONE',  ( 1.625000000000000000, 1.524999999999999911, 0.4000000000000000222 ) ) ;
#73 =( CONVERSION_BASED_UNIT ( 'INCH', #2161 ) LENGTH_UNIT ( ) NAMED_UNIT ( #1698 ) );
#74 = FILL_AREA_STYLE_COLOUR ( '', #2163 ) ;
#75 = EDGE_CURVE ( 'NONE', #38, #554, #822, .T. ) ;
#76 = CARTESIAN_POINT ( 'NONE',  ( -1.299188927496205181, 0.8080891848498283903, 0.000000000000000000 ) ) ;
#77 = SURFACE_SIDE_STYLE ('',( #1157 ) ) ;
#78 = LENGTH_MEASURE_WITH_UNIT ( LENGTH_MEASURE( 0.02539999999999999897 ), #1134 );
#79 = ORIENTED_EDGE ( 'NONE', *, *, #317, .F. ) ;
#80 =( NAMED_UNIT ( * ) SI_UNIT ( $, .STERADIAN. ) SOLID_ANGLE_UNIT ( ) );
#81 = ORIENTED_EDGE ( 'NONE', *, *, #924, .F. ) ;
#82 = DIRECTION ( 'NONE',  ( -0.000000000000000000, -1.000000000000000000, -0.000000000000000000 ) ) ;
#83 = CARTESIAN_POINT ( 'NONE',  ( -1.574999999999999956, 1.500000000000000222, 0.4000000000000000222 ) ) ;
#84 = SURFACE_STYLE_FILL_AREA ( #584 ) ;
#85 = DIRECTION ( 'NONE',  ( -0.000000000000000000, -0.000000000000000000, -1.000000000000000000 ) ) ;
#86 = SURFACE_STYLE_USAGE ( .BOTH. , #766 ) ;
#87 = AXIS2_PLACEMENT_3D ( 'NONE', #1043, #1748, #1950 ) ;
#88 =( GEOMETRIC_REPRESENTATION_CONTEXT ( 3 ) GLOBAL_UNCERTAINTY_ASSIGNED_CONTEXT ( ( #1462 ) ) GLOBAL_UNIT_ASSIGNED_CONTEXT ( ( #1614, #1781, #424 ) ) REPRESENTATION_CONTEXT ( 'NONE', 'WORKASPACE' ) );
#89 = CARTESIAN_POINT ( 'NONE',  ( -1.409999999999999476, -5.463695987328526437E-16, 0.2800000000000003042 ) ) ;
#90 = DIRECTION ( 'NONE',  ( -0.000000000000000000, -0.000000000000000000, 1.000000000000000000 ) ) ;
#91 = MECHANICAL_DESIGN_GEOMETRIC_PRESENTATION_REPRESENTATION (  '', ( #1080 ), #897 ) ;
#92 =( CONVERSION_BASED_UNIT ( 'INCH', #1468 ) LENGTH_UNIT ( ) NAMED_UNIT ( #116 ) );
#93 = AXIS2_PLACEMENT_3D ( 'NONE', #1460, #727, #1962 ) ;
#94 = ADVANCED_FACE ( 'NONE', ( #1494 ), #1467, .F. ) ;
#95 = UNCERTAINTY_MEASURE_WITH_UNIT (LENGTH_MEASURE( 1.000000000000000082E-05 ), #758, 'distance_accuracy_value', 'NONE');
#96 = ORIENTED_EDGE ( 'NONE', *, *, #195, .F. ) ;
#97 = DIMENSIONAL_EXPONENTS ( 1.000000000000000000, 0.000000000000000000, 0.000000000000000000, 0.000000000000000000, 0.000000000000000000, 0.000000000000000000, 0.000000000000000000 ) ;
#98 = CIRCLE ( 'NONE', #865, 0.1000000000000000194 ) ;
#99 = COLOUR_RGB ( '',0.5019607843137254832, 0.5019607843137254832, 0.5019607843137254832 ) ;
#100 = CYLINDRICAL_SURFACE ( 'NONE', #1003, 0.07499999999999988620 ) ;
#101 = CIRCLE ( 'NONE', #297, 0.1000000000000000194 ) ;
#102 = AXIS2_PLACEMENT_3D ( 'NONE', #1809, #1625, #1464 ) ;
#103 = EDGE_CURVE ( 'NONE', #1533, #7, #1395, .T. ) ;
#104 = DIRECTION ( 'NONE',  ( 0.000000000000000000, 0.000000000000000000, 1.000000000000000000 ) ) ;
#105 = SURFACE_STYLE_USAGE ( .BOTH. , #1354 ) ;
#106 = MECHANICAL_DESIGN_GEOMETRIC_PRESENTATION_REPRESENTATION (  '', ( #218 ), #757 ) ;
#107 = SURFACE_STYLE_USAGE ( .BOTH. , #1657 ) ;
#108 = EDGE_CURVE ( 'NONE', #1909, #861, #349, .T. ) ;
#109 =( NAMED_UNIT ( * ) PLANE_ANGLE_UNIT ( ) SI_UNIT ( $, .RADIAN. ) );
#110 = CYLINDRICAL_SURFACE ( 'NONE', #1411, 0.1000000000000000194 ) ;
#111 = ORIENTED_EDGE ( 'NONE', *, *, #1655, .F. ) ;
#112 = DIRECTION ( 'NONE',  ( 0.000000000000000000, 0.000000000000000000, -1.000000000000000000 ) ) ;
#113 = ORIENTED_EDGE ( 'NONE', *, *, #676, .F. ) ;
#114 = SURFACE_SIDE_STYLE ('',( #722 ) ) ;
#115 = FILL_AREA_STYLE ('',( #1679 ) ) ;
#116 = DIMENSIONAL_EXPONENTS ( 1.000000000000000000, 0.000000000000000000, 0.000000000000000000, 0.000000000000000000, 0.000000000000000000, 0.000000000000000000, 0.000000000000000000 ) ;
#117 = CARTESIAN_POINT ( 'NONE',  ( 1.500000000000000222, 1.500000000000000222, 0.000000000000000000 ) ) ;
#118 =( CONVERSION_BASED_UNIT ( 'INCH', #608 ) LENGTH_UNIT ( ) NAMED_UNIT ( #2229 ) );
#119 = CARTESIAN_POINT ( 'NONE',  ( -0.8516833599552920964, -1.271037156960906689, 0.2000000000000000111 ) ) ;
#120 = LENGTH_MEASURE_WITH_UNIT ( LENGTH_MEASURE( 0.02539999999999999897 ), #993 );
#121 = FACE_OUTER_BOUND ( 'NONE', #1537, .T. ) ;
#122 = UNCERTAINTY_MEASURE_WITH_UNIT (LENGTH_MEASURE( 1.000000000000000082E-05 ), #1501, 'distance_accuracy_value', 'NONE');
#123 = ORIENTED_EDGE ( 'NONE', *, *, #488, .T. ) ;
#124 = AXIS2_PLACEMENT_3D ( 'NONE', #519, #1034, #1744 ) ;
#125 = DIRECTION ( 'NONE',  ( -0.000000000000000000, -0.000000000000000000, 1.000000000000000000 ) ) ;
#126 = ORIENTED_EDGE ( 'NONE', *, *, #1886, .T. ) ;
#127 = DIRECTION ( 'NONE',  ( 1.000000000000000000, 0.000000000000000000, 0.000000000000000000 ) ) ;
#128 = EDGE_CURVE ( 'NONE', #1147, #415, #1332, .T. ) ;
#129 = FACE_BOUND ( 'NONE', #852, .T. ) ;
#130 = CARTESIAN_POINT ( 'NONE',  ( 1.112537329699881727, 1.050314567177024427, 0.1000000000000000194 ) ) ;
#131 = DIMENSIONAL_EXPONENTS ( 1.000000000000000000, 0.000000000000000000, 0.000000000000000000, 0.000000000000000000, 0.000000000000000000, 0.000000000000000000, 0.000000000000000000 ) ;
#132 = DIRECTION ( 'NONE',  ( 1.000000000000000000, 0.000000000000000000, 0.000000000000000000 ) ) ;
#133 =( NAMED_UNIT ( * ) SI_UNIT ( $, .STERADIAN. ) SOLID_ANGLE_UNIT ( ) );
#134 = VERTEX_POINT ( 'NONE', #316 ) ;
#135 = SURFACE_STYLE_FILL_AREA ( #1344 ) ;
#136 = CARTESIAN_POINT ( 'NONE',  ( -1.112537329699881061, -1.050314567177024649, 0.1000000000000000194 ) ) ;
#137 = STYLED_ITEM ( 'NONE', ( #56 ), #1608 ) ;
#138 = COLOUR_RGB ( '',0.5019607843137254832, 0.5019607843137254832, 0.5019607843137254832 ) ;
#139 = CARTESIAN_POINT ( 'NONE',  ( -1.625000000000000000, -1.625000000000000000, 0.4000000000000000222 ) ) ;
#140 = MECHANICAL_DESIGN_GEOMETRIC_PRESENTATION_REPRESENTATION (  '', ( #1267 ), #1194 ) ;
#141 = CIRCLE ( 'NONE', #726, 0.2499999999999999167 ) ;
#142 = COLOUR_RGB ( '',0.5019607843137254832, 0.5019607843137254832, 0.5019607843137254832 ) ;
#143 = PRESENTATION_LAYER_ASSIGNMENT (  '', '', ( #2024 ) ) ;
#144 = DIRECTION ( 'NONE',  ( -1.000000000000000000, 0.000000000000000000, 0.000000000000000000 ) ) ;
#145 = EDGE_LOOP ( 'NONE', ( #485, #686, #795, #1394 ) ) ;
#146 = DIMENSIONAL_EXPONENTS ( 1.000000000000000000, 0.000000000000000000, 0.000000000000000000, 0.000000000000000000, 0.000000000000000000, 0.000000000000000000, 0.000000000000000000 ) ;
#147 = EDGE_CURVE ( 'NONE', #1285, #650, #326, .T. ) ;
#148 = CYLINDRICAL_SURFACE ( 'NONE', #366, 0.07499999999999988620 ) ;
#149 = DIRECTION ( 'NONE',  ( -1.000000000000000000, 0.000000000000000000, 0.000000000000000000 ) ) ;
#150 = PLANE ( 'NONE',  #59 ) ;
#151 = DIRECTION ( 'NONE',  ( 0.000000000000000000, 0.000000000000000000, 1.000000000000000000 ) ) ;
#152 = ORIENTED_EDGE ( 'NONE', *, *, #1073, .T. ) ;
#153 = EDGE_LOOP ( 'NONE', ( #2259, #1309, #1272, #1181 ) ) ;
#154 = FILL_AREA_STYLE ('',( #486 ) ) ;
#155 = CARTESIAN_POINT ( 'NONE',  ( -1.524999999999999911, -1.625000000000000000, 0.4000000000000000222 ) ) ;
#156 = VERTEX_POINT ( 'NONE', #335 ) ;
#157 = SURFACE_STYLE_FILL_AREA ( #1693 ) ;
#158 = SURFACE_SIDE_STYLE ('',( #2074 ) ) ;
#159 = DIRECTION ( 'NONE',  ( -1.000000000000000000, 0.000000000000000000, 0.000000000000000000 ) ) ;
#160 = LINE ( 'NONE', #2035, #794 ) ;
#161 = ORIENTED_EDGE ( 'NONE', *, *, #108, .F. ) ;
#162 = ORIENTED_EDGE ( 'NONE', *, *, #1567, .F. ) ;
#163 =( LENGTH_UNIT ( ) NAMED_UNIT ( * ) SI_UNIT ( $, .METRE. ) );
#164 = PRODUCT_DEFINITION ( 'UNKNOWN', '', #696, #883 ) ;
#165 = DIRECTION ( 'NONE',  ( -0.000000000000000000, -0.000000000000000000, -1.000000000000000000 ) ) ;
#166 = MECHANICAL_DESIGN_GEOMETRIC_PRESENTATION_REPRESENTATION (  '', ( #2047 ), #1727 ) ;
#167 = ORIENTED_EDGE ( 'NONE', *, *, #2010, .F. ) ;
#168 = AXIS2_PLACEMENT_3D ( 'NONE', #675, #1022, #1554 ) ;
#169 = AXIS2_PLACEMENT_3D ( 'NONE', #1988, #809, #1671 ) ;
#170 = ADVANCED_FACE ( 'NONE', ( #848 ), #1017, .F. ) ;
#171 = AXIS2_PLACEMENT_3D ( 'NONE', #1100, #568, #1269 ) ;
#172 = CARTESIAN_POINT ( 'NONE',  ( -1.524999999999999911, -1.524999999999999911, 0.4000000000000000222 ) ) ;
#173 = COLOUR_RGB ( '',0.5019607843137254832, 0.5019607843137254832, 0.5019607843137254832 ) ;
#174 = EDGE_CURVE ( 'NONE', #1021, #1463, #872, .T. ) ;
#175 = AXIS2_PLACEMENT_3D ( 'NONE', #417, #28, #383 ) ;
#176 = DIRECTION ( 'NONE',  ( -0.000000000000000000, -0.000000000000000000, -1.000000000000000000 ) ) ;
#177 = ORIENTED_EDGE ( 'NONE', *, *, #1571, .F. ) ;
#178 = ADVANCED_FACE ( 'NONE', ( #1779 ), #694, .F. ) ;
#179 = ORIENTED_EDGE ( 'NONE', *, *, #570, .F. ) ;
#180 =( LENGTH_UNIT ( ) NAMED_UNIT ( * ) SI_UNIT ( $, .METRE. ) );
#181 =( NAMED_UNIT ( * ) SI_UNIT ( $, .STERADIAN. ) SOLID_ANGLE_UNIT ( ) );
#182 = VERTEX_POINT ( 'NONE', #846 ) ;
#183 =( NAMED_UNIT ( * ) SI_UNIT ( $, .STERADIAN. ) SOLID_ANGLE_UNIT ( ) );
#184 = SURFACE_SIDE_STYLE ('',( #662 ) ) ;
#185 = CARTESIAN_POINT ( 'NONE',  ( 1.625000000000000000, 1.625000000000000000, 0.4000000000000000222 ) ) ;
#186 =( NAMED_UNIT ( * ) SI_UNIT ( $, .STERADIAN. ) SOLID_ANGLE_UNIT ( ) );
#187 = ORIENTED_EDGE ( 'NONE', *, *, #748, .T. ) ;
#188 = ORIENTED_EDGE ( 'NONE', *, *, #1486, .T. ) ;
#189 =( CONVERSION_BASED_UNIT ( 'INCH', #231 ) LENGTH_UNIT ( ) NAMED_UNIT ( #267 ) );
#190 = ORIENTED_EDGE ( 'NONE', *, *, #128, .T. ) ;
#191 = CARTESIAN_POINT ( 'NONE',  ( -1.524999999999999911, 1.524999999999999911, 0.000000000000000000 ) ) ;
#192 =( NAMED_UNIT ( * ) PLANE_ANGLE_UNIT ( ) SI_UNIT ( $, .RADIAN. ) );
#193 = LINE ( 'NONE', #2050, #1234 ) ;
#194 = CYLINDRICAL_SURFACE ( 'NONE', #1004, 0.07500000000000002498 ) ;
#195 = EDGE_CURVE ( 'NONE', #854, #373, #717, .T. ) ;
#196 = VECTOR ( 'NONE', #1895, 39.37007874015748143 ) ;
#197 = MECHANICAL_DESIGN_GEOMETRIC_PRESENTATION_REPRESENTATION (  '', ( #678 ), #2076 ) ;
#198 = CARTESIAN_POINT ( 'NONE',  ( 1.399999999999999911, 0.000000000000000000, 0.2000000000000000111 ) ) ;
#199 = DIRECTION ( 'NONE',  ( 0.000000000000000000, -0.000000000000000000, 1.000000000000000000 ) ) ;
#200 = DIMENSIONAL_EXPONENTS ( 1.000000000000000000, 0.000000000000000000, 0.000000000000000000, 0.000000000000000000, 0.000000000000000000, 0.000000000000000000, 0.000000000000000000 ) ;
#201 = MECHANICAL_DESIGN_GEOMETRIC_PRESENTATION_REPRESENTATION (  '', ( #1077 ), #1797 ) ;
#202 = ORIENTED_EDGE ( 'NONE', *, *, #1883, .T. ) ;
#203 =( NAMED_UNIT ( * ) SI_UNIT ( $, .STERADIAN. ) SOLID_ANGLE_UNIT ( ) );
#204 =( CONVERSION_BASED_UNIT ( 'INCH', #232 ) LENGTH_UNIT ( ) NAMED_UNIT ( #1846 ) );
#205 = VERTEX_POINT ( 'NONE', #653 ) ;
#206 = DIRECTION ( 'NONE',  ( 1.000000000000000000, 0.000000000000000000, 0.000000000000000000 ) ) ;
#207 = DIRECTION ( 'NONE',  ( -0.000000000000000000, -0.000000000000000000, 1.000000000000000000 ) ) ;
#208 =( GEOMETRIC_REPRESENTATION_CONTEXT ( 3 ) GLOBAL_UNCERTAINTY_ASSIGNED_CONTEXT ( ( #1484 ) ) GLOBAL_UNIT_ASSIGNED_CONTEXT ( ( #2214, #298, #1526 ) ) REPRESENTATION_CONTEXT ( 'NONE', 'WORKASPACE' ) );
#209 = DIRECTION ( 'NONE',  ( 1.000000000000000000, 0.000000000000000000, 0.000000000000000000 ) ) ;
#210 = CARTESIAN_POINT ( 'NONE',  ( 1.100000000000000977, 1.299999999999999600, 0.4000000000000000222 ) ) ;
#211 = VECTOR ( 'NONE', #1945, 39.37007874015748143 ) ;
#212 =( GEOMETRIC_REPRESENTATION_CONTEXT ( 3 ) GLOBAL_UNCERTAINTY_ASSIGNED_CONTEXT ( ( #1104 ) ) GLOBAL_UNIT_ASSIGNED_CONTEXT ( ( #213, #588, #840 ) ) REPRESENTATION_CONTEXT ( 'NONE', 'WORKASPACE' ) );
#213 =( CONVERSION_BASED_UNIT ( 'INCH', #1764 ) LENGTH_UNIT ( ) NAMED_UNIT ( #146 ) );
#214 = CIRCLE ( 'NONE', #171, 0.07500000000000002498 ) ;
#215 = DIRECTION ( 'NONE',  ( -0.000000000000000000, -0.000000000000000000, 1.000000000000000000 ) ) ;
#216 = AXIS2_PLACEMENT_3D ( 'NONE', #1717, #1706, #2211 ) ;
#217 = PRESENTATION_LAYER_ASSIGNMENT (  '', '', ( #1010 ) ) ;
#218 = STYLED_ITEM ( 'NONE', ( #1965 ), #2108 ) ;
#219 = DIRECTION ( 'NONE',  ( 0.000000000000000000, -0.000000000000000000, -1.000000000000000000 ) ) ;
#220 = PRESENTATION_STYLE_ASSIGNMENT (( #533 ) ) ;
#221 = ORIENTED_EDGE ( 'NONE', *, *, #1923, .T. ) ;
#222 = DIMENSIONAL_EXPONENTS ( 1.000000000000000000, 0.000000000000000000, 0.000000000000000000, 0.000000000000000000, 0.000000000000000000, 0.000000000000000000, 0.000000000000000000 ) ;
#223 = EDGE_CURVE ( 'NONE', #353, #1420, #1347, .T. ) ;
#224 = LINE ( 'NONE', #601, #1840 ) ;
#225 = CARTESIAN_POINT ( 'NONE',  ( 1.500000000000000222, -1.500000000000000222, 0.000000000000000000 ) ) ;
#226 = CARTESIAN_POINT ( 'NONE',  ( -1.409999999999999476, -5.463695987328526437E-16, 0.2000000000000000111 ) ) ;
#227 = DIRECTION ( 'NONE',  ( -0.000000000000000000, -0.000000000000000000, -1.000000000000000000 ) ) ;
#228 = DIRECTION ( 'NONE',  ( -1.000000000000000000, 0.000000000000000000, 0.000000000000000000 ) ) ;
#229 = CARTESIAN_POINT ( 'NONE',  ( -1.524999999999999911, -1.524999999999999911, 0.000000000000000000 ) ) ;
#230 = SURFACE_STYLE_USAGE ( .BOTH. , #403 ) ;
#231 = LENGTH_MEASURE_WITH_UNIT ( LENGTH_MEASURE( 0.02539999999999999897 ), #1596 );
#232 = LENGTH_MEASURE_WITH_UNIT ( LENGTH_MEASURE( 0.02539999999999999897 ), #1597 );
#233 =( CONVERSION_BASED_UNIT ( 'INCH', #1789 ) LENGTH_UNIT ( ) NAMED_UNIT ( #1713 ) );
#234 = ORIENTED_EDGE ( 'NONE', *, *, #108, .T. ) ;
#235 = CARTESIAN_POINT ( 'NONE',  ( 1.425000000000000266, 1.500000000000000222, 0.000000000000000000 ) ) ;
#236 = CARTESIAN_POINT ( 'NONE',  ( -1.574999999999999956, -1.500000000000000222, 0.000000000000000000 ) ) ;
#237 = DIRECTION ( 'NONE',  ( 0.000000000000000000, 0.000000000000000000, 1.000000000000000000 ) ) ;
#238 =( CONVERSION_BASED_UNIT ( 'INCH', #573 ) LENGTH_UNIT ( ) NAMED_UNIT ( #1680 ) );
#239 = ORIENTED_EDGE ( 'NONE', *, *, #1558, .F. ) ;
#240 =( LENGTH_UNIT ( ) NAMED_UNIT ( * ) SI_UNIT ( $, .METRE. ) );
#241 = DIRECTION ( 'NONE',  ( 0.000000000000000000, 0.000000000000000000, 1.000000000000000000 ) ) ;
#242 = UNCERTAINTY_MEASURE_WITH_UNIT (LENGTH_MEASURE( 1.000000000000000082E-05 ), #204, 'distance_accuracy_value', 'NONE');
#243 = VERTEX_POINT ( 'NONE', #313 ) ;
#244 = ADVANCED_FACE ( 'NONE', ( #1685 ), #378, .T. ) ;
#245 = DIRECTION ( 'NONE',  ( 1.000000000000000000, 0.000000000000000000, 0.000000000000000000 ) ) ;
#246 = DIRECTION ( 'NONE',  ( 0.000000000000000000, 0.000000000000000000, -1.000000000000000000 ) ) ;
#247 = ADVANCED_FACE ( 'NONE', ( #1904 ), #194, .F. ) ;
#248 = PRESENTATION_LAYER_ASSIGNMENT (  '', '', ( #534 ) ) ;
#249 = CARTESIAN_POINT ( 'NONE',  ( -1.500000000000000222, 1.500000000000000222, 0.4000000000000000222 ) ) ;
#250 = COLOUR_RGB ( '',0.3882352941176470673, 0.8588235294117646523, 0.3882352941176470673 ) ;
#251 = EDGE_CURVE ( 'NONE', #1852, #38, #1942, .T. ) ;
#252 = FACE_OUTER_BOUND ( 'NONE', #600, .T. ) ;
#253 = MECHANICAL_DESIGN_GEOMETRIC_PRESENTATION_REPRESENTATION (  '', ( #1041 ), #1159 ) ;
#254 = CLOSED_SHELL ( 'NONE', ( #1315, #551, #1790, #1023 ) ) ;
#255 = STYLED_ITEM ( 'NONE', ( #1418 ), #646 ) ;
#256 = ORIENTED_EDGE ( 'NONE', *, *, #1946, .F. ) ;
#257 = MECHANICAL_DESIGN_GEOMETRIC_PRESENTATION_REPRESENTATION (  '', ( #1239 ), #401 ) ;
#258 =( NAMED_UNIT ( * ) PLANE_ANGLE_UNIT ( ) SI_UNIT ( $, .RADIAN. ) );
#259 = ORIENTED_EDGE ( 'NONE', *, *, #1453, .F. ) ;
#260 = FILL_AREA_STYLE ('',( #64 ) ) ;
#261 = AXIS2_PLACEMENT_3D ( 'NONE', #1759, #1236, #561 ) ;
#262 = LENGTH_MEASURE_WITH_UNIT ( LENGTH_MEASURE( 0.02539999999999999897 ), #931 );
#263 = DIRECTION ( 'NONE',  ( -1.000000000000000000, 0.000000000000000000, 0.000000000000000000 ) ) ;
#264 =( NAMED_UNIT ( * ) SI_UNIT ( $, .STERADIAN. ) SOLID_ANGLE_UNIT ( ) );
#265 = CARTESIAN_POINT ( 'NONE',  ( 1.625000000000000000, 1.625000000000000000, 0.000000000000000000 ) ) ;
#266 = UNCERTAINTY_MEASURE_WITH_UNIT (LENGTH_MEASURE( 1.000000000000000082E-05 ), #2200, 'distance_accuracy_value', 'NONE');
#267 = DIMENSIONAL_EXPONENTS ( 1.000000000000000000, 0.000000000000000000, 0.000000000000000000, 0.000000000000000000, 0.000000000000000000, 0.000000000000000000, 0.000000000000000000 ) ;
#268 = CARTESIAN_POINT ( 'NONE',  ( 0.8516833599552928735, 1.271037156960906245, 0.2000000000000000111 ) ) ;
#269 = DIRECTION ( 'NONE',  ( 0.000000000000000000, 0.000000000000000000, -1.000000000000000000 ) ) ;
#270 = ORIENTED_EDGE ( 'NONE', *, *, #1355, .F. ) ;
#271 = DIRECTION ( 'NONE',  ( -0.000000000000000000, 0.000000000000000000, -1.000000000000000000 ) ) ;
#272 = DIRECTION ( 'NONE',  ( 0.000000000000000000, 0.000000000000000000, 1.000000000000000000 ) ) ;
#273 =( CONVERSION_BASED_UNIT ( 'INCH', #1119 ) LENGTH_UNIT ( ) NAMED_UNIT ( #660 ) );
#274 = ADVANCED_FACE ( 'NONE', ( #1800 ), #1780, .F. ) ;
#275 = ORIENTED_EDGE ( 'NONE', *, *, #1709, .F. ) ;
#276 = DIRECTION ( 'NONE',  ( -0.000000000000000000, -0.000000000000000000, 1.000000000000000000 ) ) ;
#277 =( CONVERSION_BASED_UNIT ( 'INCH', #470 ) LENGTH_UNIT ( ) NAMED_UNIT ( #1148 ) );
#278 = EDGE_CURVE ( 'NONE', #875, #134, #1439, .T. ) ;
#279 = ORIENTED_EDGE ( 'NONE', *, *, #251, .F. ) ;
#280 = CARTESIAN_POINT ( 'NONE',  ( -1.100000000000000089, -1.300000000000000044, 0.9071067811865481945 ) ) ;
#281 = FACE_OUTER_BOUND ( 'NONE', #1538, .T. ) ;
#282 = PLANE ( 'NONE',  #288 ) ;
#283 = FILL_AREA_STYLE_COLOUR ( '', #1086 ) ;
#284 =( NAMED_UNIT ( * ) PLANE_ANGLE_UNIT ( ) SI_UNIT ( $, .RADIAN. ) );
#285 = DIRECTION ( 'NONE',  ( -0.000000000000000000, -0.000000000000000000, 1.000000000000000000 ) ) ;
#286 = COLOUR_RGB ( '',0.5019607843137254832, 0.5019607843137254832, 0.5019607843137254832 ) ;
#287 = VECTOR ( 'NONE', #1201, 39.37007874015748143 ) ;
#288 = AXIS2_PLACEMENT_3D ( 'NONE', #1954, #1106, #1096 ) ;
#289 = ORIENTED_EDGE ( 'NONE', *, *, #1966, .F. ) ;
#290 =( CONVERSION_BASED_UNIT ( 'INCH', #1282 ) LENGTH_UNIT ( ) NAMED_UNIT ( #442 ) );
#291 =( GEOMETRIC_REPRESENTATION_CONTEXT ( 3 ) GLOBAL_UNCERTAINTY_ASSIGNED_CONTEXT ( ( #1875 ) ) GLOBAL_UNIT_ASSIGNED_CONTEXT ( ( #238, #456, #2166 ) ) REPRESENTATION_CONTEXT ( 'NONE', 'WORKASPACE' ) );
#292 = SURFACE_STYLE_FILL_AREA ( #1307 ) ;
#293 = UNCERTAINTY_MEASURE_WITH_UNIT (LENGTH_MEASURE( 1.000000000000000082E-05 ), #1853, 'distance_accuracy_value', 'NONE');
#294 = ORIENTED_EDGE ( 'NONE', *, *, #508, .T. ) ;
#295 = COLOUR_RGB ( '',0.5019607843137254832, 0.5019607843137254832, 0.5019607843137254832 ) ;
#296 = DIRECTION ( 'NONE',  ( 0.000000000000000000, 0.000000000000000000, -1.000000000000000000 ) ) ;
#297 = AXIS2_PLACEMENT_3D ( 'NONE', #1901, #1222, #2029 ) ;
#298 =( NAMED_UNIT ( * ) PLANE_ANGLE_UNIT ( ) SI_UNIT ( $, .RADIAN. ) );
#299 = DIRECTION ( 'NONE',  ( 0.000000000000000000, 0.000000000000000000, -1.000000000000000000 ) ) ;
#300 = DIMENSIONAL_EXPONENTS ( 1.000000000000000000, 0.000000000000000000, 0.000000000000000000, 0.000000000000000000, 0.000000000000000000, 0.000000000000000000, 0.000000000000000000 ) ;
#301 = DIRECTION ( 'NONE',  ( 0.000000000000000000, 1.000000000000000000, 0.000000000000000000 ) ) ;
#302 = FILL_AREA_STYLE_COLOUR ( '', #1881 ) ;
#303 = FACE_OUTER_BOUND ( 'NONE', #1197, .T. ) ;
#304 = VERTEX_POINT ( 'NONE', #235 ) ;
#305 = CARTESIAN_POINT ( 'NONE',  ( -1.350000000000000311, -1.300000000000000044, 0.000000000000000000 ) ) ;
#306 = CARTESIAN_POINT ( 'NONE',  ( -1.500000000000000222, 1.500000000000000222, 0.000000000000000000 ) ) ;
#307 = DIRECTION ( 'NONE',  ( 0.000000000000000000, 0.000000000000000000, -1.000000000000000000 ) ) ;
#308 = UNCERTAINTY_MEASURE_WITH_UNIT (LENGTH_MEASURE( 1.000000000000000082E-05 ), #92, 'distance_accuracy_value', 'NONE');
#309 = EDGE_LOOP ( 'NONE', ( #774, #511 ) ) ;
#310 = DIMENSIONAL_EXPONENTS ( 1.000000000000000000, 0.000000000000000000, 0.000000000000000000, 0.000000000000000000, 0.000000000000000000, 0.000000000000000000, 0.000000000000000000 ) ;
#311 = SURFACE_STYLE_FILL_AREA ( #154 ) ;
#312 = CARTESIAN_POINT ( 'NONE',  ( -1.572500000000000009, 1.056999999999999940, 0.000000000000000000 ) ) ;
#313 = CARTESIAN_POINT ( 'NONE',  ( -1.425000000000000266, -1.500000000000000222, 0.4000000000000000222 ) ) ;
#314 = DIRECTION ( 'NONE',  ( 0.000000000000000000, 0.000000000000000000, -1.000000000000000000 ) ) ;
#315 = LENGTH_MEASURE_WITH_UNIT ( LENGTH_MEASURE( 0.02539999999999999897 ), #868 );
#316 = CARTESIAN_POINT ( 'NONE',  ( -1.425000000000000266, 1.500000000000000222, 0.000000000000000000 ) ) ;
#317 = EDGE_CURVE ( 'NONE', #7, #1533, #606, .T. ) ;
#318 =( LENGTH_UNIT ( ) NAMED_UNIT ( * ) SI_UNIT ( $, .METRE. ) );
#319 = CIRCLE ( 'NONE', #358, 1.375000000000000000 ) ;
#320 = COLOUR_RGB ( '',0.5019607843137254832, 0.5019607843137254832, 0.5019607843137254832 ) ;
#321 = ORIENTED_EDGE ( 'NONE', *, *, #419, .T. ) ;
#322 = SURFACE_SIDE_STYLE ('',( #135 ) ) ;
#323 = LINE ( 'NONE', #136, #1304 ) ;
#324 = DIMENSIONAL_EXPONENTS ( 1.000000000000000000, 0.000000000000000000, 0.000000000000000000, 0.000000000000000000, 0.000000000000000000, 0.000000000000000000, 0.000000000000000000 ) ;
#325 = AXIS2_PLACEMENT_3D ( 'NONE', #1346, #1360, #492 ) ;
#326 = LINE ( 'NONE', #130, #1141 ) ;
#327 = DIRECTION ( 'NONE',  ( 1.000000000000000000, 0.000000000000000000, 0.000000000000000000 ) ) ;
#328 = VERTEX_POINT ( 'NONE', #944 ) ;
#329 = EDGE_LOOP ( 'NONE', ( #2135, #828, #426, #1583 ) ) ;
#330 = DIRECTION ( 'NONE',  ( 1.000000000000000000, 0.000000000000000000, 0.000000000000000000 ) ) ;
#331 = EDGE_CURVE ( 'NONE', #340, #861, #1612, .T. ) ;
#332 = CARTESIAN_POINT ( 'NONE',  ( -0.8516833599552923184, -1.271037156960907577, 0.1000000000000000194 ) ) ;
#333 = ORIENTED_EDGE ( 'NONE', *, *, #223, .F. ) ;
#334 = DIRECTION ( 'NONE',  ( -1.000000000000000000, 0.000000000000000000, 0.000000000000000000 ) ) ;
#335 = CARTESIAN_POINT ( 'NONE',  ( -1.175000000000000266, -1.300000000000000044, 0.4000000000000000222 ) ) ;
#336 = SURFACE_SIDE_STYLE ('',( #1417 ) ) ;
#337 = EDGE_CURVE ( 'NONE', #1928, #554, #495, .T. ) ;
#338 =( LENGTH_UNIT ( ) NAMED_UNIT ( * ) SI_UNIT ( $, .METRE. ) );
#339 =( LENGTH_UNIT ( ) NAMED_UNIT ( * ) SI_UNIT ( $, .METRE. ) );
#340 = VERTEX_POINT ( 'NONE', #762 ) ;
#341 = ORIENTED_EDGE ( 'NONE', *, *, #278, .F. ) ;
#342 = ADVANCED_FACE ( 'NONE', ( #769 ), #745, .T. ) ;
#343 = CARTESIAN_POINT ( 'NONE',  ( 1.365923996832131609E-16, -5.463695987328526437E-16, 4.388082245892126920 ) ) ;
#344 =( CONVERSION_BASED_UNIT ( 'INCH', #524 ) LENGTH_UNIT ( ) NAMED_UNIT ( #969 ) );
#345 = EDGE_LOOP ( 'NONE', ( #2004, #908, #1747, #628, #152, #2189, #62, #1219 ) ) ;
#346 = EDGE_CURVE ( 'NONE', #2036, #304, #960, .T. ) ;
#347 = DIRECTION ( 'NONE',  ( 0.000000000000000000, 0.000000000000000000, -1.000000000000000000 ) ) ;
#348 = DIRECTION ( 'NONE',  ( 0.000000000000000000, 0.000000000000000000, -1.000000000000000000 ) ) ;
#349 = CIRCLE ( 'NONE', #1611, 0.2500000000000002220 ) ;
#350 = CARTESIAN_POINT ( 'NONE',  ( -1.375000000000000000, 1.683889348827610506E-16, 0.2800000000000000266 ) ) ;
#351 = SURFACE_STYLE_FILL_AREA ( #380 ) ;
#352 = EDGE_LOOP ( 'NONE', ( #1857, #126, #202, #1387 ) ) ;
#353 = VERTEX_POINT ( 'NONE', #1139 ) ;
#354 = CARTESIAN_POINT ( 'NONE',  ( -1.299188927496204959, 0.8080891848498285013, 0.1000000000000000194 ) ) ;
#355 = DIRECTION ( 'NONE',  ( 1.000000000000000000, 0.000000000000000000, 0.000000000000000000 ) ) ;
#356 = STYLED_ITEM ( 'NONE', ( #1812 ), #274 ) ;
#357 = EDGE_LOOP ( 'NONE', ( #1900, #483, #1642, #673 ) ) ;
#358 = AXIS2_PLACEMENT_3D ( 'NONE', #689, #2045, #701 ) ;
#359 = CYLINDRICAL_SURFACE ( 'NONE', #1628, 0.07500000000000002498 ) ;
#360 = LENGTH_MEASURE_WITH_UNIT ( LENGTH_MEASURE( 0.02539999999999999897 ), #425 );
#361 = AXIS2_PLACEMENT_3D ( 'NONE', #229, #2113, #1594 ) ;
#362 = CLOSED_SHELL ( 'NONE', ( #1215, #906, #2257, #884, #1072, #2108, #1382, #170, #913, #592, #1142, #2080, #2060, #1787, #597, #1378, #909, #1589, #646, #1289, #389, #1313, #1684, #1615, #94, #178, #1896, #342, #746, #244, #1682, #510, #274, #1224, #1375, #1608, #1783, #247, #2224, #2213 ) ) ;
#363 = MECHANICAL_DESIGN_GEOMETRIC_PRESENTATION_REPRESENTATION (  '', ( #58 ), #1807 ) ;
#364 =( NAMED_UNIT ( * ) SI_UNIT ( $, .STERADIAN. ) SOLID_ANGLE_UNIT ( ) );
#365 = CARTESIAN_POINT ( 'NONE',  ( -1.100000000000000089, -1.300000000000000044, 0.000000000000000000 ) ) ;
#366 = AXIS2_PLACEMENT_3D ( 'NONE', #1525, #1202, #2037 ) ;
#367 = LENGTH_MEASURE_WITH_UNIT ( LENGTH_MEASURE( 0.02539999999999999897 ), #2009 );
#368 = LINE ( 'NONE', #882, #18 ) ;
#369 = DIRECTION ( 'NONE',  ( 1.000000000000000000, 0.000000000000000000, 0.000000000000000000 ) ) ;
#370 = SURFACE_STYLE_FILL_AREA ( #2253 ) ;
#371 = ORIENTED_EDGE ( 'NONE', *, *, #1715, .F. ) ;
#372 = ORIENTED_EDGE ( 'NONE', *, *, #1883, .F. ) ;
#373 = VERTEX_POINT ( 'NONE', #1829 ) ;
#374 = EDGE_CURVE ( 'NONE', #1870, #1822, #1179, .T. ) ;
#375 = DIRECTION ( 'NONE',  ( -0.000000000000000000, -0.000000000000000000, -1.000000000000000000 ) ) ;
#376 = LENGTH_MEASURE_WITH_UNIT ( LENGTH_MEASURE( 0.02539999999999999897 ), #1922 );
#377 = FILL_AREA_STYLE_COLOUR ( '', #320 ) ;
#378 = CYLINDRICAL_SURFACE ( 'NONE', #1802, 0.1000000000000000194 ) ;
#379 = LINE ( 'NONE', #545, #500 ) ;
#380 = FILL_AREA_STYLE ('',( #1438 ) ) ;
#381 = ORIENTED_EDGE ( 'NONE', *, *, #981, .F. ) ;
#382 = LINE ( 'NONE', #2096, #1545 ) ;
#383 = DIRECTION ( 'NONE',  ( 1.000000000000000000, 0.000000000000000000, 0.000000000000000000 ) ) ;
#384 = ORIENTED_EDGE ( 'NONE', *, *, #337, .T. ) ;
#385 = PRESENTATION_STYLE_ASSIGNMENT (( #564 ) ) ;
#386 = SURFACE_STYLE_USAGE ( .BOTH. , #184 ) ;
#387 =( CONVERSION_BASED_UNIT ( 'INCH', #921 ) LENGTH_UNIT ( ) NAMED_UNIT ( #131 ) );
#388 = CARTESIAN_POINT ( 'NONE',  ( -1.375000000000000000, 1.683889348827610506E-16, 0.000000000000000000 ) ) ;
#389 = ADVANCED_FACE ( 'NONE', ( #1997, #836, #1872, #1656, #1154, #454, #1860, #668 ), #282, .T. ) ;
#390 = SURFACE_STYLE_USAGE ( .BOTH. , #740 ) ;
#391 = SURFACE_SIDE_STYLE ('',( #548 ) ) ;
#392 = ORIENTED_EDGE ( 'NONE', *, *, #1758, .T. ) ;
#393 =( GEOMETRIC_REPRESENTATION_CONTEXT ( 3 ) GLOBAL_UNCERTAINTY_ASSIGNED_CONTEXT ( ( #1978 ) ) GLOBAL_UNIT_ASSIGNED_CONTEXT ( ( #1033, #1400, #1206 ) ) REPRESENTATION_CONTEXT ( 'NONE', 'WORKASPACE' ) );
#394 =( CONVERSION_BASED_UNIT ( 'INCH', #1056 ) LENGTH_UNIT ( ) NAMED_UNIT ( #1135 ) );
#395 = CARTESIAN_POINT ( 'NONE',  ( 1.524999999999999911, -1.625000000000000000, 0.000000000000000000 ) ) ;
#396 = STYLED_ITEM ( 'NONE', ( #670 ), #551 ) ;
#397 = CARTESIAN_POINT ( 'NONE',  ( -1.322499999999999787, 1.056999999999999940, 0.9071067811865481945 ) ) ;
#398 = DIRECTION ( 'NONE',  ( 1.000000000000000000, 0.000000000000000000, 0.000000000000000000 ) ) ;
#399 = DIMENSIONAL_EXPONENTS ( 1.000000000000000000, 0.000000000000000000, 0.000000000000000000, 0.000000000000000000, 0.000000000000000000, 0.000000000000000000, 0.000000000000000000 ) ;
#400 =( GEOMETRIC_REPRESENTATION_CONTEXT ( 3 ) GLOBAL_UNCERTAINTY_ASSIGNED_CONTEXT ( ( #649 ) ) GLOBAL_UNIT_ASSIGNED_CONTEXT ( ( #1794, #1109, #771 ) ) REPRESENTATION_CONTEXT ( 'NONE', 'WORKASPACE' ) );
#401 =( GEOMETRIC_REPRESENTATION_CONTEXT ( 3 ) GLOBAL_UNCERTAINTY_ASSIGNED_CONTEXT ( ( #2003 ) ) GLOBAL_UNIT_ASSIGNED_CONTEXT ( ( #394, #582, #1761 ) ) REPRESENTATION_CONTEXT ( 'NONE', 'WORKASPACE' ) );
#402 = FACE_OUTER_BOUND ( 'NONE', #1530, .T. ) ;
#403 = SURFACE_SIDE_STYLE ('',( #351 ) ) ;
#404 = EDGE_LOOP ( 'NONE', ( #1263, #685, #2064, #709 ) ) ;
#405 = AXIS2_PLACEMENT_3D ( 'NONE', #1824, #1291, #1991 ) ;
#406 = CARTESIAN_POINT ( 'NONE',  ( 0.000000000000000000, 0.000000000000000000, 0.2000000000000000111 ) ) ;
#407 = EDGE_LOOP ( 'NONE', ( #988, #333, #162, #2218 ) ) ;
#408 = CARTESIAN_POINT ( 'NONE',  ( 0.8516833599552935397, 1.271037156960906245, 0.000000000000000000 ) ) ;
#409 = DIRECTION ( 'NONE',  ( -0.000000000000000000, -0.000000000000000000, 1.000000000000000000 ) ) ;
#410 = FILL_AREA_STYLE ('',( #751 ) ) ;
#411 = DIRECTION ( 'NONE',  ( -1.000000000000000000, 0.000000000000000000, 0.000000000000000000 ) ) ;
#412 = CARTESIAN_POINT ( 'NONE',  ( 0.000000000000000000, 0.000000000000000000, 0.000000000000000000 ) ) ;
#413 = FILL_AREA_STYLE_COLOUR ( '', #2088 ) ;
#414 = ADVANCED_BREP_SHAPE_REPRESENTATION ( 'RWR-Bezel_Unfinished', ( #1956, #444, #1632 ), #1705 ) ;
#415 = VERTEX_POINT ( 'NONE', #63 ) ;
#416 = FILL_AREA_STYLE ('',( #1957 ) ) ;
#417 = CARTESIAN_POINT ( 'NONE',  ( -1.100000000000000089, -1.300000000000000044, 0.2000000000000000111 ) ) ;
#418 = VERTEX_POINT ( 'NONE', #408 ) ;
#419 = EDGE_CURVE ( 'NONE', #182, #1930, #1967, .T. ) ;
#420 = PLANE ( 'NONE',  #1200 ) ;
#421 = EDGE_CURVE ( 'NONE', #888, #642, #1788, .T. ) ;
#422 = PRESENTATION_STYLE_ASSIGNMENT (( #1088 ) ) ;
#423 = FILL_AREA_STYLE_COLOUR ( '', #138 ) ;
#424 =( NAMED_UNIT ( * ) SI_UNIT ( $, .STERADIAN. ) SOLID_ANGLE_UNIT ( ) );
#425 =( LENGTH_UNIT ( ) NAMED_UNIT ( * ) SI_UNIT ( $, .METRE. ) );
#426 = ORIENTED_EDGE ( 'NONE', *, *, #33, .F. ) ;
#427 = DIRECTION ( 'NONE',  ( 1.000000000000000000, 0.000000000000000000, 0.000000000000000000 ) ) ;
#428 = UNCERTAINTY_MEASURE_WITH_UNIT (LENGTH_MEASURE( 1.000000000000000082E-05 ), #1971, 'distance_accuracy_value', 'NONE');
#429 = SURFACE_STYLE_FILL_AREA ( #1434 ) ;
#430 = LENGTH_MEASURE_WITH_UNIT ( LENGTH_MEASURE( 0.02539999999999999897 ), #963 );
#431 = STYLED_ITEM ( 'NONE', ( #1566 ), #244 ) ;
#432 = VECTOR ( 'NONE', #285, 39.37007874015748143 ) ;
#433 = MECHANICAL_DESIGN_GEOMETRIC_PRESENTATION_REPRESENTATION (  '', ( #137 ), #400 ) ;
#434 = AXIS2_PLACEMENT_3D ( 'NONE', #69, #1604, #43 ) ;
#435 = PRESENTATION_LAYER_ASSIGNMENT (  '', '', ( #1090 ) ) ;
#436 = SURFACE_STYLE_FILL_AREA ( #626 ) ;
#437 = AXIS2_PLACEMENT_3D ( 'NONE', #1063, #2128, #1103 ) ;
#438 = VERTEX_POINT ( 'NONE', #1609 ) ;
#439 = PRESENTATION_STYLE_ASSIGNMENT (( #1318 ) ) ;
#440 = EDGE_CURVE ( 'NONE', #816, #1021, #224, .T. ) ;
#441 = FILL_AREA_STYLE_COLOUR ( '', #286 ) ;
#442 = DIMENSIONAL_EXPONENTS ( 1.000000000000000000, 0.000000000000000000, 0.000000000000000000, 0.000000000000000000, 0.000000000000000000, 0.000000000000000000, 0.000000000000000000 ) ;
#443 = CYLINDRICAL_SURFACE ( 'NONE', #1843, 0.2500000000000002220 ) ;
#444 = MANIFOLD_SOLID_BREP ( 'Í¹Ì¨-À', #254 ) ;
#445 = FACE_BOUND ( 'NONE', #2044, .T. ) ;
#446 = SHAPE_DEFINITION_REPRESENTATION ( #516, #414 ) ;
#447 = ORIENTED_EDGE ( 'NONE', *, *, #744, .T. ) ;
#448 = SURFACE_SIDE_STYLE ('',( #292 ) ) ;
#449 = UNCERTAINTY_MEASURE_WITH_UNIT (LENGTH_MEASURE( 1.000000000000000082E-05 ), #1969, 'distance_accuracy_value', 'NONE');
#450 = EDGE_LOOP ( 'NONE', ( #1040, #879 ) ) ;
#451 = CARTESIAN_POINT ( 'NONE',  ( -0.8516833599552924294, -1.271037156960906689, 0.000000000000000000 ) ) ;
#452 = PLANE ( 'NONE',  #2020 ) ;
#453 = ORIENTED_EDGE ( 'NONE', *, *, #71, .T. ) ;
#454 = FACE_BOUND ( 'NONE', #2116, .T. ) ;
#455 = SURFACE_STYLE_FILL_AREA ( #1133 ) ;
#456 =( NAMED_UNIT ( * ) PLANE_ANGLE_UNIT ( ) SI_UNIT ( $, .RADIAN. ) );
#457 = DIMENSIONAL_EXPONENTS ( 1.000000000000000000, 0.000000000000000000, 0.000000000000000000, 0.000000000000000000, 0.000000000000000000, 0.000000000000000000, 0.000000000000000000 ) ;
#458 = ORIENTED_EDGE ( 'NONE', *, *, #2014, .F. ) ;
#459 = SURFACE_SIDE_STYLE ('',( #577 ) ) ;
#460 = CARTESIAN_POINT ( 'NONE',  ( 0.8500000000000010880, 1.299999999999999600, 0.2000000000000000389 ) ) ;
#461 = ORIENTED_EDGE ( 'NONE', *, *, #2112, .F. ) ;
#462 = DIRECTION ( 'NONE',  ( -1.000000000000000000, 0.000000000000000000, -0.000000000000000000 ) ) ;
#463 = DIRECTION ( 'NONE',  ( 1.000000000000000000, -0.000000000000000000, -0.000000000000000000 ) ) ;
#464 =( NAMED_UNIT ( * ) SI_UNIT ( $, .STERADIAN. ) SOLID_ANGLE_UNIT ( ) );
#465 = SURFACE_SIDE_STYLE ('',( #1323 ) ) ;
#466 =( GEOMETRIC_REPRESENTATION_CONTEXT ( 3 ) GLOBAL_UNCERTAINTY_ASSIGNED_CONTEXT ( ( #1507 ) ) GLOBAL_UNIT_ASSIGNED_CONTEXT ( ( #1235, #1918, #203 ) ) REPRESENTATION_CONTEXT ( 'NONE', 'WORKASPACE' ) );
#467 = CIRCLE ( 'NONE', #2012, 0.2500000000000002220 ) ;
#468 = VERTEX_POINT ( 'NONE', #1302 ) ;
#469 = STYLED_ITEM ( 'NONE', ( #787 ), #1589 ) ;
#470 = LENGTH_MEASURE_WITH_UNIT ( LENGTH_MEASURE( 0.02539999999999999897 ), #1619 );
#471 = CIRCLE ( 'NONE', #1732, 0.07500000000000002498 ) ;
#472 = UNCERTAINTY_MEASURE_WITH_UNIT (LENGTH_MEASURE( 1.000000000000000082E-05 ), #344, 'distance_accuracy_value', 'NONE');
#473 = EDGE_LOOP ( 'NONE', ( #1256, #523, #1915, #161, #111, #1351, #2094, #2146, #1218, #1838, #1990, #664 ) ) ;
#474 = DIMENSIONAL_EXPONENTS ( 1.000000000000000000, 0.000000000000000000, 0.000000000000000000, 0.000000000000000000, 0.000000000000000000, 0.000000000000000000, 0.000000000000000000 ) ;
#475 = MECHANICAL_DESIGN_GEOMETRIC_PRESENTATION_REPRESENTATION (  '', ( #1162 ), #1300 ) ;
#476 =( GEOMETRIC_REPRESENTATION_CONTEXT ( 3 ) GLOBAL_UNCERTAINTY_ASSIGNED_CONTEXT ( ( #957 ) ) GLOBAL_UNIT_ASSIGNED_CONTEXT ( ( #657, #2032, #183 ) ) REPRESENTATION_CONTEXT ( 'NONE', 'WORKASPACE' ) );
#477 = SURFACE_STYLE_FILL_AREA ( #768 ) ;
#478 =( LENGTH_UNIT ( ) NAMED_UNIT ( * ) SI_UNIT ( $, .METRE. ) );
#479 = AXIS2_PLACEMENT_3D ( 'NONE', #638, #2162, #618 ) ;
#480 = COLOUR_RGB ( '',0.5019607843137254832, 0.5019607843137254832, 0.5019607843137254832 ) ;
#481 = COLOUR_RGB ( '',0.5019607843137254832, 0.5019607843137254832, 0.5019607843137254832 ) ;
#482 = FACE_OUTER_BOUND ( 'NONE', #1232, .T. ) ;
#483 = ORIENTED_EDGE ( 'NONE', *, *, #2178, .T. ) ;
#484 = FILL_AREA_STYLE_COLOUR ( '', #480 ) ;
#485 = ORIENTED_EDGE ( 'NONE', *, *, #575, .F. ) ;
#486 = FILL_AREA_STYLE_COLOUR ( '', #894 ) ;
#487 = CARTESIAN_POINT ( 'NONE',  ( 1.409999999999999920, -3.736944000530758541E-16, 4.388082245892126920 ) ) ;
#488 = EDGE_CURVE ( 'NONE', #1463, #1021, #753, .T. ) ;
#489 = ORIENTED_EDGE ( 'NONE', *, *, #1249, .F. ) ;
#490 = ORIENTED_EDGE ( 'NONE', *, *, #1558, .T. ) ;
#491 = CARTESIAN_POINT ( 'NONE',  ( 0.000000000000000000, 0.000000000000000000, 0.2800000000000000266 ) ) ;
#492 = DIRECTION ( 'NONE',  ( -1.000000000000000000, 0.000000000000000000, 0.000000000000000000 ) ) ;
#493 = CARTESIAN_POINT ( 'NONE',  ( 1.625000000000000000, 1.524999999999999911, 0.000000000000000000 ) ) ;
#494 = PRESENTATION_STYLE_ASSIGNMENT (( #1695 ) ) ;
#495 = CIRCLE ( 'NONE', #1111, 0.07500000000000002498 ) ;
#496 = SURFACE_STYLE_USAGE ( .BOTH. , #813 ) ;
#497 = PLANE ( 'NONE',  #731 ) ;
#498 = VECTOR ( 'NONE', #532, 39.37007874015748143 ) ;
#499 = VERTEX_POINT ( 'NONE', #1169 ) ;
#500 = VECTOR ( 'NONE', #176, 39.37007874015748143 ) ;
#501 = SURFACE_SIDE_STYLE ('',( #1555 ) ) ;
#502 = STYLED_ITEM ( 'NONE', ( #1672 ), #1684 ) ;
#503 = ORIENTED_EDGE ( 'NONE', *, *, #174, .F. ) ;
#504 = AXIS2_PLACEMENT_3D ( 'NONE', #631, #299, #263 ) ;
#505 = EDGE_CURVE ( 'NONE', #304, #591, #1863, .T. ) ;
#506 = AXIS2_PLACEMENT_3D ( 'NONE', #1951, #1421, #708 ) ;
#507 =( LENGTH_UNIT ( ) NAMED_UNIT ( * ) SI_UNIT ( $, .METRE. ) );
#508 = EDGE_CURVE ( 'NONE', #591, #613, #786, .T. ) ;
#509 = SURFACE_STYLE_FILL_AREA ( #416 ) ;
#510 = ADVANCED_FACE ( 'NONE', ( #129, #2006, #445, #1503 ), #1492, .F. ) ;
#511 = ORIENTED_EDGE ( 'NONE', *, *, #1220, .F. ) ;
#512 = EDGE_LOOP ( 'NONE', ( #549, #1166 ) ) ;
#513 =( NAMED_UNIT ( * ) PLANE_ANGLE_UNIT ( ) SI_UNIT ( $, .RADIAN. ) );
#514 = DIRECTION ( 'NONE',  ( 1.000000000000000000, 7.649174382259929912E-15, 0.000000000000000000 ) ) ;
#515 = ORIENTED_EDGE ( 'NONE', *, *, #975, .T. ) ;
#516 = PRODUCT_DEFINITION_SHAPE ( 'NONE', 'NONE',  #164 ) ;
#517 = DIRECTION ( 'NONE',  ( -0.000000000000000000, -0.000000000000000000, 1.000000000000000000 ) ) ;
#518 = PRESENTATION_STYLE_ASSIGNMENT (( #1377 ) ) ;
#519 = CARTESIAN_POINT ( 'NONE',  ( -1.500000000000000222, 1.500000000000000222, 0.000000000000000000 ) ) ;
#520 = FILL_AREA_STYLE ('',( #1379 ) ) ;
#521 = FILL_AREA_STYLE_COLOUR ( '', #2098 ) ;
#522 = ORIENTED_EDGE ( 'NONE', *, *, #1855, .T. ) ;
#523 = ORIENTED_EDGE ( 'NONE', *, *, #195, .T. ) ;
#524 = LENGTH_MEASURE_WITH_UNIT ( LENGTH_MEASURE( 0.02539999999999999897 ), #1869 );
#525 = ORIENTED_EDGE ( 'NONE', *, *, #331, .F. ) ;
#526 = FACE_OUTER_BOUND ( 'NONE', #2107, .T. ) ;
#527 = CARTESIAN_POINT ( 'NONE',  ( -1.100000000000000089, -1.300000000000000044, 0.000000000000000000 ) ) ;
#528 = CARTESIAN_POINT ( 'NONE',  ( -1.500000000000000222, -1.500000000000000222, 0.000000000000000000 ) ) ;
#529 =( CONVERSION_BASED_UNIT ( 'INCH', #2206 ) LENGTH_UNIT ( ) NAMED_UNIT ( #1310 ) );
#530 = CYLINDRICAL_SURFACE ( 'NONE', #1345, 0.07500000000000002498 ) ;
#531 = VERTEX_POINT ( 'NONE', #1514 ) ;
#532 = DIRECTION ( 'NONE',  ( -0.000000000000000000, -0.000000000000000000, -1.000000000000000000 ) ) ;
#533 = SURFACE_STYLE_USAGE ( .BOTH. , #2106 ) ;
#534 = STYLED_ITEM ( 'NONE', ( #1728 ), #247 ) ;
#535 = EDGE_LOOP ( 'NONE', ( #2081, #1393 ) ) ;
#536 = VECTOR ( 'NONE', #1082, 39.37007874015748143 ) ;
#537 = CYLINDRICAL_SURFACE ( 'NONE', #1771, 1.375000000000000000 ) ;
#538 = AXIS2_PLACEMENT_3D ( 'NONE', #2134, #2142, #623 ) ;
#539 = CIRCLE ( 'NONE', #21, 0.07499999999999988620 ) ;
#540 = DIRECTION ( 'NONE',  ( 0.000000000000000000, -0.000000000000000000, -1.000000000000000000 ) ) ;
#541 = MECHANICAL_DESIGN_GEOMETRIC_PRESENTATION_REPRESENTATION (  '', ( #1517 ), #1123 ) ;
#542 = CARTESIAN_POINT ( 'NONE',  ( -1.100000000000000089, -1.300000000000000044, 0.2000000000000000389 ) ) ;
#543 = VECTOR ( 'NONE', #165, 39.37007874015748143 ) ;
#544 =( NAMED_UNIT ( * ) PLANE_ANGLE_UNIT ( ) SI_UNIT ( $, .RADIAN. ) );
#545 = CARTESIAN_POINT ( 'NONE',  ( -0.8499999999999999778, -1.300000000000000044, 0.9071067811865481945 ) ) ;
#546 = ORIENTED_EDGE ( 'NONE', *, *, #2254, .F. ) ;
#547 = DIRECTION ( 'NONE',  ( 0.000000000000000000, 0.000000000000000000, -1.000000000000000000 ) ) ;
#548 = SURFACE_STYLE_FILL_AREA ( #1247 ) ;
#549 = ORIENTED_EDGE ( 'NONE', *, *, #2254, .T. ) ;
#550 = CARTESIAN_POINT ( 'NONE',  ( 1.365923996832131609E-16, -5.463695987328526437E-16, 0.2000000000000000111 ) ) ;
#551 = ADVANCED_FACE ( 'NONE', ( #681 ), #1565, .T. ) ;
#552 = LINE ( 'NONE', #388, #1190 ) ;
#553 = VERTEX_POINT ( 'NONE', #586 ) ;
#554 = VERTEX_POINT ( 'NONE', #1577 ) ;
#555 = DIRECTION ( 'NONE',  ( 1.000000000000000000, -0.000000000000000000, -0.000000000000000000 ) ) ;
#556 = CARTESIAN_POINT ( 'NONE',  ( 1.625000000000000000, -1.625000000000000000, 0.4000000000000000222 ) ) ;
#557 = FACE_OUTER_BOUND ( 'NONE', #352, .T. ) ;
#558 = DIRECTION ( 'NONE',  ( 1.000000000000000000, 0.000000000000000000, 0.000000000000000000 ) ) ;
#559 =( NAMED_UNIT ( * ) PLANE_ANGLE_UNIT ( ) SI_UNIT ( $, .RADIAN. ) );
#560 = FACE_BOUND ( 'NONE', #1343, .T. ) ;
#561 = DIRECTION ( 'NONE',  ( 1.000000000000000000, 0.000000000000000000, 0.000000000000000000 ) ) ;
#562 = ORIENTED_EDGE ( 'NONE', *, *, #505, .F. ) ;
#563 = CARTESIAN_POINT ( 'NONE',  ( 1.100000000000000977, 1.299999999999999600, 0.2000000000000000389 ) ) ;
#564 = SURFACE_STYLE_USAGE ( .BOTH. , #1107 ) ;
#565 = COLOUR_RGB ( '',0.5019607843137254832, 0.5019607843137254832, 0.5019607843137254832 ) ;
#566 = AXIS2_PLACEMENT_3D ( 'NONE', #2174, #632, #1322 ) ;
#567 = SURFACE_SIDE_STYLE ('',( #429 ) ) ;
#568 = DIRECTION ( 'NONE',  ( 0.000000000000000000, 0.000000000000000000, 1.000000000000000000 ) ) ;
#569 = COLOUR_RGB ( '',0.5019607843137254832, 0.5019607843137254832, 0.5019607843137254832 ) ;
#570 = EDGE_CURVE ( 'NONE', #418, #205, #1442, .T. ) ;
#571 = CIRCLE ( 'NONE', #1085, 0.2500000000000000555 ) ;
#572 = MECHANICAL_DESIGN_GEOMETRIC_PRESENTATION_REPRESENTATION (  '', ( #1090 ), #476 ) ;
#573 = LENGTH_MEASURE_WITH_UNIT ( LENGTH_MEASURE( 0.02539999999999999897 ), #1633 );
#574 = COLOUR_RGB ( '',0.5019607843137254832, 0.5019607843137254832, 0.5019607843137254832 ) ;
#575 = EDGE_CURVE ( 'NONE', #340, #531, #467, .T. ) ;
#576 =( GEOMETRIC_REPRESENTATION_CONTEXT ( 3 ) GLOBAL_UNCERTAINTY_ASSIGNED_CONTEXT ( ( #987 ) ) GLOBAL_UNIT_ASSIGNED_CONTEXT ( ( #1572, #1785, #1410 ) ) REPRESENTATION_CONTEXT ( 'NONE', 'WORKASPACE' ) );
#577 = SURFACE_STYLE_FILL_AREA ( #596 ) ;
#578 = DIRECTION ( 'NONE',  ( 1.000000000000000000, 0.000000000000000000, 0.000000000000000000 ) ) ;
#579 = EDGE_CURVE ( 'NONE', #941, #1826, #19, .T. ) ;
#580 = UNCERTAINTY_MEASURE_WITH_UNIT (LENGTH_MEASURE( 1.000000000000000082E-05 ), #1858, 'distance_accuracy_value', 'NONE');
#581 = EDGE_LOOP ( 'NONE', ( #167, #221, #1607, #1292, #113, #1470, #1373, #1984, #1397, #742, #666, #1936 ) ) ;
#582 =( NAMED_UNIT ( * ) PLANE_ANGLE_UNIT ( ) SI_UNIT ( $, .RADIAN. ) );
#583 = CARTESIAN_POINT ( 'NONE',  ( -1.025000000000000133, -1.300000000000000044, 0.4000000000000000222 ) ) ;
#584 = FILL_AREA_STYLE ('',( #1450 ) ) ;
#585 = DIRECTION ( 'NONE',  ( -1.000000000000000000, 0.000000000000000000, 0.000000000000000000 ) ) ;
#586 = CARTESIAN_POINT ( 'NONE',  ( 1.399999999999999911, 0.000000000000000000, 0.2800000000000000266 ) ) ;
#587 = DIRECTION ( 'NONE',  ( 0.000000000000000000, 0.000000000000000000, 1.000000000000000000 ) ) ;
#588 =( NAMED_UNIT ( * ) PLANE_ANGLE_UNIT ( ) SI_UNIT ( $, .RADIAN. ) );
#589 = SURFACE_STYLE_USAGE ( .BOTH. , #940 ) ;
#590 = DIRECTION ( 'NONE',  ( -0.000000000000000000, 0.000000000000000000, -1.000000000000000000 ) ) ;
#591 = VERTEX_POINT ( 'NONE', #922 ) ;
#592 = ADVANCED_FACE ( 'NONE', ( #557 ), #730, .F. ) ;
#593 = AXIS2_PLACEMENT_3D ( 'NONE', #1733, #1192, #327 ) ;
#594 = SURFACE_STYLE_USAGE ( .BOTH. , #1645 ) ;
#595 = DIRECTION ( 'NONE',  ( 0.000000000000000000, 0.000000000000000000, 1.000000000000000000 ) ) ;
#596 = FILL_AREA_STYLE ('',( #1664 ) ) ;
#597 = ADVANCED_FACE ( 'NONE', ( #1490 ), #1500, .F. ) ;
#598 = PRESENTATION_LAYER_ASSIGNMENT (  '', '', ( #1077 ) ) ;
#599 = UNCERTAINTY_MEASURE_WITH_UNIT (LENGTH_MEASURE( 1.000000000000000082E-05 ), #273, 'distance_accuracy_value', 'NONE');
#600 = EDGE_LOOP ( 'NONE', ( #562, #2230, #2130, #187 ) ) ;
#601 = CARTESIAN_POINT ( 'NONE',  ( 1.574999999999999956, -1.500000000000000222, 0.000000000000000000 ) ) ;
#602 = SURFACE_SIDE_STYLE ('',( #796 ) ) ;
#603 = EDGE_LOOP ( 'NONE', ( #381, #690, #886, #179 ) ) ;
#604 = DIRECTION ( 'NONE',  ( 0.000000000000000000, -0.000000000000000000, -1.000000000000000000 ) ) ;
#605 = CIRCLE ( 'NONE', #87, 1.375000000000000000 ) ;
#606 = CIRCLE ( 'NONE', #1153, 1.409999999999999920 ) ;
#607 = COLOUR_RGB ( '',0.5019607843137254832, 0.5019607843137254832, 0.5019607843137254832 ) ;
#608 = LENGTH_MEASURE_WITH_UNIT ( LENGTH_MEASURE( 0.02539999999999999897 ), #621 );
#609 =( GEOMETRIC_REPRESENTATION_CONTEXT ( 3 ) GLOBAL_UNCERTAINTY_ASSIGNED_CONTEXT ( ( #599 ) ) GLOBAL_UNIT_ASSIGNED_CONTEXT ( ( #273, #109, #264 ) ) REPRESENTATION_CONTEXT ( 'NONE', 'WORKASPACE' ) );
#610 = FILL_AREA_STYLE ('',( #1963 ) ) ;
#611 = DIMENSIONAL_EXPONENTS ( 1.000000000000000000, 0.000000000000000000, 0.000000000000000000, 0.000000000000000000, 0.000000000000000000, 0.000000000000000000, 0.000000000000000000 ) ;
#612 = STYLED_ITEM ( 'NONE', ( #2141 ), #884 ) ;
#613 = VERTEX_POINT ( 'NONE', #1328 ) ;
#614 = VECTOR ( 'NONE', #39, 39.37007874015748143 ) ;
#615 = STYLED_ITEM ( 'NONE', ( #814 ), #2213 ) ;
#616 = ORIENTED_EDGE ( 'NONE', *, *, #75, .T. ) ;
#617 = VECTOR ( 'NONE', #2227, 39.37007874015748143 ) ;
#618 = DIRECTION ( 'NONE',  ( -1.000000000000000000, 0.000000000000000000, 0.000000000000000000 ) ) ;
#619 = ORIENTED_EDGE ( 'NONE', *, *, #1069, .T. ) ;
#620 = CARTESIAN_POINT ( 'NONE',  ( -1.530000000000000027, 0.000000000000000000, 0.000000000000000000 ) ) ;
#621 =( LENGTH_UNIT ( ) NAMED_UNIT ( * ) SI_UNIT ( $, .METRE. ) );
#622 = EDGE_CURVE ( 'NONE', #205, #1248, #193, .T. ) ;
#623 = DIRECTION ( 'NONE',  ( 0.000000000000000000, 0.000000000000000000, 1.000000000000000000 ) ) ;
#624 = APPLICATION_PROTOCOL_DEFINITION ( 'draft international standard', 'automotive_design', 1998, #1932 ) ;
#625 = ORIENTED_EDGE ( 'NONE', *, *, #1486, .F. ) ;
#626 = FILL_AREA_STYLE ('',( #1634 ) ) ;
#627 = UNCERTAINTY_MEASURE_WITH_UNIT (LENGTH_MEASURE( 1.000000000000000082E-05 ), #1390, 'distance_accuracy_value', 'NONE');
#628 = ORIENTED_EDGE ( 'NONE', *, *, #1946, .T. ) ;
#629 = DIMENSIONAL_EXPONENTS ( 1.000000000000000000, 0.000000000000000000, 0.000000000000000000, 0.000000000000000000, 0.000000000000000000, 0.000000000000000000, 0.000000000000000000 ) ;
#630 = DIRECTION ( 'NONE',  ( -1.000000000000000000, 0.000000000000000000, 0.000000000000000000 ) ) ;
#631 = CARTESIAN_POINT ( 'NONE',  ( 1.365923996832131609E-16, -5.463695987328526437E-16, 0.2000000000000000111 ) ) ;
#632 = DIRECTION ( 'NONE',  ( 0.000000000000000000, 0.000000000000000000, 1.000000000000000000 ) ) ;
#633 = FILL_AREA_STYLE_COLOUR ( '', #1448 ) ;
#634 = CARTESIAN_POINT ( 'NONE',  ( 1.025000000000001021, 1.299999999999999600, 0.000000000000000000 ) ) ;
#635 = FILL_AREA_STYLE_COLOUR ( '', #2016 ) ;
#636 = ORIENTED_EDGE ( 'NONE', *, *, #1546, .T. ) ;
#637 = CARTESIAN_POINT ( 'NONE',  ( -1.625000000000000000, -1.625000000000000000, 0.4000000000000000222 ) ) ;
#638 = CARTESIAN_POINT ( 'NONE',  ( 0.000000000000000000, 0.000000000000000000, 0.2800000000000000266 ) ) ;
#639 = DIRECTION ( 'NONE',  ( 0.000000000000000000, 0.000000000000000000, -1.000000000000000000 ) ) ;
#640 = FILL_AREA_STYLE ('',( #1816 ) ) ;
#641 = MECHANICAL_DESIGN_GEOMETRIC_PRESENTATION_REPRESENTATION (  '', ( #1329 ), #2087 ) ;
#642 = VERTEX_POINT ( 'NONE', #2023 ) ;
#643 = PRESENTATION_STYLE_ASSIGNMENT (( #496 ) ) ;
#644 = PRESENTATION_LAYER_ASSIGNMENT (  '', '', ( #1080 ) ) ;
#645 = LENGTH_MEASURE_WITH_UNIT ( LENGTH_MEASURE( 0.02539999999999999897 ), #318 );
#646 = ADVANCED_FACE ( 'NONE', ( #1599 ), #1253, .F. ) ;
#647 = CIRCLE ( 'NONE', #1233, 0.07499999999999988620 ) ;
#648 =( GEOMETRIC_REPRESENTATION_CONTEXT ( 3 ) GLOBAL_UNCERTAINTY_ASSIGNED_CONTEXT ( ( #1958 ) ) GLOBAL_UNIT_ASSIGNED_CONTEXT ( ( #387, #2101, #902 ) ) REPRESENTATION_CONTEXT ( 'NONE', 'WORKASPACE' ) );
#649 = UNCERTAINTY_MEASURE_WITH_UNIT (LENGTH_MEASURE( 1.000000000000000082E-05 ), #1794, 'distance_accuracy_value', 'NONE');
#650 = VERTEX_POINT ( 'NONE', #1603 ) ;
#651 = EDGE_CURVE ( 'NONE', #761, #854, #2054, .T. ) ;
#652 = DIRECTION ( 'NONE',  ( -0.000000000000000000, -0.000000000000000000, -1.000000000000000000 ) ) ;
#653 = CARTESIAN_POINT ( 'NONE',  ( -1.074572644549759648, 1.089125168006568556, 0.000000000000000000 ) ) ;
#654 = FILL_AREA_STYLE_COLOUR ( '', #53 ) ;
#655 = COLOUR_RGB ( '',0.5019607843137254832, 0.5019607843137254832, 0.5019607843137254832 ) ;
#656 = LENGTH_MEASURE_WITH_UNIT ( LENGTH_MEASURE( 0.02539999999999999897 ), #991 );
#657 =( CONVERSION_BASED_UNIT ( 'INCH', #315 ) LENGTH_UNIT ( ) NAMED_UNIT ( #674 ) );
#658 = EDGE_CURVE ( 'NONE', #661, #1647, #41, .T. ) ;
#659 = DIRECTION ( 'NONE',  ( -1.000000000000000000, 0.000000000000000000, 0.000000000000000000 ) ) ;
#660 = DIMENSIONAL_EXPONENTS ( 1.000000000000000000, 0.000000000000000000, 0.000000000000000000, 0.000000000000000000, 0.000000000000000000, 0.000000000000000000, 0.000000000000000000 ) ;
#661 = VERTEX_POINT ( 'NONE', #2119 ) ;
#662 = SURFACE_STYLE_FILL_AREA ( #34 ) ;
#663 = CARTESIAN_POINT ( 'NONE',  ( 0.8500000000000010880, 1.299999999999999600, 0.000000000000000000 ) ) ;
#664 = ORIENTED_EDGE ( 'NONE', *, *, #1122, .F. ) ;
#665 = DIRECTION ( 'NONE',  ( -0.000000000000000000, -0.000000000000000000, 1.000000000000000000 ) ) ;
#666 = ORIENTED_EDGE ( 'NONE', *, *, #924, .T. ) ;
#667 = CARTESIAN_POINT ( 'NONE',  ( -1.500000000000000222, -1.500000000000000222, 0.000000000000000000 ) ) ;
#668 = FACE_OUTER_BOUND ( 'NONE', #345, .T. ) ;
#669 = EDGE_CURVE ( 'NONE', #38, #1852, #214, .T. ) ;
#670 = PRESENTATION_STYLE_ASSIGNMENT (( #1376 ) ) ;
#671 = DIRECTION ( 'NONE',  ( 1.000000000000000000, 0.000000000000000000, 0.000000000000000000 ) ) ;
#672 = UNCERTAINTY_MEASURE_WITH_UNIT (LENGTH_MEASURE( 1.000000000000000082E-05 ), #529, 'distance_accuracy_value', 'NONE');
#673 = ORIENTED_EDGE ( 'NONE', *, *, #1287, .F. ) ;
#674 = DIMENSIONAL_EXPONENTS ( 1.000000000000000000, 0.000000000000000000, 0.000000000000000000, 0.000000000000000000, 0.000000000000000000, 0.000000000000000000, 0.000000000000000000 ) ;
#675 = CARTESIAN_POINT ( 'NONE',  ( 1.524999999999999911, -1.524999999999999911, 0.000000000000000000 ) ) ;
#676 = EDGE_CURVE ( 'NONE', #1064, #531, #1947, .T. ) ;
#677 = CARTESIAN_POINT ( 'NONE',  ( 1.625000000000000000, -1.524999999999999911, 0.4000000000000000222 ) ) ;
#678 = STYLED_ITEM ( 'NONE', ( #494 ), #170 ) ;
#679 = SURFACE_STYLE_FILL_AREA ( #1225 ) ;
#680 = EDGE_CURVE ( 'NONE', #1384, #340, #1007, .T. ) ;
#681 = FACE_OUTER_BOUND ( 'NONE', #1204, .T. ) ;
#682 = CARTESIAN_POINT ( 'NONE',  ( 0.000000000000000000, 0.000000000000000000, 0.2000000000000000111 ) ) ;
#683 = COLOUR_RGB ( '',0.5019607843137254832, 0.5019607843137254832, 0.5019607843137254832 ) ;
#684 = COLOUR_RGB ( '',0.3882352941176470673, 0.8588235294117646523, 0.3882352941176470673 ) ;
#685 = ORIENTED_EDGE ( 'NONE', *, *, #25, .F. ) ;
#686 = ORIENTED_EDGE ( 'NONE', *, *, #331, .T. ) ;
#687 = AXIS2_PLACEMENT_3D ( 'NONE', #2069, #35, #558 ) ;
#688 = CIRCLE ( 'NONE', #933, 0.07499999999999988620 ) ;
#689 = CARTESIAN_POINT ( 'NONE',  ( 0.000000000000000000, 0.000000000000000000, 0.4000000000000000222 ) ) ;
#690 = ORIENTED_EDGE ( 'NONE', *, *, #2212, .T. ) ;
#691 = CIRCLE ( 'NONE', #1553, 1.399999999999999911 ) ;
#692 = DIRECTION ( 'NONE',  ( 0.000000000000000000, 0.000000000000000000, -1.000000000000000000 ) ) ;
#693 = SURFACE_STYLE_FILL_AREA ( #711 ) ;
#694 = CYLINDRICAL_SURFACE ( 'NONE', #2153, 0.07499999999999988620 ) ;
#695 = MECHANICAL_DESIGN_GEOMETRIC_PRESENTATION_REPRESENTATION (  '', ( #2022 ), #2203 ) ;
#696 = PRODUCT_DEFINITION_FORMATION_WITH_SPECIFIED_SOURCE ( 'ANY', '', #1381, .NOT_KNOWN. ) ;
#697 = DIRECTION ( 'NONE',  ( -0.000000000000000000, -0.000000000000000000, -1.000000000000000000 ) ) ;
#698 = CARTESIAN_POINT ( 'NONE',  ( 0.000000000000000000, 0.000000000000000000, 0.2000000000000000111 ) ) ;
#699 = EDGE_LOOP ( 'NONE', ( #804, #1666, #999, #2043 ) ) ;
#700 = ORIENTED_EDGE ( 'NONE', *, *, #2014, .T. ) ;
#701 = DIRECTION ( 'NONE',  ( 1.000000000000000000, 0.000000000000000000, 0.000000000000000000 ) ) ;
#702 = DIRECTION ( 'NONE',  ( 1.000000000000000000, 0.000000000000000000, 0.000000000000000000 ) ) ;
#703 = SURFACE_SIDE_STYLE ('',( #157 ) ) ;
#704 = CARTESIAN_POINT ( 'NONE',  ( 1.409999999999999920, -3.736944000530758541E-16, 0.2800000000000003042 ) ) ;
#705 = ORIENTED_EDGE ( 'NONE', *, *, #881, .F. ) ;
#706 = EDGE_LOOP ( 'NONE', ( #341, #2258, #700, #1212 ) ) ;
#707 = DIRECTION ( 'NONE',  ( -0.000000000000000000, -0.000000000000000000, -1.000000000000000000 ) ) ;
#708 = DIRECTION ( 'NONE',  ( 1.000000000000000000, 0.000000000000000000, 0.000000000000000000 ) ) ;
#709 = ORIENTED_EDGE ( 'NONE', *, *, #579, .T. ) ;
#710 = DIRECTION ( 'NONE',  ( 1.000000000000000000, 0.000000000000000000, 0.000000000000000000 ) ) ;
#711 = FILL_AREA_STYLE ('',( #4 ) ) ;
#712 = LENGTH_MEASURE_WITH_UNIT ( LENGTH_MEASURE( 0.02539999999999999897 ), #507 );
#713 = FACE_OUTER_BOUND ( 'NONE', #1136, .T. ) ;
#714 = ORIENTED_EDGE ( 'NONE', *, *, #622, .T. ) ;
#715 = ORIENTED_EDGE ( 'NONE', *, *, #1655, .T. ) ;
#716 = CARTESIAN_POINT ( 'NONE',  ( 1.350000000000000977, 1.299999999999999600, 0.000000000000000000 ) ) ;
#717 = CIRCLE ( 'NONE', #1837, 1.530000000000000027 ) ;
#718 = VERTEX_POINT ( 'NONE', #236 ) ;
#719 =( GEOMETRIC_REPRESENTATION_CONTEXT ( 3 ) GLOBAL_UNCERTAINTY_ASSIGNED_CONTEXT ( ( #2026 ) ) GLOBAL_UNIT_ASSIGNED_CONTEXT ( ( #1534, #841, #133 ) ) REPRESENTATION_CONTEXT ( 'NONE', 'WORKASPACE' ) );
#720 = EDGE_CURVE ( 'NONE', #861, #373, #1446, .T. ) ;
#721 = CARTESIAN_POINT ( 'NONE',  ( -1.500000000000000222, -1.500000000000000222, 0.000000000000000000 ) ) ;
#722 = SURFACE_STYLE_FILL_AREA ( #1575 ) ;
#723 = MECHANICAL_DESIGN_GEOMETRIC_PRESENTATION_REPRESENTATION (  '', ( #255 ), #648 ) ;
#724 = DIRECTION ( 'NONE',  ( 0.000000000000000000, 0.000000000000000000, 1.000000000000000000 ) ) ;
#725 =( GEOMETRIC_REPRESENTATION_CONTEXT ( 3 ) GLOBAL_UNCERTAINTY_ASSIGNED_CONTEXT ( ( #803 ) ) GLOBAL_UNIT_ASSIGNED_CONTEXT ( ( #1955, #1601, #1778 ) ) REPRESENTATION_CONTEXT ( 'NONE', 'WORKASPACE' ) );
#726 = AXIS2_PLACEMENT_3D ( 'NONE', #2138, #1827, #1498 ) ;
#727 = DIRECTION ( 'NONE',  ( 0.000000000000000000, 0.000000000000000000, 1.000000000000000000 ) ) ;
#728 = VECTOR ( 'NONE', #665, 39.37007874015748143 ) ;
#729 = PRESENTATION_STYLE_ASSIGNMENT (( #1970 ) ) ;
#730 = CYLINDRICAL_SURFACE ( 'NONE', #1475, 0.07499999999999988620 ) ;
#731 = AXIS2_PLACEMENT_3D ( 'NONE', #1402, #199, #1392 ) ;
#732 = LINE ( 'NONE', #185, #1975 ) ;
#733 = EDGE_LOOP ( 'NONE', ( #259, #1562, #1095, #715 ) ) ;
#734 = LINE ( 'NONE', #354, #498 ) ;
#735 = CARTESIAN_POINT ( 'NONE',  ( -1.500000000000000222, 1.500000000000000222, 0.4000000000000000222 ) ) ;
#736 = ORIENTED_EDGE ( 'NONE', *, *, #1150, .T. ) ;
#737 = DIRECTION ( 'NONE',  ( 1.000000000000000000, 0.000000000000000000, 0.000000000000000000 ) ) ;
#738 = SURFACE_SIDE_STYLE ('',( #370 ) ) ;
#739 = DIRECTION ( 'NONE',  ( -0.000000000000000000, -0.000000000000000000, 1.000000000000000000 ) ) ;
#740 = SURFACE_SIDE_STYLE ('',( #1570 ) ) ;
#741 =( NAMED_UNIT ( * ) PLANE_ANGLE_UNIT ( ) SI_UNIT ( $, .RADIAN. ) );
#742 = ORIENTED_EDGE ( 'NONE', *, *, #839, .T. ) ;
#743 = DIMENSIONAL_EXPONENTS ( 1.000000000000000000, 0.000000000000000000, 0.000000000000000000, 0.000000000000000000, 0.000000000000000000, 0.000000000000000000, 0.000000000000000000 ) ;
#744 = EDGE_CURVE ( 'NONE', #554, #1928, #471, .T. ) ;
#745 = CYLINDRICAL_SURFACE ( 'NONE', #750, 0.1000000000000000194 ) ;
#746 = ADVANCED_FACE ( 'NONE', ( #1276 ), #1261, .T. ) ;
#747 = DIRECTION ( 'NONE',  ( 1.000000000000000000, 0.000000000000000000, 0.000000000000000000 ) ) ;
#748 = EDGE_CURVE ( 'NONE', #613, #591, #2017, .T. ) ;
#749 = ORIENTED_EDGE ( 'NONE', *, *, #2007, .T. ) ;
#750 = AXIS2_PLACEMENT_3D ( 'NONE', #2215, #314, #149 ) ;
#751 = FILL_AREA_STYLE_COLOUR ( '', #173 ) ;
#752 = MECHANICAL_DESIGN_GEOMETRIC_PRESENTATION_REPRESENTATION (  '', ( #964 ), #2194 ) ;
#753 = CIRCLE ( 'NONE', #1115, 0.07499999999999988620 ) ;
#754 = CARTESIAN_POINT ( 'NONE',  ( 1.100000000000000977, 1.299999999999999600, 0.4000000000000000222 ) ) ;
#755 = CIRCLE ( 'NONE', #361, 0.1000000000000000194 ) ;
#756 = AXIS2_PLACEMENT_3D ( 'NONE', #563, #2131, #1250 ) ;
#757 =( GEOMETRIC_REPRESENTATION_CONTEXT ( 3 ) GLOBAL_UNCERTAINTY_ASSIGNED_CONTEXT ( ( #308 ) ) GLOBAL_UNIT_ASSIGNED_CONTEXT ( ( #92, #1836, #1495 ) ) REPRESENTATION_CONTEXT ( 'NONE', 'WORKASPACE' ) );
#758 =( CONVERSION_BASED_UNIT ( 'INCH', #1618 ) LENGTH_UNIT ( ) NAMED_UNIT ( #97 ) );
#759 = DIRECTION ( 'NONE',  ( -0.000000000000000000, -0.000000000000000000, 1.000000000000000000 ) ) ;
#760 = DIRECTION ( 'NONE',  ( 1.000000000000000000, 0.000000000000000000, 0.000000000000000000 ) ) ;
#761 = VERTEX_POINT ( 'NONE', #76 ) ;
#762 = CARTESIAN_POINT ( 'NONE',  ( -1.350000000000000311, -1.300000000000000044, 0.2000000000000000389 ) ) ;
#763 =( LENGTH_UNIT ( ) NAMED_UNIT ( * ) SI_UNIT ( $, .METRE. ) );
#764 = SURFACE_SIDE_STYLE ('',( #892 ) ) ;
#765 = EDGE_CURVE ( 'NONE', #304, #2036, #688, .T. ) ;
#766 = SURFACE_SIDE_STYLE ('',( #953 ) ) ;
#767 = DIRECTION ( 'NONE',  ( -0.000000000000000000, -0.000000000000000000, 1.000000000000000000 ) ) ;
#768 = FILL_AREA_STYLE ('',( #1817 ) ) ;
#769 = FACE_OUTER_BOUND ( 'NONE', #2140, .T. ) ;
#770 = CARTESIAN_POINT ( 'NONE',  ( 1.500000000000000222, 1.500000000000000222, 0.4000000000000000222 ) ) ;
#771 =( NAMED_UNIT ( * ) SI_UNIT ( $, .STERADIAN. ) SOLID_ANGLE_UNIT ( ) );
#772 = PRODUCT_CONTEXT ( 'NONE', #2084, 'mechanical' ) ;
#773 = FILL_AREA_STYLE_COLOUR ( '', #782 ) ;
#774 = ORIENTED_EDGE ( 'NONE', *, *, #2205, .F. ) ;
#775 =( LENGTH_UNIT ( ) NAMED_UNIT ( * ) SI_UNIT ( $, .METRE. ) );
#776 = CARTESIAN_POINT ( 'NONE',  ( 1.175000000000000933, 1.299999999999999600, 0.2000000000000000111 ) ) ;
#777 = EDGE_CURVE ( 'NONE', #243, #1208, #539, .T. ) ;
#778 = AXIS2_PLACEMENT_3D ( 'NONE', #1116, #1636, #1791 ) ;
#779 =( NAMED_UNIT ( * ) SI_UNIT ( $, .STERADIAN. ) SOLID_ANGLE_UNIT ( ) );
#780 = CARTESIAN_POINT ( 'NONE',  ( 1.574999999999999956, -1.500000000000000222, 0.000000000000000000 ) ) ;
#781 = AXIS2_PLACEMENT_3D ( 'NONE', #343, #2249, #2210 ) ;
#782 = COLOUR_RGB ( '',0.5019607843137254832, 0.5019607843137254832, 0.5019607843137254832 ) ;
#783 =( NAMED_UNIT ( * ) PLANE_ANGLE_UNIT ( ) SI_UNIT ( $, .RADIAN. ) );
#784 = VECTOR ( 'NONE', #5, 39.37007874015748143 ) ;
#785 = VECTOR ( 'NONE', #800, 39.37007874015748143 ) ;
#786 = CIRCLE ( 'NONE', #169, 0.07499999999999988620 ) ;
#787 = PRESENTATION_STYLE_ASSIGNMENT (( #594 ) ) ;
#788 = AXIS2_PLACEMENT_3D ( 'NONE', #2122, #587, #1278 ) ;
#789 = PRESENTATION_LAYER_ASSIGNMENT (  '', '', ( #255 ) ) ;
#790 = VERTEX_POINT ( 'NONE', #2150 ) ;
#791 = AXIS2_PLACEMENT_3D ( 'NONE', #280, #928, #1667 ) ;
#792 = CARTESIAN_POINT ( 'NONE',  ( 1.425000000000000266, -1.500000000000000222, 0.000000000000000000 ) ) ;
#793 =( NAMED_UNIT ( * ) SI_UNIT ( $, .STERADIAN. ) SOLID_ANGLE_UNIT ( ) );
#794 = VECTOR ( 'NONE', #859, 39.37007874015748143 ) ;
#795 = ORIENTED_EDGE ( 'NONE', *, *, #720, .T. ) ;
#796 = SURFACE_STYLE_FILL_AREA ( #260 ) ;
#797 = DIMENSIONAL_EXPONENTS ( 1.000000000000000000, 0.000000000000000000, 0.000000000000000000, 0.000000000000000000, 0.000000000000000000, 0.000000000000000000, 0.000000000000000000 ) ;
#798 = DIRECTION ( 'NONE',  ( 1.000000000000000000, 0.000000000000000000, 0.000000000000000000 ) ) ;
#799 = CARTESIAN_POINT ( 'NONE',  ( -1.100000000000000089, -1.300000000000000044, 0.000000000000000000 ) ) ;
#800 = DIRECTION ( 'NONE',  ( -1.000000000000000000, 0.000000000000000000, 0.000000000000000000 ) ) ;
#801 =( NAMED_UNIT ( * ) PLANE_ANGLE_UNIT ( ) SI_UNIT ( $, .RADIAN. ) );
#802 = FILL_AREA_STYLE_COLOUR ( '', #1306 ) ;
#803 = UNCERTAINTY_MEASURE_WITH_UNIT (LENGTH_MEASURE( 1.000000000000000082E-05 ), #1955, 'distance_accuracy_value', 'NONE');
#804 = ORIENTED_EDGE ( 'NONE', *, *, #1474, .F. ) ;
#805 =( NAMED_UNIT ( * ) PLANE_ANGLE_UNIT ( ) SI_UNIT ( $, .RADIAN. ) );
#806 =( LENGTH_UNIT ( ) NAMED_UNIT ( * ) SI_UNIT ( $, .METRE. ) );
#807 = EDGE_CURVE ( 'NONE', #1937, #1319, #1813, .T. ) ;
#808 = DIRECTION ( 'NONE',  ( 0.000000000000000000, 0.000000000000000000, 1.000000000000000000 ) ) ;
#809 = DIRECTION ( 'NONE',  ( 0.000000000000000000, 0.000000000000000000, 1.000000000000000000 ) ) ;
#810 = EDGE_CURVE ( 'NONE', #1746, #1561, #1118, .T. ) ;
#811 = FILL_AREA_STYLE ('',( #773 ) ) ;
#812 = EDGE_CURVE ( 'NONE', #1870, #1383, #1168, .T. ) ;
#813 = SURFACE_SIDE_STYLE ('',( #509 ) ) ;
#814 = PRESENTATION_STYLE_ASSIGNMENT (( #1905 ) ) ;
#815 = ORIENTED_EDGE ( 'NONE', *, *, #2171, .T. ) ;
#816 = VERTEX_POINT ( 'NONE', #780 ) ;
#817 = SURFACE_STYLE_FILL_AREA ( #2186 ) ;
#818 = CARTESIAN_POINT ( 'NONE',  ( 1.425000000000000266, 1.500000000000000222, 0.000000000000000000 ) ) ;
#819 = SURFACE_SIDE_STYLE ('',( #1158 ) ) ;
#820 = STYLED_ITEM ( 'NONE', ( #844 ), #1215 ) ;
#821 = STYLED_ITEM ( 'NONE', ( #1849 ), #510 ) ;
#822 = LINE ( 'NONE', #634, #1765 ) ;
#823 = CARTESIAN_POINT ( 'NONE',  ( 1.100000000000000977, 1.299999999999999600, 0.9071067811865481945 ) ) ;
#824 = AXIS2_PLACEMENT_3D ( 'NONE', #1756, #1401, #1070 ) ;
#825 = FACE_BOUND ( 'NONE', #309, .T. ) ;
#826 = AXIS2_PLACEMENT_3D ( 'NONE', #1576, #1091, #1068 ) ;
#827 = UNCERTAINTY_MEASURE_WITH_UNIT (LENGTH_MEASURE( 1.000000000000000082E-05 ), #1506, 'distance_accuracy_value', 'NONE');
#828 = ORIENTED_EDGE ( 'NONE', *, *, #421, .T. ) ;
#829 = DIMENSIONAL_EXPONENTS ( 1.000000000000000000, 0.000000000000000000, 0.000000000000000000, 0.000000000000000000, 0.000000000000000000, 0.000000000000000000, 0.000000000000000000 ) ;
#830 = CIRCLE ( 'NONE', #867, 0.1000000000000000194 ) ;
#831 = LINE ( 'NONE', #2196, #1729 ) ;
#832 = CARTESIAN_POINT ( 'NONE',  ( -1.500000000000000222, -1.500000000000000222, 0.4000000000000000222 ) ) ;
#833 = CIRCLE ( 'NONE', #1165, 0.2500000000000000555 ) ;
#834 = ORIENTED_EDGE ( 'NONE', *, *, #1280, .T. ) ;
#835 = LENGTH_MEASURE_WITH_UNIT ( LENGTH_MEASURE( 0.02539999999999999897 ), #1214 );
#836 = FACE_BOUND ( 'NONE', #535, .T. ) ;
#837 = VECTOR ( 'NONE', #1183, 39.37007874015748143 ) ;
#838 =( NAMED_UNIT ( * ) PLANE_ANGLE_UNIT ( ) SI_UNIT ( $, .RADIAN. ) );
#839 = EDGE_CURVE ( 'NONE', #1027, #2079, #1408, .T. ) ;
#840 =( NAMED_UNIT ( * ) SI_UNIT ( $, .STERADIAN. ) SOLID_ANGLE_UNIT ( ) );
#841 =( NAMED_UNIT ( * ) PLANE_ANGLE_UNIT ( ) SI_UNIT ( $, .RADIAN. ) );
#842 = CARTESIAN_POINT ( 'NONE',  ( 1.399999999999999911, 0.000000000000000000, 0.2000000000000000111 ) ) ;
#843 = ORIENTED_EDGE ( 'NONE', *, *, #440, .T. ) ;
#844 = PRESENTATION_STYLE_ASSIGNMENT (( #1539 ) ) ;
#845 = LINE ( 'NONE', #487, #543 ) ;
#846 = CARTESIAN_POINT ( 'NONE',  ( -1.572500000000000009, 1.056999999999999940, 0.2000000000000000389 ) ) ;
#847 = DIMENSIONAL_EXPONENTS ( 1.000000000000000000, 0.000000000000000000, 0.000000000000000000, 0.000000000000000000, 0.000000000000000000, 0.000000000000000000, 0.000000000000000000 ) ;
#848 = FACE_OUTER_BOUND ( 'NONE', #1691, .T. ) ;
#849 = DIRECTION ( 'NONE',  ( -0.000000000000000000, -0.000000000000000000, -1.000000000000000000 ) ) ;
#850 = DIRECTION ( 'NONE',  ( 0.000000000000000000, 0.000000000000000000, 1.000000000000000000 ) ) ;
#851 = ORIENTED_EDGE ( 'NONE', *, *, #1416, .F. ) ;
#852 = EDGE_LOOP ( 'NONE', ( #1209, #371 ) ) ;
#853 = FILL_AREA_STYLE ('',( #1012 ) ) ;
#854 = VERTEX_POINT ( 'NONE', #620 ) ;
#855 = DIRECTION ( 'NONE',  ( 1.000000000000000000, 0.000000000000000000, 0.000000000000000000 ) ) ;
#856 = FILL_AREA_STYLE_COLOUR ( '', #1702 ) ;
#857 = LENGTH_MEASURE_WITH_UNIT ( LENGTH_MEASURE( 0.02539999999999999897 ), #1559 );
#858 = PRESENTATION_LAYER_ASSIGNMENT (  '', '', ( #431 ) ) ;
#859 = DIRECTION ( 'NONE',  ( -0.000000000000000000, -0.000000000000000000, 1.000000000000000000 ) ) ;
#860 =( GEOMETRIC_REPRESENTATION_CONTEXT ( 3 ) GLOBAL_UNCERTAINTY_ASSIGNED_CONTEXT ( ( #2137 ) ) GLOBAL_UNIT_ASSIGNED_CONTEXT ( ( #118, #783, #464 ) ) REPRESENTATION_CONTEXT ( 'NONE', 'WORKASPACE' ) );
#861 = VERTEX_POINT ( 'NONE', #305 ) ;
#862 = CIRCLE ( 'NONE', #824, 1.399999999999999911 ) ;
#863 = AXIS2_PLACEMENT_3D ( 'NONE', #2067, #1031, #1188 ) ;
#864 = CARTESIAN_POINT ( 'NONE',  ( -1.574999999999999956, -1.500000000000000222, 0.000000000000000000 ) ) ;
#865 = AXIS2_PLACEMENT_3D ( 'NONE', #191, #590, #245 ) ;
#866 = EDGE_LOOP ( 'NONE', ( #705, #972, #1079, #749 ) ) ;
#867 = AXIS2_PLACEMENT_3D ( 'NONE', #1065, #1600, #206 ) ;
#868 =( LENGTH_UNIT ( ) NAMED_UNIT ( * ) SI_UNIT ( $, .METRE. ) );
#869 = PRESENTATION_LAYER_ASSIGNMENT (  '', '', ( #1850 ) ) ;
#870 = CARTESIAN_POINT ( 'NONE',  ( 1.524999999999999911, -1.524999999999999911, 0.4000000000000000222 ) ) ;
#871 = PRESENTATION_LAYER_ASSIGNMENT (  '', '', ( #218 ) ) ;
#872 = CIRCLE ( 'NONE', #1815, 0.07499999999999988620 ) ;
#873 = DIRECTION ( 'NONE',  ( -0.000000000000000000, -0.000000000000000000, 1.000000000000000000 ) ) ;
#874 = APPLICATION_PROTOCOL_DEFINITION ( 'draft international standard', 'automotive_design', 1998, #2084 ) ;
#875 = VERTEX_POINT ( 'NONE', #1288 ) ;
#876 = VERTEX_POINT ( 'NONE', #1502 ) ;
#877 = PRESENTATION_STYLE_ASSIGNMENT (( #390 ) ) ;
#878 = CARTESIAN_POINT ( 'NONE',  ( -0.8499999999999999778, -1.300000000000000044, 0.000000000000000000 ) ) ;
#879 = ORIENTED_EDGE ( 'NONE', *, *, #1868, .T. ) ;
#880 = FILL_AREA_STYLE_COLOUR ( '', #2242 ) ;
#881 = EDGE_CURVE ( 'NONE', #2079, #2158, #982, .T. ) ;
#882 = CARTESIAN_POINT ( 'NONE',  ( 1.425000000000000266, -1.500000000000000222, 0.000000000000000000 ) ) ;
#883 = PRODUCT_DEFINITION_CONTEXT ( 'detailed design', #1932, 'design' ) ;
#884 = ADVANCED_FACE ( 'NONE', ( #1476 ), #443, .F. ) ;
#885 = ORIENTED_EDGE ( 'NONE', *, *, #669, .T. ) ;
#886 = ORIENTED_EDGE ( 'NONE', *, *, #622, .F. ) ;
#887 = FILL_AREA_STYLE ('',( #1440 ) ) ;
#888 = VERTEX_POINT ( 'NONE', #493 ) ;
#889 = SURFACE_STYLE_FILL_AREA ( #1083 ) ;
#890 = EDGE_CURVE ( 'NONE', #29, #650, #1697, .T. ) ;
#891 = DIRECTION ( 'NONE',  ( -1.000000000000000000, 0.000000000000000000, 0.000000000000000000 ) ) ;
#892 = SURFACE_STYLE_FILL_AREA ( #1092 ) ;
#893 = DIRECTION ( 'NONE',  ( 0.000000000000000000, -0.000000000000000000, 1.000000000000000000 ) ) ;
#894 = COLOUR_RGB ( '',0.5019607843137254832, 0.5019607843137254832, 0.5019607843137254832 ) ;
#895 = PRESENTATION_STYLE_ASSIGNMENT (( #1255 ) ) ;
#896 = ORIENTED_EDGE ( 'NONE', *, *, #579, .F. ) ;
#897 =( GEOMETRIC_REPRESENTATION_CONTEXT ( 3 ) GLOBAL_UNCERTAINTY_ASSIGNED_CONTEXT ( ( #293 ) ) GLOBAL_UNIT_ASSIGNED_CONTEXT ( ( #1853, #2190, #1529 ) ) REPRESENTATION_CONTEXT ( 'NONE', 'WORKASPACE' ) );
#898 = LINE ( 'NONE', #32, #2127 ) ;
#899 = CARTESIAN_POINT ( 'NONE',  ( 1.100000000000000977, 1.299999999999999600, 0.2000000000000000111 ) ) ;
#900 = CIRCLE ( 'NONE', #216, 0.2499999999999999167 ) ;
#901 = CIRCLE ( 'NONE', #1848, 0.07499999999999988620 ) ;
#902 =( NAMED_UNIT ( * ) SI_UNIT ( $, .STERADIAN. ) SOLID_ANGLE_UNIT ( ) );
#903 = AXIS2_PLACEMENT_3D ( 'NONE', #2246, #850, #671 ) ;
#904 = DIRECTION ( 'NONE',  ( 1.000000000000000000, 0.000000000000000000, 0.000000000000000000 ) ) ;
#905 = CARTESIAN_POINT ( 'NONE',  ( -1.025000000000000133, -1.300000000000000044, 0.2000000000000000111 ) ) ;
#906 = ADVANCED_FACE ( 'NONE', ( #2216 ), #359, .F. ) ;
#907 = FACE_BOUND ( 'NONE', #473, .T. ) ;
#908 = ORIENTED_EDGE ( 'NONE', *, *, #1795, .T. ) ;
#909 = ADVANCED_FACE ( 'NONE', ( #526 ), #150, .F. ) ;
#910 = DIRECTION ( 'NONE',  ( -0.000000000000000000, -0.000000000000000000, 1.000000000000000000 ) ) ;
#911 = CARTESIAN_POINT ( 'NONE',  ( 0.000000000000000000, 0.000000000000000000, 0.2000000000000000111 ) ) ;
#912 = CARTESIAN_POINT ( 'NONE',  ( -1.625000000000000000, 1.524999999999999911, 0.000000000000000000 ) ) ;
#913 = ADVANCED_FACE ( 'NONE', ( #1001 ), #1528, .F. ) ;
#914 = DIRECTION ( 'NONE',  ( 0.000000000000000000, 0.000000000000000000, 1.000000000000000000 ) ) ;
#915 = CYLINDRICAL_SURFACE ( 'NONE', #434, 0.2500000000000002220 ) ;
#916 = PRESENTATION_STYLE_ASSIGNMENT (( #230 ) ) ;
#917 =( NAMED_UNIT ( * ) PLANE_ANGLE_UNIT ( ) SI_UNIT ( $, .RADIAN. ) );
#918 = DIRECTION ( 'NONE',  ( 0.000000000000000000, 0.000000000000000000, -1.000000000000000000 ) ) ;
#919 = ORIENTED_EDGE ( 'NONE', *, *, #174, .T. ) ;
#920 = CARTESIAN_POINT ( 'NONE',  ( 1.365923996832131609E-16, -5.463695987328526437E-16, 0.2800000000000003042 ) ) ;
#921 = LENGTH_MEASURE_WITH_UNIT ( LENGTH_MEASURE( 0.02539999999999999897 ), #1451 );
#922 = CARTESIAN_POINT ( 'NONE',  ( 1.425000000000000266, 1.500000000000000222, 0.4000000000000000222 ) ) ;
#923 = FACE_OUTER_BOUND ( 'NONE', #733, .T. ) ;
#924 = EDGE_CURVE ( 'NONE', #2079, #29, #1163, .T. ) ;
#925 = SURFACE_STYLE_USAGE ( .BOTH. , #1803 ) ;
#926 = ORIENTED_EDGE ( 'NONE', *, *, #1758, .F. ) ;
#927 = COLOUR_RGB ( '',0.5019607843137254832, 0.5019607843137254832, 0.5019607843137254832 ) ;
#928 = DIRECTION ( 'NONE',  ( -0.000000000000000000, -0.000000000000000000, -1.000000000000000000 ) ) ;
#929 = AXIS2_PLACEMENT_3D ( 'NONE', #412, #42, #1101 ) ;
#930 = EDGE_CURVE ( 'NONE', #2233, #1064, #935, .T. ) ;
#931 =( LENGTH_UNIT ( ) NAMED_UNIT ( * ) SI_UNIT ( $, .METRE. ) );
#932 = SURFACE_STYLE_USAGE ( .BOTH. , #1801 ) ;
#933 = AXIS2_PLACEMENT_3D ( 'NONE', #117, #272, #127 ) ;
#934 = AXIS2_PLACEMENT_3D ( 'NONE', #40, #1626, #760 ) ;
#935 = CIRCLE ( 'NONE', #1518, 1.530000000000000027 ) ;
#936 = SURFACE_STYLE_FILL_AREA ( #520 ) ;
#937 = ORIENTED_EDGE ( 'NONE', *, *, #147, .F. ) ;
#938 = CIRCLE ( 'NONE', #1814, 1.375000000000000000 ) ;
#939 = FACE_OUTER_BOUND ( 'NONE', #1098, .T. ) ;
#940 = SURFACE_SIDE_STYLE ('',( #1455 ) ) ;
#941 = VERTEX_POINT ( 'NONE', #1424 ) ;
#942 = SURFACE_STYLE_USAGE ( .BOTH. , #602 ) ;
#943 = CARTESIAN_POINT ( 'NONE',  ( 1.524999999999999911, -1.625000000000000000, 0.4000000000000000222 ) ) ;
#944 = CARTESIAN_POINT ( 'NONE',  ( 1.524999999999999911, 1.625000000000000000, 0.4000000000000000222 ) ) ;
#945 = DIRECTION ( 'NONE',  ( 1.000000000000000000, -1.202013117212276211E-14, 0.000000000000000000 ) ) ;
#946 = SURFACE_STYLE_USAGE ( .BOTH. , #1833 ) ;
#947 = SURFACE_SIDE_STYLE ('',( #2034 ) ) ;
#948 = CARTESIAN_POINT ( 'NONE',  ( 0.000000000000000000, 0.000000000000000000, 0.000000000000000000 ) ) ;
#949 = CYLINDRICAL_SURFACE ( 'NONE', #976, 0.2499999999999999167 ) ;
#950 = EDGE_CURVE ( 'NONE', #468, #888, #830, .T. ) ;
#951 = ORIENTED_EDGE ( 'NONE', *, *, #1287, .T. ) ;
#952 = SURFACE_STYLE_USAGE ( .BOTH. , #114 ) ;
#953 = SURFACE_STYLE_FILL_AREA ( #610 ) ;
#954 = ORIENTED_EDGE ( 'NONE', *, *, #1952, .F. ) ;
#955 = CARTESIAN_POINT ( 'NONE',  ( -1.399999999999999911, 1.714505518806294391E-16, 0.2800000000000000266 ) ) ;
#956 =( LENGTH_UNIT ( ) NAMED_UNIT ( * ) SI_UNIT ( $, .METRE. ) );
#957 = UNCERTAINTY_MEASURE_WITH_UNIT (LENGTH_MEASURE( 1.000000000000000082E-05 ), #657, 'distance_accuracy_value', 'NONE');
#958 = EDGE_LOOP ( 'NONE', ( #2248, #372 ) ) ;
#959 = PRESENTATION_STYLE_ASSIGNMENT (( #1149 ) ) ;
#960 = CIRCLE ( 'NONE', #2232, 0.07499999999999988620 ) ;
#961 = SURFACE_STYLE_FILL_AREA ( #2031 ) ;
#962 = SURFACE_STYLE_FILL_AREA ( #115 ) ;
#963 =( LENGTH_UNIT ( ) NAMED_UNIT ( * ) SI_UNIT ( $, .METRE. ) );
#964 = STYLED_ITEM ( 'NONE', ( #2001 ), #1313 ) ;
#965 = PRESENTATION_LAYER_ASSIGNMENT (  '', '', ( #1620 ) ) ;
#966 = SURFACE_SIDE_STYLE ('',( #455 ) ) ;
#967 = AXIS2_PLACEMENT_3D ( 'NONE', #52, #246, #585 ) ;
#968 =( NAMED_UNIT ( * ) PLANE_ANGLE_UNIT ( ) SI_UNIT ( $, .RADIAN. ) );
#969 = DIMENSIONAL_EXPONENTS ( 1.000000000000000000, 0.000000000000000000, 0.000000000000000000, 0.000000000000000000, 0.000000000000000000, 0.000000000000000000, 0.000000000000000000 ) ;
#970 = CIRCLE ( 'NONE', #1237, 0.1000000000000000194 ) ;
#971 = MECHANICAL_DESIGN_GEOMETRIC_PRESENTATION_REPRESENTATION (  '', ( #2093 ), #1449 ) ;
#972 = ORIENTED_EDGE ( 'NONE', *, *, #839, .F. ) ;
#973 = AXIS2_PLACEMENT_3D ( 'NONE', #1177, #1186, #702 ) ;
#974 = PRESENTATION_STYLE_ASSIGNMENT (( #1835 ) ) ;
#975 = EDGE_CURVE ( 'NONE', #876, #718, #901, .T. ) ;
#976 = AXIS2_PLACEMENT_3D ( 'NONE', #1640, #2156, #2002 ) ;
#977 = ORIENTED_EDGE ( 'NONE', *, *, #1073, .F. ) ;
#978 = LINE ( 'NONE', #637, #1478 ) ;
#979 = CIRCLE ( 'NONE', #1051, 0.07500000000000002498 ) ;
#980 = DIRECTION ( 'NONE',  ( 1.000000000000000000, 0.000000000000000000, 0.000000000000000000 ) ) ;
#981 = EDGE_CURVE ( 'NONE', #1027, #418, #1240, .T. ) ;
#982 = LINE ( 'NONE', #1321, #2160 ) ;
#983 = EDGE_CURVE ( 'NONE', #875, #1826, #2109, .T. ) ;
#984 = FILL_AREA_STYLE ('',( #633 ) ) ;
#985 = DIRECTION ( 'NONE',  ( -0.000000000000000000, -0.000000000000000000, 1.000000000000000000 ) ) ;
#986 =( NAMED_UNIT ( * ) SI_UNIT ( $, .STERADIAN. ) SOLID_ANGLE_UNIT ( ) );
#987 = UNCERTAINTY_MEASURE_WITH_UNIT (LENGTH_MEASURE( 1.000000000000000082E-05 ), #1572, 'distance_accuracy_value', 'NONE');
#988 = ORIENTED_EDGE ( 'NONE', *, *, #1496, .F. ) ;
#989 =( NAMED_UNIT ( * ) SI_UNIT ( $, .STERADIAN. ) SOLID_ANGLE_UNIT ( ) );
#990 =( NAMED_UNIT ( * ) PLANE_ANGLE_UNIT ( ) SI_UNIT ( $, .RADIAN. ) );
#991 =( LENGTH_UNIT ( ) NAMED_UNIT ( * ) SI_UNIT ( $, .METRE. ) );
#992 = CARTESIAN_POINT ( 'NONE',  ( 0.000000000000000000, 0.000000000000000000, 0.000000000000000000 ) ) ;
#993 =( LENGTH_UNIT ( ) NAMED_UNIT ( * ) SI_UNIT ( $, .METRE. ) );
#994 = SURFACE_STYLE_FILL_AREA ( #1173 ) ;
#995 = ORIENTED_EDGE ( 'NONE', *, *, #1825, .F. ) ;
#996 =( NAMED_UNIT ( * ) PLANE_ANGLE_UNIT ( ) SI_UNIT ( $, .RADIAN. ) );
#997 = CARTESIAN_POINT ( 'NONE',  ( 0.000000000000000000, 0.000000000000000000, 0.2000000000000000111 ) ) ;
#998 = MECHANICAL_DESIGN_GEOMETRIC_PRESENTATION_REPRESENTATION (  '', ( #1435 ), #208 ) ;
#999 = ORIENTED_EDGE ( 'NONE', *, *, #658, .T. ) ;
#1000 =( LENGTH_UNIT ( ) NAMED_UNIT ( * ) SI_UNIT ( $, .METRE. ) );
#1001 = FACE_OUTER_BOUND ( 'NONE', #2072, .T. ) ;
#1002 = DIRECTION ( 'NONE',  ( 0.000000000000000000, 0.000000000000000000, 1.000000000000000000 ) ) ;
#1003 = AXIS2_PLACEMENT_3D ( 'NONE', #2231, #2028, #330 ) ;
#1004 = AXIS2_PLACEMENT_3D ( 'NONE', #365, #1934, #209 ) ;
#1005 = VECTOR ( 'NONE', #2103, 39.37007874015748143 ) ;
#1006 = SURFACE_STYLE_FILL_AREA ( #1380 ) ;
#1007 = CIRCLE ( 'NONE', #1042, 0.2500000000000002220 ) ;
#1008 = UNCERTAINTY_MEASURE_WITH_UNIT (LENGTH_MEASURE( 1.000000000000000082E-05 ), #1515, 'distance_accuracy_value', 'NONE');
#1009 = ORIENTED_EDGE ( 'NONE', *, *, #1145, .T. ) ;
#1010 = STYLED_ITEM ( 'NONE', ( #959 ), #1072 ) ;
#1011 = SURFACE_STYLE_USAGE ( .BOTH. , #322 ) ;
#1012 = FILL_AREA_STYLE_COLOUR ( '', #142 ) ;
#1013 = CIRCLE ( 'NONE', #261, 1.530000000000000027 ) ;
#1014 = DIRECTION ( 'NONE',  ( 0.000000000000000000, 0.000000000000000000, 1.000000000000000000 ) ) ;
#1015 = CIRCLE ( 'NONE', #506, 0.07499999999999988620 ) ;
#1016 =( LENGTH_UNIT ( ) NAMED_UNIT ( * ) SI_UNIT ( $, .METRE. ) );
#1017 = CYLINDRICAL_SURFACE ( 'NONE', #1521, 0.2500000000000000555 ) ;
#1018 = DIMENSIONAL_EXPONENTS ( 1.000000000000000000, 0.000000000000000000, 0.000000000000000000, 0.000000000000000000, 0.000000000000000000, 0.000000000000000000, 0.000000000000000000 ) ;
#1019 = FACE_OUTER_BOUND ( 'NONE', #2228, .T. ) ;
#1020 = LINE ( 'NONE', #2191, #837 ) ;
#1021 = VERTEX_POINT ( 'NONE', #1960 ) ;
#1022 = DIRECTION ( 'NONE',  ( -0.000000000000000000, 0.000000000000000000, -1.000000000000000000 ) ) ;
#1023 = ADVANCED_FACE ( 'NONE', ( #1590 ), #420, .F. ) ;
#1024 = ORIENTED_EDGE ( 'NONE', *, *, #1690, .F. ) ;
#1025 = FILL_AREA_STYLE ('',( #302 ) ) ;
#1026 = LENGTH_MEASURE_WITH_UNIT ( LENGTH_MEASURE( 0.02539999999999999897 ), #339 );
#1027 = VERTEX_POINT ( 'NONE', #268 ) ;
#1028 = DIRECTION ( 'NONE',  ( -0.000000000000000000, 0.000000000000000000, -1.000000000000000000 ) ) ;
#1029 = CARTESIAN_POINT ( 'NONE',  ( 1.175000000000000933, 1.299999999999999600, 0.4000000000000000222 ) ) ;
#1030 = VERTEX_POINT ( 'NONE', #451 ) ;
#1031 = DIRECTION ( 'NONE',  ( -0.000000000000000000, -0.000000000000000000, -1.000000000000000000 ) ) ;
#1032 = FILL_AREA_STYLE ('',( #2188 ) ) ;
#1033 =( CONVERSION_BASED_UNIT ( 'INCH', #712 ) LENGTH_UNIT ( ) NAMED_UNIT ( #36 ) );
#1034 = DIRECTION ( 'NONE',  ( -0.000000000000000000, -0.000000000000000000, 1.000000000000000000 ) ) ;
#1035 = VECTOR ( 'NONE', #463, 39.37007874015748143 ) ;
#1036 =( NAMED_UNIT ( * ) SI_UNIT ( $, .STERADIAN. ) SOLID_ANGLE_UNIT ( ) );
#1037 = CIRCLE ( 'NONE', #168, 0.1000000000000000194 ) ;
#1038 = STYLED_ITEM ( 'NONE', ( #729 ), #592 ) ;
#1039 = VERTEX_POINT ( 'NONE', #1327 ) ;
#1040 = ORIENTED_EDGE ( 'NONE', *, *, #2048, .T. ) ;
#1041 = STYLED_ITEM ( 'NONE', ( #2062 ), #1382 ) ;
#1042 = AXIS2_PLACEMENT_3D ( 'NONE', #542, #1792, #2111 ) ;
#1043 = CARTESIAN_POINT ( 'NONE',  ( 0.000000000000000000, 0.000000000000000000, 0.4000000000000000222 ) ) ;
#1044 =( NAMED_UNIT ( * ) PLANE_ANGLE_UNIT ( ) SI_UNIT ( $, .RADIAN. ) );
#1045 = PRESENTATION_LAYER_ASSIGNMENT (  '', '', ( #1267 ) ) ;
#1046 = ORIENTED_EDGE ( 'NONE', *, *, #765, .F. ) ;
#1047 = FILL_AREA_STYLE_COLOUR ( '', #2125 ) ;
#1048 = CIRCLE ( 'NONE', #437, 0.2499999999999999167 ) ;
#1049 = LENGTH_MEASURE_WITH_UNIT ( LENGTH_MEASURE( 0.02539999999999999897 ), #1493 );
#1050 = DIRECTION ( 'NONE',  ( 1.000000000000000000, 0.000000000000000000, 0.000000000000000000 ) ) ;
#1051 = AXIS2_PLACEMENT_3D ( 'NONE', #1581, #1061, #369 ) ;
#1052 = ORIENTED_EDGE ( 'NONE', *, *, #1474, .T. ) ;
#1053 = EDGE_LOOP ( 'NONE', ( #1891, #1052, #736, #1569 ) ) ;
#1054 = SURFACE_STYLE_FILL_AREA ( #2097 ) ;
#1055 = ORIENTED_EDGE ( 'NONE', *, *, #1862, .F. ) ;
#1056 = LENGTH_MEASURE_WITH_UNIT ( LENGTH_MEASURE( 0.02539999999999999897 ), #2117 );
#1057 =( CONVERSION_BASED_UNIT ( 'INCH', #376 ) LENGTH_UNIT ( ) NAMED_UNIT ( #1018 ) );
#1058 = FILL_AREA_STYLE ('',( #377 ) ) ;
#1059 = LENGTH_MEASURE_WITH_UNIT ( LENGTH_MEASURE( 0.02539999999999999897 ), #763 );
#1060 = DIRECTION ( 'NONE',  ( 1.000000000000000000, 0.000000000000000000, 0.000000000000000000 ) ) ;
#1061 = DIRECTION ( 'NONE',  ( 0.000000000000000000, 0.000000000000000000, 1.000000000000000000 ) ) ;
#1062 = ORIENTED_EDGE ( 'NONE', *, *, #1927, .T. ) ;
#1063 = CARTESIAN_POINT ( 'NONE',  ( 1.100000000000000977, 1.299999999999999600, 0.000000000000000000 ) ) ;
#1064 = VERTEX_POINT ( 'NONE', #1472 ) ;
#1065 = CARTESIAN_POINT ( 'NONE',  ( 1.524999999999999911, 1.524999999999999911, 0.000000000000000000 ) ) ;
#1066 = CYLINDRICAL_SURFACE ( 'NONE', #1477, 1.530000000000000027 ) ;
#1067 = FILL_AREA_STYLE ('',( #856 ) ) ;
#1068 = DIRECTION ( 'NONE',  ( 1.000000000000000000, 0.000000000000000000, 0.000000000000000000 ) ) ;
#1069 = EDGE_CURVE ( 'NONE', #2158, #1245, #141, .T. ) ;
#1070 = DIRECTION ( 'NONE',  ( -1.000000000000000000, 0.000000000000000000, 0.000000000000000000 ) ) ;
#1071 =( CONVERSION_BASED_UNIT ( 'INCH', #2092 ) LENGTH_UNIT ( ) NAMED_UNIT ( #2039 ) );
#1072 = ADVANCED_FACE ( 'NONE', ( #1129 ), #1643, .F. ) ;
#1073 = EDGE_CURVE ( 'NONE', #499, #1420, #978, .T. ) ;
#1074 = PLANE ( 'NONE',  #1943 ) ;
#1075 = COLOUR_RGB ( '',0.5019607843137254832, 0.5019607843137254832, 0.5019607843137254832 ) ;
#1076 = DIRECTION ( 'NONE',  ( 1.000000000000000000, 0.000000000000000000, 0.000000000000000000 ) ) ;
#1077 = STYLED_ITEM ( 'NONE', ( #2177 ), #94 ) ;
#1078 = PRESENTATION_LAYER_ASSIGNMENT (  '', '', ( #1730 ) ) ;
#1079 = ORIENTED_EDGE ( 'NONE', *, *, #981, .T. ) ;
#1080 = STYLED_ITEM ( 'NONE', ( #643 ), #1375 ) ;
#1081 = PRESENTATION_LAYER_ASSIGNMENT (  '', '', ( #58 ) ) ;
#1082 = DIRECTION ( 'NONE',  ( -0.000000000000000000, -0.000000000000000000, -1.000000000000000000 ) ) ;
#1083 = FILL_AREA_STYLE ('',( #11 ) ) ;
#1084 = FACE_OUTER_BOUND ( 'NONE', #1737, .T. ) ;
#1085 = AXIS2_PLACEMENT_3D ( 'NONE', #1931, #1938, #12 ) ;
#1086 = COLOUR_RGB ( '',0.5019607843137254832, 0.5019607843137254832, 0.5019607843137254832 ) ;
#1087 = CARTESIAN_POINT ( 'NONE',  ( 1.500000000000000222, -1.500000000000000222, 0.4000000000000000222 ) ) ;
#1088 = SURFACE_STYLE_USAGE ( .BOTH. , #1275 ) ;
#1089 = VECTOR ( 'NONE', #269, 39.37007874015748143 ) ;
#1090 = STYLED_ITEM ( 'NONE', ( #1894 ), #909 ) ;
#1091 = DIRECTION ( 'NONE',  ( 0.000000000000000000, 0.000000000000000000, 1.000000000000000000 ) ) ;
#1092 = FILL_AREA_STYLE ('',( #68 ) ) ;
#1093 = CARTESIAN_POINT ( 'NONE',  ( -1.524999999999999911, -1.625000000000000000, 0.000000000000000000 ) ) ;
#1094 = CARTESIAN_POINT ( 'NONE',  ( 1.112537329699880839, 1.050314567177024205, 0.000000000000000000 ) ) ;
#1095 = ORIENTED_EDGE ( 'NONE', *, *, #1941, .T. ) ;
#1096 = DIRECTION ( 'NONE',  ( 1.000000000000000000, 0.000000000000000000, -0.000000000000000000 ) ) ;
#1097 = DIRECTION ( 'NONE',  ( 0.000000000000000000, 0.000000000000000000, 1.000000000000000000 ) ) ;
#1098 = EDGE_LOOP ( 'NONE', ( #2222, #2247, #522, #2209 ) ) ;
#1099 = SURFACE_STYLE_USAGE ( .BOTH. , #567 ) ;
#1100 = CARTESIAN_POINT ( 'NONE',  ( 1.100000000000000977, 1.299999999999999600, 0.2000000000000000111 ) ) ;
#1101 = DIRECTION ( 'NONE',  ( 1.000000000000000000, 0.000000000000000000, 0.000000000000000000 ) ) ;
#1102 = ORIENTED_EDGE ( 'NONE', *, *, #2148, .T. ) ;
#1103 = DIRECTION ( 'NONE',  ( -1.000000000000000000, 0.000000000000000000, 0.000000000000000000 ) ) ;
#1104 = UNCERTAINTY_MEASURE_WITH_UNIT (LENGTH_MEASURE( 1.000000000000000082E-05 ), #213, 'distance_accuracy_value', 'NONE');
#1105 = EDGE_LOOP ( 'NONE', ( #10, #1326, #843, #919 ) ) ;
#1106 = DIRECTION ( 'NONE',  ( 0.000000000000000000, -0.000000000000000000, 1.000000000000000000 ) ) ;
#1107 = SURFACE_SIDE_STYLE ('',( #1752 ) ) ;
#1108 = FILL_AREA_STYLE ('',( #423 ) ) ;
#1109 =( NAMED_UNIT ( * ) PLANE_ANGLE_UNIT ( ) SI_UNIT ( $, .RADIAN. ) );
#1110 = CARTESIAN_POINT ( 'NONE',  ( 1.500000000000000222, 1.500000000000000222, 0.000000000000000000 ) ) ;
#1111 = AXIS2_PLACEMENT_3D ( 'NONE', #754, #1961, #1602 ) ;
#1112 = DIRECTION ( 'NONE',  ( 0.000000000000000000, 0.000000000000000000, -1.000000000000000000 ) ) ;
#1113 = LENGTH_MEASURE_WITH_UNIT ( LENGTH_MEASURE( 0.02539999999999999897 ), #478 );
#1114 = MECHANICAL_DESIGN_GEOMETRIC_PRESENTATION_REPRESENTATION (  '', ( #1513 ), #1623 ) ;
#1115 = AXIS2_PLACEMENT_3D ( 'NONE', #1999, #2033, #2019 ) ;
#1116 = CARTESIAN_POINT ( 'NONE',  ( -1.500000000000000222, 1.500000000000000222, 0.000000000000000000 ) ) ;
#1117 = PRESENTATION_LAYER_ASSIGNMENT (  '', '', ( #1980 ) ) ;
#1118 = CIRCLE ( 'NONE', #504, 1.409999999999999476 ) ;
#1119 = LENGTH_MEASURE_WITH_UNIT ( LENGTH_MEASURE( 0.02539999999999999897 ), #2165 );
#1120 = COLOUR_RGB ( '',0.5019607843137254832, 0.5019607843137254832, 0.5019607843137254832 ) ;
#1121 = PRESENTATION_LAYER_ASSIGNMENT (  '', '', ( #2093 ) ) ;
#1122 = EDGE_CURVE ( 'NONE', #761, #1930, #2059, .T. ) ;
#1123 =( GEOMETRIC_REPRESENTATION_CONTEXT ( 3 ) GLOBAL_UNCERTAINTY_ASSIGNED_CONTEXT ( ( #1325 ) ) GLOBAL_UNIT_ASSIGNED_CONTEXT ( ( #1635, #2015, #989 ) ) REPRESENTATION_CONTEXT ( 'NONE', 'WORKASPACE' ) );
#1124 = MECHANICAL_DESIGN_GEOMETRIC_PRESENTATION_REPRESENTATION (  '', ( #1631 ), #1701 ) ;
#1125 = DIRECTION ( 'NONE',  ( 1.000000000000000000, 0.000000000000000000, 0.000000000000000000 ) ) ;
#1126 = UNCERTAINTY_MEASURE_WITH_UNIT (LENGTH_MEASURE( 1.000000000000000082E-05 ), #1985, 'distance_accuracy_value', 'NONE');
#1127 = ORIENTED_EDGE ( 'NONE', *, *, #1546, .F. ) ;
#1128 =( NAMED_UNIT ( * ) SI_UNIT ( $, .STERADIAN. ) SOLID_ANGLE_UNIT ( ) );
#1129 = FACE_OUTER_BOUND ( 'NONE', #145, .T. ) ;
#1130 = LINE ( 'NONE', #1818, #1089 ) ;
#1131 = ORIENTED_EDGE ( 'NONE', *, *, #881, .T. ) ;
#1132 =( NAMED_UNIT ( * ) SI_UNIT ( $, .STERADIAN. ) SOLID_ANGLE_UNIT ( ) );
#1133 = FILL_AREA_STYLE ('',( #2187 ) ) ;
#1134 =( LENGTH_UNIT ( ) NAMED_UNIT ( * ) SI_UNIT ( $, .METRE. ) );
#1135 = DIMENSIONAL_EXPONENTS ( 1.000000000000000000, 0.000000000000000000, 0.000000000000000000, 0.000000000000000000, 0.000000000000000000, 0.000000000000000000, 0.000000000000000000 ) ;
#1136 = EDGE_LOOP ( 'NONE', ( #1920, #616, #447, #1902 ) ) ;
#1137 = EDGE_LOOP ( 'NONE', ( #2078, #1573 ) ) ;
#1138 = DIRECTION ( 'NONE',  ( -1.000000000000000000, 0.000000000000000000, -0.000000000000000000 ) ) ;
#1139 = CARTESIAN_POINT ( 'NONE',  ( -1.625000000000000000, -1.524999999999999911, 0.000000000000000000 ) ) ;
#1140 =( NAMED_UNIT ( * ) PLANE_ANGLE_UNIT ( ) SI_UNIT ( $, .RADIAN. ) );
#1141 = VECTOR ( 'NONE', #1002, 39.37007874015748143 ) ;
#1142 = ADVANCED_FACE ( 'NONE', ( #1994 ), #100, .F. ) ;
#1143 = LINE ( 'NONE', #1834, #1769 ) ;
#1144 = FILL_AREA_STYLE_COLOUR ( '', #655 ) ;
#1145 = EDGE_CURVE ( 'NONE', #1688, #353, #2220, .T. ) ;
#1146 = UNCERTAINTY_MEASURE_WITH_UNIT (LENGTH_MEASURE( 1.000000000000000082E-05 ), #189, 'distance_accuracy_value', 'NONE');
#1147 = VERTEX_POINT ( 'NONE', #1877 ) ;
#1148 = DIMENSIONAL_EXPONENTS ( 1.000000000000000000, 0.000000000000000000, 0.000000000000000000, 0.000000000000000000, 0.000000000000000000, 0.000000000000000000, 0.000000000000000000 ) ;
#1149 = SURFACE_STYLE_USAGE ( .BOTH. , #2183 ) ;
#1150 = EDGE_CURVE ( 'NONE', #438, #1647, #319, .T. ) ;
#1151 = FILL_AREA_STYLE ('',( #74 ) ) ;
#1152 = DIRECTION ( 'NONE',  ( 0.000000000000000000, 0.000000000000000000, 1.000000000000000000 ) ) ;
#1153 = AXIS2_PLACEMENT_3D ( 'NONE', #920, #271, #398 ) ;
#1154 = FACE_BOUND ( 'NONE', #1867, .T. ) ;
#1155 =( NAMED_UNIT ( * ) SI_UNIT ( $, .STERADIAN. ) SOLID_ANGLE_UNIT ( ) );
#1156 = CIRCLE ( 'NONE', #1471, 1.375000000000000000 ) ;
#1157 = SURFACE_STYLE_FILL_AREA ( #640 ) ;
#1158 = SURFACE_STYLE_FILL_AREA ( #1356 ) ;
#1159 =( GEOMETRIC_REPRESENTATION_CONTEXT ( 3 ) GLOBAL_UNCERTAINTY_ASSIGNED_CONTEXT ( ( #672 ) ) GLOBAL_UNIT_ASSIGNED_CONTEXT ( ( #529, #2090, #1036 ) ) REPRESENTATION_CONTEXT ( 'NONE', 'WORKASPACE' ) );
#1160 = STYLED_ITEM ( 'NONE', ( #1880 ), #906 ) ;
#1161 = SURFACE_STYLE_USAGE ( .BOTH. , #465 ) ;
#1162 = STYLED_ITEM ( 'NONE', ( #385 ), #1783 ) ;
#1163 = CIRCLE ( 'NONE', #756, 0.2499999999999999167 ) ;
#1164 = CARTESIAN_POINT ( 'NONE',  ( 1.025000000000001021, 1.299999999999999600, 0.2000000000000000111 ) ) ;
#1165 = AXIS2_PLACEMENT_3D ( 'NONE', #1441, #1929, #1076 ) ;
#1166 = ORIENTED_EDGE ( 'NONE', *, *, #1989, .T. ) ;
#1167 = CARTESIAN_POINT ( 'NONE',  ( 1.625000000000000000, -1.625000000000000000, 0.4000000000000000222 ) ) ;
#1168 = LINE ( 'NONE', #1861, #1301 ) ;
#1169 = CARTESIAN_POINT ( 'NONE',  ( -1.625000000000000000, 1.524999999999999911, 0.4000000000000000222 ) ) ;
#1170 =( LENGTH_UNIT ( ) NAMED_UNIT ( * ) SI_UNIT ( $, .METRE. ) );
#1171 = ORIENTED_EDGE ( 'NONE', *, *, #2178, .F. ) ;
#1172 = FACE_OUTER_BOUND ( 'NONE', #1175, .T. ) ;
#1173 = FILL_AREA_STYLE ('',( #484 ) ) ;
#1174 = UNCERTAINTY_MEASURE_WITH_UNIT (LENGTH_MEASURE( 1.000000000000000082E-05 ), #277, 'distance_accuracy_value', 'NONE');
#1175 = EDGE_LOOP ( 'NONE', ( #239, #81, #1131, #619 ) ) ;
#1176 = EDGE_CURVE ( 'NONE', #1039, #156, #831, .T. ) ;
#1177 = CARTESIAN_POINT ( 'NONE',  ( 1.500000000000000222, -1.500000000000000222, 0.000000000000000000 ) ) ;
#1178 = CARTESIAN_POINT ( 'NONE',  ( -1.625000000000000000, -1.524999999999999911, 0.4000000000000000222 ) ) ;
#1179 = LINE ( 'NONE', #1167, #1035 ) ;
#1180 = DIMENSIONAL_EXPONENTS ( 1.000000000000000000, 0.000000000000000000, 0.000000000000000000, 0.000000000000000000, 0.000000000000000000, 0.000000000000000000, 0.000000000000000000 ) ;
#1181 = ORIENTED_EDGE ( 'NONE', *, *, #1524, .F. ) ;
#1182 =( LENGTH_UNIT ( ) NAMED_UNIT ( * ) SI_UNIT ( $, .METRE. ) );
#1183 = DIRECTION ( 'NONE',  ( 0.000000000000000000, 0.000000000000000000, -1.000000000000000000 ) ) ;
#1184 = ORIENTED_EDGE ( 'NONE', *, *, #1795, .F. ) ;
#1185 = DIRECTION ( 'NONE',  ( 1.000000000000000000, 0.000000000000000000, 0.000000000000000000 ) ) ;
#1186 = DIRECTION ( 'NONE',  ( 0.000000000000000000, 0.000000000000000000, 1.000000000000000000 ) ) ;
#1187 = CARTESIAN_POINT ( 'NONE',  ( 1.500000000000000222, 1.500000000000000222, 0.000000000000000000 ) ) ;
#1188 = DIRECTION ( 'NONE',  ( 1.000000000000000000, 0.000000000000000000, 0.000000000000000000 ) ) ;
#1189 = VECTOR ( 'NONE', #227, 39.37007874015748143 ) ;
#1190 = VECTOR ( 'NONE', #215, 39.37007874015748143 ) ;
#1191 = MECHANICAL_DESIGN_GEOMETRIC_PRESENTATION_REPRESENTATION (  '', ( #1730 ), #860 ) ;
#1192 = DIRECTION ( 'NONE',  ( -0.000000000000000000, 0.000000000000000000, -1.000000000000000000 ) ) ;
#1193 = EDGE_CURVE ( 'NONE', #790, #1750, #1037, .T. ) ;
#1194 =( GEOMETRIC_REPRESENTATION_CONTEXT ( 3 ) GLOBAL_UNCERTAINTY_ASSIGNED_CONTEXT ( ( #47 ) ) GLOBAL_UNIT_ASSIGNED_CONTEXT ( ( #2252, #968, #1743 ) ) REPRESENTATION_CONTEXT ( 'NONE', 'WORKASPACE' ) );
#1195 = SURFACE_STYLE_USAGE ( .BOTH. , #2063 ) ;
#1196 =( GEOMETRIC_REPRESENTATION_CONTEXT ( 3 ) GLOBAL_UNCERTAINTY_ASSIGNED_CONTEXT ( ( #2157 ) ) GLOBAL_UNIT_ASSIGNED_CONTEXT ( ( #1312, #1140, #1155 ) ) REPRESENTATION_CONTEXT ( 'NONE', 'WORKASPACE' ) );
#1197 = EDGE_LOOP ( 'NONE', ( #1046, #1722, #294, #270 ) ) ;
#1198 = EDGE_LOOP ( 'NONE', ( #1127, #1552 ) ) ;
#1199 = AXIS2_PLACEMENT_3D ( 'NONE', #1828, #1678, #980 ) ;
#1200 = AXIS2_PLACEMENT_3D ( 'NONE', #1294, #1112, #462 ) ;
#1201 = DIRECTION ( 'NONE',  ( -0.000000000000000000, -1.000000000000000000, -0.000000000000000000 ) ) ;
#1202 = DIRECTION ( 'NONE',  ( -0.000000000000000000, -0.000000000000000000, 1.000000000000000000 ) ) ;
#1203 = PRESENTATION_LAYER_ASSIGNMENT (  '', '', ( #1631 ) ) ;
#1204 = EDGE_LOOP ( 'NONE', ( #2168, #954, #2, #636 ) ) ;
#1205 = DIRECTION ( 'NONE',  ( 1.000000000000000000, 0.000000000000000000, 0.000000000000000000 ) ) ;
#1206 =( NAMED_UNIT ( * ) SI_UNIT ( $, .STERADIAN. ) SOLID_ANGLE_UNIT ( ) );
#1207 = PRESENTATION_STYLE_ASSIGNMENT (( #2025 ) ) ;
#1208 = VERTEX_POINT ( 'NONE', #1370 ) ;
#1209 = ORIENTED_EDGE ( 'NONE', *, *, #810, .F. ) ;
#1210 =( NAMED_UNIT ( * ) SI_UNIT ( $, .STERADIAN. ) SOLID_ANGLE_UNIT ( ) );
#1211 = DIRECTION ( 'NONE',  ( -0.000000000000000000, -0.000000000000000000, -1.000000000000000000 ) ) ;
#1212 = ORIENTED_EDGE ( 'NONE', *, *, #1742, .F. ) ;
#1213 = SURFACE_STYLE_USAGE ( .BOTH. , #703 ) ;
#1214 =( LENGTH_UNIT ( ) NAMED_UNIT ( * ) SI_UNIT ( $, .METRE. ) );
#1215 = ADVANCED_FACE ( 'NONE', ( #2071 ), #1689, .F. ) ;
#1216 = LINE ( 'NONE', #1568, #1365 ) ;
#1217 = CARTESIAN_POINT ( 'NONE',  ( 1.175000000000000933, 1.299999999999999600, 0.000000000000000000 ) ) ;
#1218 = ORIENTED_EDGE ( 'NONE', *, *, #2007, .F. ) ;
#1219 = ORIENTED_EDGE ( 'NONE', *, *, #1638, .T. ) ;
#1220 = EDGE_CURVE ( 'NONE', #1531, #661, #1156, .T. ) ;
#1221 = DIRECTION ( 'NONE',  ( -1.000000000000000000, 0.000000000000000000, 0.000000000000000000 ) ) ;
#1222 = DIRECTION ( 'NONE',  ( 0.000000000000000000, -0.000000000000000000, 1.000000000000000000 ) ) ;
#1223 = ORIENTED_EDGE ( 'NONE', *, *, #777, .T. ) ;
#1224 = ADVANCED_FACE ( 'NONE', ( #1724 ), #1385, .F. ) ;
#1225 = FILL_AREA_STYLE ('',( #1349 ) ) ;
#1226 = PRESENTATION_STYLE_ASSIGNMENT (( #1389 ) ) ;
#1227 =( NAMED_UNIT ( * ) SI_UNIT ( $, .STERADIAN. ) SOLID_ANGLE_UNIT ( ) );
#1228 = DIRECTION ( 'NONE',  ( 0.000000000000000000, 0.000000000000000000, -1.000000000000000000 ) ) ;
#1229 = AXIS2_PLACEMENT_3D ( 'NONE', #1260, #1939, #411 ) ;
#1230 = AXIS2_PLACEMENT_3D ( 'NONE', #948, #1823, #2154 ) ;
#1231 = UNCERTAINTY_MEASURE_WITH_UNIT (LENGTH_MEASURE( 1.000000000000000082E-05 ), #2207, 'distance_accuracy_value', 'NONE');
#1232 = EDGE_LOOP ( 'NONE', ( #256, #1458, #926, #995 ) ) ;
#1233 = AXIS2_PLACEMENT_3D ( 'NONE', #306, #1683, #1865 ) ;
#1234 = VECTOR ( 'NONE', #1152, 39.37007874015748143 ) ;
#1235 =( CONVERSION_BASED_UNIT ( 'INCH', #1784 ) LENGTH_UNIT ( ) NAMED_UNIT ( #847 ) );
#1236 = DIRECTION ( 'NONE',  ( 0.000000000000000000, 0.000000000000000000, 1.000000000000000000 ) ) ;
#1237 = AXIS2_PLACEMENT_3D ( 'NONE', #870, #2021, #855 ) ;
#1238 = AXIS2_PLACEMENT_3D ( 'NONE', #992, #1505, #132 ) ;
#1239 = STYLED_ITEM ( 'NONE', ( #1257 ), #913 ) ;
#1240 = LINE ( 'NONE', #1447, #1811 ) ;
#1241 = CIRCLE ( 'NONE', #61, 0.07499999999999988620 ) ;
#1242 =( NAMED_UNIT ( * ) PLANE_ANGLE_UNIT ( ) SI_UNIT ( $, .RADIAN. ) );
#1243 = LINE ( 'NONE', #1782, #211 ) ;
#1244 =( LENGTH_UNIT ( ) NAMED_UNIT ( * ) SI_UNIT ( $, .METRE. ) );
#1245 = VERTEX_POINT ( 'NONE', #716 ) ;
#1246 = ORIENTED_EDGE ( 'NONE', *, *, #1868, .F. ) ;
#1247 = FILL_AREA_STYLE ('',( #9 ) ) ;
#1248 = VERTEX_POINT ( 'NONE', #45 ) ;
#1249 = EDGE_CURVE ( 'NONE', #790, #888, #382, .T. ) ;
#1250 = DIRECTION ( 'NONE',  ( 1.000000000000000000, 0.000000000000000000, 0.000000000000000000 ) ) ;
#1251 = DIRECTION ( 'NONE',  ( 1.000000000000000000, 0.000000000000000000, 0.000000000000000000 ) ) ;
#1252 = DIRECTION ( 'NONE',  ( -1.000000000000000000, 0.000000000000000000, 0.000000000000000000 ) ) ;
#1253 = PLANE ( 'NONE',  #1516 ) ;
#1254 = LINE ( 'NONE', #1580, #1445 ) ;
#1255 = SURFACE_STYLE_USAGE ( .BOTH. , #391 ) ;
#1256 = ORIENTED_EDGE ( 'NONE', *, *, #651, .T. ) ;
#1257 = PRESENTATION_STYLE_ASSIGNMENT (( #1414 ) ) ;
#1258 = DIRECTION ( 'NONE',  ( -0.000000000000000000, -0.000000000000000000, 1.000000000000000000 ) ) ;
#1259 = EDGE_CURVE ( 'NONE', #1647, #438, #605, .T. ) ;
#1260 = CARTESIAN_POINT ( 'NONE',  ( 0.000000000000000000, 0.000000000000000000, 0.2000000000000000111 ) ) ;
#1261 = CYLINDRICAL_SURFACE ( 'NONE', #1654, 0.1000000000000000194 ) ;
#1262 = DIRECTION ( 'NONE',  ( -1.000000000000000000, 0.000000000000000000, 0.000000000000000000 ) ) ;
#1263 = ORIENTED_EDGE ( 'NONE', *, *, #983, .F. ) ;
#1264 = MECHANICAL_DESIGN_GEOMETRIC_PRESENTATION_REPRESENTATION (  '', ( #396 ), #88 ) ;
#1265 = ORIENTED_EDGE ( 'NONE', *, *, #317, .T. ) ;
#1266 = PRESENTATION_LAYER_ASSIGNMENT (  '', '', ( #612 ) ) ;
#1267 = STYLED_ITEM ( 'NONE', ( #1226 ), #1682 ) ;
#1268 = STYLED_ITEM ( 'NONE', ( #1386 ), #1896 ) ;
#1269 = DIRECTION ( 'NONE',  ( 1.000000000000000000, 0.000000000000000000, 0.000000000000000000 ) ) ;
#1270 =( NAMED_UNIT ( * ) SI_UNIT ( $, .STERADIAN. ) SOLID_ANGLE_UNIT ( ) );
#1271 = FACE_OUTER_BOUND ( 'NONE', #1053, .T. ) ;
#1272 = ORIENTED_EDGE ( 'NONE', *, *, #1715, .T. ) ;
#1273 = CARTESIAN_POINT ( 'NONE',  ( -1.574999999999999956, 1.500000000000000222, 0.000000000000000000 ) ) ;
#1274 =( NAMED_UNIT ( * ) SI_UNIT ( $, .STERADIAN. ) SOLID_ANGLE_UNIT ( ) );
#1275 = SURFACE_SIDE_STYLE ('',( #84 ) ) ;
#1276 = FACE_OUTER_BOUND ( 'NONE', #2204, .T. ) ;
#1277 = CARTESIAN_POINT ( 'NONE',  ( -1.100000000000000089, -1.300000000000000044, 0.2000000000000000389 ) ) ;
#1278 = DIRECTION ( 'NONE',  ( 1.000000000000000000, 0.000000000000000000, 0.000000000000000000 ) ) ;
#1279 = DIRECTION ( 'NONE',  ( 1.000000000000000000, 0.000000000000000000, 0.000000000000000000 ) ) ;
#1280 = EDGE_CURVE ( 'NONE', #1937, #2219, #2051, .T. ) ;
#1281 = ORIENTED_EDGE ( 'NONE', *, *, #1825, .T. ) ;
#1282 = LENGTH_MEASURE_WITH_UNIT ( LENGTH_MEASURE( 0.02539999999999999897 ), #60 );
#1283 = PRESENTATION_STYLE_ASSIGNMENT (( #2136 ) ) ;
#1284 = UNCERTAINTY_MEASURE_WITH_UNIT (LENGTH_MEASURE( 1.000000000000000082E-05 ), #1897, 'distance_accuracy_value', 'NONE');
#1285 = VERTEX_POINT ( 'NONE', #1094 ) ;
#1286 = CARTESIAN_POINT ( 'NONE',  ( 0.000000000000000000, 0.000000000000000000, 0.2000000000000000111 ) ) ;
#1287 = EDGE_CURVE ( 'NONE', #2233, #761, #734, .T. ) ;
#1288 = CARTESIAN_POINT ( 'NONE',  ( -1.574999999999999956, 1.500000000000000222, 0.000000000000000000 ) ) ;
#1289 = ADVANCED_FACE ( 'NONE', ( #1908 ), #1074, .F. ) ;
#1290 = FACE_BOUND ( 'NONE', #1454, .T. ) ;
#1291 = DIRECTION ( 'NONE',  ( -0.000000000000000000, -0.000000000000000000, 1.000000000000000000 ) ) ;
#1292 = ORIENTED_EDGE ( 'NONE', *, *, #575, .T. ) ;
#1293 = PRESENTATION_LAYER_ASSIGNMENT (  '', '', ( #13 ) ) ;
#1294 = CARTESIAN_POINT ( 'NONE',  ( 0.000000000000000000, 0.000000000000000000, 0.2800000000000000266 ) ) ;
#1295 = SURFACE_STYLE_FILL_AREA ( #1151 ) ;
#1296 = AXIS2_PLACEMENT_3D ( 'NONE', #1935, #1734, #22 ) ;
#1297 = COLOUR_RGB ( '',0.5019607843137254832, 0.5019607843137254832, 0.5019607843137254832 ) ;
#1298 = LENGTH_MEASURE_WITH_UNIT ( LENGTH_MEASURE( 0.02539999999999999897 ), #1820 );
#1299 = CARTESIAN_POINT ( 'NONE',  ( 1.100000000000000977, 1.299999999999999600, 0.2000000000000000389 ) ) ;
#1300 =( GEOMETRIC_REPRESENTATION_CONTEXT ( 3 ) GLOBAL_UNCERTAINTY_ASSIGNED_CONTEXT ( ( #1443 ) ) GLOBAL_UNIT_ASSIGNED_CONTEXT ( ( #1057, #1799, #1274 ) ) REPRESENTATION_CONTEXT ( 'NONE', 'WORKASPACE' ) );
#1301 = VECTOR ( 'NONE', #604, 39.37007874015748143 ) ;
#1302 = CARTESIAN_POINT ( 'NONE',  ( 1.524999999999999911, 1.625000000000000000, 0.000000000000000000 ) ) ;
#1303 = AXIS2_PLACEMENT_3D ( 'NONE', #1740, #652, #514 ) ;
#1304 = VECTOR ( 'NONE', #1725, 39.37007874015748143 ) ;
#1305 = ORIENTED_EDGE ( 'NONE', *, *, #1952, .T. ) ;
#1306 = COLOUR_RGB ( '',0.5019607843137254832, 0.5019607843137254832, 0.5019607843137254832 ) ;
#1307 = FILL_AREA_STYLE ('',( #802 ) ) ;
#1308 = UNCERTAINTY_MEASURE_WITH_UNIT (LENGTH_MEASURE( 1.000000000000000082E-05 ), #1716, 'distance_accuracy_value', 'NONE');
#1309 = ORIENTED_EDGE ( 'NONE', *, *, #1862, .T. ) ;
#1310 = DIMENSIONAL_EXPONENTS ( 1.000000000000000000, 0.000000000000000000, 0.000000000000000000, 0.000000000000000000, 0.000000000000000000, 0.000000000000000000, 0.000000000000000000 ) ;
#1311 =( NAMED_UNIT ( * ) SI_UNIT ( $, .STERADIAN. ) SOLID_ANGLE_UNIT ( ) );
#1312 =( CONVERSION_BASED_UNIT ( 'INCH', #430 ) LENGTH_UNIT ( ) NAMED_UNIT ( #300 ) );
#1313 = ADVANCED_FACE ( 'NONE', ( #907, #37, #2114, #560, #1290, #1974 ), #1316, .F. ) ;
#1314 = ORIENTED_EDGE ( 'NONE', *, *, #1844, .T. ) ;
#1315 = ADVANCED_FACE ( 'NONE', ( #939 ), #1461, .T. ) ;
#1316 = PLANE ( 'NONE',  #1230 ) ;
#1317 = ORIENTED_EDGE ( 'NONE', *, *, #1989, .F. ) ;
#1318 = SURFACE_STYLE_USAGE ( .BOTH. , #2005 ) ;
#1319 = VERTEX_POINT ( 'NONE', #955 ) ;
#1320 = DIMENSIONAL_EXPONENTS ( 1.000000000000000000, 0.000000000000000000, 0.000000000000000000, 0.000000000000000000, 0.000000000000000000, 0.000000000000000000, 0.000000000000000000 ) ;
#1321 = CARTESIAN_POINT ( 'NONE',  ( 0.8500000000000010880, 1.299999999999999600, 0.9071067811865481945 ) ) ;
#1322 = DIRECTION ( 'NONE',  ( 1.000000000000000000, 0.000000000000000000, -0.000000000000000000 ) ) ;
#1323 = SURFACE_STYLE_FILL_AREA ( #984 ) ;
#1324 = FILL_AREA_STYLE ('',( #635 ) ) ;
#1325 = UNCERTAINTY_MEASURE_WITH_UNIT (LENGTH_MEASURE( 1.000000000000000082E-05 ), #1635, 'distance_accuracy_value', 'NONE');
#1326 = ORIENTED_EDGE ( 'NONE', *, *, #2048, .F. ) ;
#1327 = CARTESIAN_POINT ( 'NONE',  ( -1.175000000000000266, -1.300000000000000044, 0.2000000000000000111 ) ) ;
#1328 = CARTESIAN_POINT ( 'NONE',  ( 1.574999999999999956, 1.500000000000000222, 0.4000000000000000222 ) ) ;
#1329 = STYLED_ITEM ( 'NONE', ( #1845 ), #389 ) ;
#1330 = CARTESIAN_POINT ( 'NONE',  ( 1.524999999999999911, -1.524999999999999911, 0.4000000000000000222 ) ) ;
#1331 = PRESENTATION_STYLE_ASSIGNMENT (( #1832 ) ) ;
#1332 = LINE ( 'NONE', #1864, #196 ) ;
#1333 = DIMENSIONAL_EXPONENTS ( 1.000000000000000000, 0.000000000000000000, 0.000000000000000000, 0.000000000000000000, 0.000000000000000000, 0.000000000000000000, 0.000000000000000000 ) ;
#1334 = VECTOR ( 'NONE', #555, 39.37007874015748143 ) ;
#1335 = CIRCLE ( 'NONE', #1238, 1.530000000000000027 ) ;
#1336 = PRESENTATION_LAYER_ASSIGNMENT (  '', '', ( #1239 ) ) ;
#1337 = ORIENTED_EDGE ( 'NONE', *, *, #103, .T. ) ;
#1338 = PRODUCT_RELATED_PRODUCT_CATEGORY ( 'part', '', ( #1381 ) ) ;
#1339 = PRESENTATION_LAYER_ASSIGNMENT (  '', '', ( #1268 ) ) ;
#1340 = SURFACE_SIDE_STYLE ('',( #2226 ) ) ;
#1341 =( NAMED_UNIT ( * ) PLANE_ANGLE_UNIT ( ) SI_UNIT ( $, .RADIAN. ) );
#1342 =( GEOMETRIC_REPRESENTATION_CONTEXT ( 3 ) GLOBAL_UNCERTAINTY_ASSIGNED_CONTEXT ( ( #827 ) ) GLOBAL_UNIT_ASSIGNED_CONTEXT ( ( #1506, #1341, #986 ) ) REPRESENTATION_CONTEXT ( 'NONE', 'WORKASPACE' ) );
#1343 = EDGE_LOOP ( 'NONE', ( #1522, #1422 ) ) ;
#1344 = FILL_AREA_STYLE ('',( #1509 ) ) ;
#1345 = AXIS2_PLACEMENT_3D ( 'NONE', #2104, #1745, #2256 ) ;
#1346 = CARTESIAN_POINT ( 'NONE',  ( -1.322499999999999787, 1.056999999999999940, 0.000000000000000000 ) ) ;
#1347 = LINE ( 'NONE', #1178, #1579 ) ;
#1348 = DIRECTION ( 'NONE',  ( 1.000000000000000000, 0.000000000000000000, 0.000000000000000000 ) ) ;
#1349 = FILL_AREA_STYLE_COLOUR ( '', #1551 ) ;
#1350 = CARTESIAN_POINT ( 'NONE',  ( 1.350000000000000977, 1.299999999999999600, 0.2000000000000000389 ) ) ;
#1351 = ORIENTED_EDGE ( 'NONE', *, *, #30, .T. ) ;
#1352 = DIMENSIONAL_EXPONENTS ( 1.000000000000000000, 0.000000000000000000, 0.000000000000000000, 0.000000000000000000, 0.000000000000000000, 0.000000000000000000, 0.000000000000000000 ) ;
#1353 = CARTESIAN_POINT ( 'NONE',  ( -1.625000000000000000, -1.625000000000000000, 0.000000000000000000 ) ) ;
#1354 = SURFACE_SIDE_STYLE ('',( #961 ) ) ;
#1355 = EDGE_CURVE ( 'NONE', #2036, #613, #2144, .T. ) ;
#1356 = FILL_AREA_STYLE ('',( #2225 ) ) ;
#1357 = LENGTH_MEASURE_WITH_UNIT ( LENGTH_MEASURE( 0.02539999999999999897 ), #338 );
#1358 = LINE ( 'NONE', #1217, #617 ) ;
#1359 = VERTEX_POINT ( 'NONE', #792 ) ;
#1360 = DIRECTION ( 'NONE',  ( 0.000000000000000000, 0.000000000000000000, -1.000000000000000000 ) ) ;
#1361 = ORIENTED_EDGE ( 'NONE', *, *, #1469, .T. ) ;
#1362 = DIMENSIONAL_EXPONENTS ( 1.000000000000000000, 0.000000000000000000, 0.000000000000000000, 0.000000000000000000, 0.000000000000000000, 0.000000000000000000, 0.000000000000000000 ) ;
#1363 = STYLED_ITEM ( 'NONE', ( #877 ), #1289 ) ;
#1364 = AXIS2_PLACEMENT_3D ( 'NONE', #249, #237, #904 ) ;
#1365 = VECTOR ( 'NONE', #1391, 39.37007874015748143 ) ;
#1366 = SURFACE_STYLE_USAGE ( .BOTH. , #1888 ) ;
#1367 = STYLED_ITEM ( 'NONE', ( #1487 ), #1142 ) ;
#1368 = ORIENTED_EDGE ( 'NONE', *, *, #2175, .T. ) ;
#1369 = MECHANICAL_DESIGN_GEOMETRIC_PRESENTATION_REPRESENTATION (  '', ( #1010 ), #1777 ) ;
#1370 = CARTESIAN_POINT ( 'NONE',  ( -1.574999999999999956, -1.500000000000000222, 0.4000000000000000222 ) ) ;
#1371 = DIRECTION ( 'NONE',  ( 0.000000000000000000, 0.000000000000000000, 1.000000000000000000 ) ) ;
#1372 = MECHANICAL_DESIGN_GEOMETRIC_PRESENTATION_REPRESENTATION (  '', ( #615 ), #1342 ) ;
#1373 = ORIENTED_EDGE ( 'NONE', *, *, #1709, .T. ) ;
#1374 = SURFACE_SIDE_STYLE ('',( #679 ) ) ;
#1375 = ADVANCED_FACE ( 'NONE', ( #1483 ), #2169, .F. ) ;
#1376 = SURFACE_STYLE_USAGE ( .BOTH. , #1399 ) ;
#1377 = SURFACE_STYLE_USAGE ( .BOTH. , #2239 ) ;
#1378 = ADVANCED_FACE ( 'NONE', ( #1019 ), #1710, .F. ) ;
#1379 = FILL_AREA_STYLE_COLOUR ( '', #2124 ) ;
#1380 = FILL_AREA_STYLE ('',( #521 ) ) ;
#1381 = PRODUCT ( 'RWR-Bezel_Unfinished', 'RWR-Bezel_Unfinished', '', ( #772 ) ) ;
#1382 = ADVANCED_FACE ( 'NONE', ( #1172 ), #2179, .F. ) ;
#1383 = VERTEX_POINT ( 'NONE', #1093 ) ;
#1384 = VERTEX_POINT ( 'NONE', #1924 ) ;
#1385 = CYLINDRICAL_SURFACE ( 'NONE', #1878, 0.2500000000000000555 ) ;
#1386 = PRESENTATION_STYLE_ASSIGNMENT (( #2250 ) ) ;
#1387 = ORIENTED_EDGE ( 'NONE', *, *, #2148, .F. ) ;
#1388 = DIRECTION ( 'NONE',  ( -0.000000000000000000, -0.000000000000000000, 1.000000000000000000 ) ) ;
#1389 = SURFACE_STYLE_USAGE ( .BOTH. , #158 ) ;
#1390 =( CONVERSION_BASED_UNIT ( 'INCH', #857 ) LENGTH_UNIT ( ) NAMED_UNIT ( #222 ) );
#1391 = DIRECTION ( 'NONE',  ( -0.000000000000000000, -0.000000000000000000, -1.000000000000000000 ) ) ;
#1392 = DIRECTION ( 'NONE',  ( 1.000000000000000000, 0.000000000000000000, -0.000000000000000000 ) ) ;
#1393 = ORIENTED_EDGE ( 'NONE', *, *, #744, .F. ) ;
#1394 = ORIENTED_EDGE ( 'NONE', *, *, #1874, .T. ) ;
#1395 = CIRCLE ( 'NONE', #593, 1.409999999999999920 ) ;
#1396 = CARTESIAN_POINT ( 'NONE',  ( 1.574999999999999956, 1.500000000000000222, 0.000000000000000000 ) ) ;
#1397 = ORIENTED_EDGE ( 'NONE', *, *, #2212, .F. ) ;
#1398 = CARTESIAN_POINT ( 'NONE',  ( -1.524999999999999911, 1.524999999999999911, 0.4000000000000000222 ) ) ;
#1399 = SURFACE_SIDE_STYLE ('',( #693 ) ) ;
#1400 =( NAMED_UNIT ( * ) PLANE_ANGLE_UNIT ( ) SI_UNIT ( $, .RADIAN. ) );
#1401 = DIRECTION ( 'NONE',  ( 0.000000000000000000, 0.000000000000000000, -1.000000000000000000 ) ) ;
#1402 = CARTESIAN_POINT ( 'NONE',  ( 0.000000000000000000, 0.000000000000000000, 0.2800000000000000266 ) ) ;
#1403 =( GEOMETRIC_REPRESENTATION_CONTEXT ( 3 ) GLOBAL_UNCERTAINTY_ASSIGNED_CONTEXT ( ( #1308 ) ) GLOBAL_UNIT_ASSIGNED_CONTEXT ( ( #1716, #996, #1210 ) ) REPRESENTATION_CONTEXT ( 'NONE', 'WORKASPACE' ) );
#1404 = COLOUR_RGB ( '',0.3882352941176470673, 0.8588235294117646523, 0.3882352941176470673 ) ;
#1405 = ORIENTED_EDGE ( 'NONE', *, *, #810, .T. ) ;
#1406 = EDGE_LOOP ( 'NONE', ( #1718, #275, #951, #1622 ) ) ;
#1407 = PRESENTATION_LAYER_ASSIGNMENT (  '', '', ( #137 ) ) ;
#1408 = CIRCLE ( 'NONE', #2238, 0.2499999999999999167 ) ;
#1409 = DIRECTION ( 'NONE',  ( -1.000000000000000000, 0.000000000000000000, 0.000000000000000000 ) ) ;
#1410 =( NAMED_UNIT ( * ) SI_UNIT ( $, .STERADIAN. ) SOLID_ANGLE_UNIT ( ) );
#1411 = AXIS2_PLACEMENT_3D ( 'NONE', #1398, #692, #2083 ) ;
#1412 = ORIENTED_EDGE ( 'NONE', *, *, #30, .F. ) ;
#1413 =( GEOMETRIC_REPRESENTATION_CONTEXT ( 3 ) GLOBAL_UNCERTAINTY_ASSIGNED_CONTEXT ( ( #266 ) ) GLOBAL_UNIT_ASSIGNED_CONTEXT ( ( #2200, #838, #2040 ) ) REPRESENTATION_CONTEXT ( 'NONE', 'WORKASPACE' ) );
#1414 = SURFACE_STYLE_USAGE ( .BOTH. , #2100 ) ;
#1415 = CIRCLE ( 'NONE', #175, 0.07500000000000002498 ) ;
#1416 = EDGE_CURVE ( 'NONE', #328, #415, #732, .T. ) ;
#1417 = SURFACE_STYLE_FILL_AREA ( #1058 ) ;
#1418 = PRESENTATION_STYLE_ASSIGNMENT (( #1425 ) ) ;
#1419 = LINE ( 'NONE', #198, #1005 ) ;
#1420 = VERTEX_POINT ( 'NONE', #1428 ) ;
#1421 = DIRECTION ( 'NONE',  ( 0.000000000000000000, 0.000000000000000000, 1.000000000000000000 ) ) ;
#1422 = ORIENTED_EDGE ( 'NONE', *, *, #278, .T. ) ;
#1423 = DIMENSIONAL_EXPONENTS ( 1.000000000000000000, 0.000000000000000000, 0.000000000000000000, 0.000000000000000000, 0.000000000000000000, 0.000000000000000000, 0.000000000000000000 ) ;
#1424 = CARTESIAN_POINT ( 'NONE',  ( -1.425000000000000266, 1.500000000000000222, 0.4000000000000000222 ) ) ;
#1425 = SURFACE_STYLE_USAGE ( .BOTH. , #738 ) ;
#1426 = EDGE_CURVE ( 'NONE', #2219, #553, #1419, .T. ) ;
#1427 =( LENGTH_UNIT ( ) NAMED_UNIT ( * ) SI_UNIT ( $, .METRE. ) );
#1428 = CARTESIAN_POINT ( 'NONE',  ( -1.625000000000000000, -1.524999999999999911, 0.4000000000000000222 ) ) ;
#1429 = DIRECTION ( 'NONE',  ( 0.000000000000000000, 1.000000000000000000, 0.000000000000000000 ) ) ;
#1430 = LENGTH_MEASURE_WITH_UNIT ( LENGTH_MEASURE( 0.02539999999999999897 ), #1749 );
#1431 = ORIENTED_EDGE ( 'NONE', *, *, #1542, .T. ) ;
#1432 = SURFACE_STYLE_USAGE ( .BOTH. , #31 ) ;
#1433 = LINE ( 'NONE', #2118, #1334 ) ;
#1434 = FILL_AREA_STYLE ('',( #441 ) ) ;
#1435 = STYLED_ITEM ( 'NONE', ( #518 ), #178 ) ;
#1436 = DIRECTION ( 'NONE',  ( -0.000000000000000000, -0.000000000000000000, 1.000000000000000000 ) ) ;
#1437 = FILL_AREA_STYLE ('',( #413 ) ) ;
#1438 = FILL_AREA_STYLE_COLOUR ( '', #481 ) ;
#1439 = CIRCLE ( 'NONE', #778, 0.07499999999999988620 ) ;
#1440 = FILL_AREA_STYLE_COLOUR ( '', #683 ) ;
#1441 = CARTESIAN_POINT ( 'NONE',  ( -1.322499999999999787, 1.056999999999999940, 0.2000000000000000389 ) ) ;
#1442 = CIRCLE ( 'NONE', #929, 1.530000000000000027 ) ;
#1443 = UNCERTAINTY_MEASURE_WITH_UNIT (LENGTH_MEASURE( 1.000000000000000082E-05 ), #1057, 'distance_accuracy_value', 'NONE');
#1444 = ORIENTED_EDGE ( 'NONE', *, *, #1176, .T. ) ;
#1445 = VECTOR ( 'NONE', #697, 39.37007874015748143 ) ;
#1446 = CIRCLE ( 'NONE', #967, 0.2500000000000002220 ) ;
#1447 = CARTESIAN_POINT ( 'NONE',  ( 0.8516833599552934286, 1.271037156960907355, 0.1000000000000000194 ) ) ;
#1448 = COLOUR_RGB ( '',0.5019607843137254832, 0.5019607843137254832, 0.5019607843137254832 ) ;
#1449 =( GEOMETRIC_REPRESENTATION_CONTEXT ( 3 ) GLOBAL_UNCERTAINTY_ASSIGNED_CONTEXT ( ( #1856 ) ) GLOBAL_UNIT_ASSIGNED_CONTEXT ( ( #233, #1610, #1652 ) ) REPRESENTATION_CONTEXT ( 'NONE', 'WORKASPACE' ) );
#1450 = FILL_AREA_STYLE_COLOUR ( '', #1763 ) ;
#1451 =( LENGTH_UNIT ( ) NAMED_UNIT ( * ) SI_UNIT ( $, .METRE. ) );
#1452 = AXIS2_PLACEMENT_3D ( 'NONE', #1675, #1686, #144 ) ;
#1453 = EDGE_CURVE ( 'NONE', #1384, #1909, #379, .T. ) ;
#1454 = EDGE_LOOP ( 'NONE', ( #2251, #1714 ) ) ;
#1455 = SURFACE_STYLE_FILL_AREA ( #1976 ) ;
#1456 = EDGE_LOOP ( 'NONE', ( #1876, #1741, #1102, #1223 ) ) ;
#1457 = FILL_AREA_STYLE_COLOUR ( '', #1627 ) ;
#1458 = ORIENTED_EDGE ( 'NONE', *, *, #128, .F. ) ;
#1459 =( NAMED_UNIT ( * ) PLANE_ANGLE_UNIT ( ) SI_UNIT ( $, .RADIAN. ) );
#1460 = CARTESIAN_POINT ( 'NONE',  ( 0.000000000000000000, 0.000000000000000000, 0.000000000000000000 ) ) ;
#1461 = CYLINDRICAL_SURFACE ( 'NONE', #1731, 1.399999999999999911 ) ;
#1462 = UNCERTAINTY_MEASURE_WITH_UNIT (LENGTH_MEASURE( 1.000000000000000082E-05 ), #1614, 'distance_accuracy_value', 'NONE');
#1463 = VERTEX_POINT ( 'NONE', #1560 ) ;
#1464 = DIRECTION ( 'NONE',  ( -1.000000000000000000, 0.000000000000000000, 0.000000000000000000 ) ) ;
#1465 = DIRECTION ( 'NONE',  ( 0.000000000000000000, 0.000000000000000000, -1.000000000000000000 ) ) ;
#1466 =( NAMED_UNIT ( * ) SI_UNIT ( $, .STERADIAN. ) SOLID_ANGLE_UNIT ( ) );
#1467 = CYLINDRICAL_SURFACE ( 'NONE', #124, 0.07499999999999988620 ) ;
#1468 = LENGTH_MEASURE_WITH_UNIT ( LENGTH_MEASURE( 0.02539999999999999897 ), #956 );
#1469 = EDGE_CURVE ( 'NONE', #1359, #1463, #368, .T. ) ;
#1470 = ORIENTED_EDGE ( 'NONE', *, *, #930, .F. ) ;
#1471 = AXIS2_PLACEMENT_3D ( 'NONE', #491, #1028, #1185 ) ;
#1472 = CARTESIAN_POINT ( 'NONE',  ( -1.530000000000000027, 0.000000000000000000, 0.2000000000000000111 ) ) ;
#1473 = CIRCLE ( 'NONE', #1768, 0.1000000000000000194 ) ;
#1474 = EDGE_CURVE ( 'NONE', #1531, #438, #552, .T. ) ;
#1475 = AXIS2_PLACEMENT_3D ( 'NONE', #528, #2199, #1830 ) ;
#1476 = FACE_OUTER_BOUND ( 'NONE', #1712, .T. ) ;
#1477 = AXIS2_PLACEMENT_3D ( 'NONE', #1286, #1465, #630 ) ;
#1478 = VECTOR ( 'NONE', #82, 39.37007874015748143 ) ;
#1479 = PRESENTATION_STYLE_ASSIGNMENT (( #86 ) ) ;
#1480 = PRESENTATION_LAYER_ASSIGNMENT (  '', '', ( #1592 ) ) ;
#1481 = EDGE_LOOP ( 'NONE', ( #1317, #1444, #2181, #1519 ) ) ;
#1482 =( GEOMETRIC_REPRESENTATION_CONTEXT ( 3 ) GLOBAL_UNCERTAINTY_ASSIGNED_CONTEXT ( ( #1606 ) ) GLOBAL_UNIT_ASSIGNED_CONTEXT ( ( #1605, #2123, #1735 ) ) REPRESENTATION_CONTEXT ( 'NONE', 'WORKASPACE' ) );
#1483 = FACE_OUTER_BOUND ( 'NONE', #866, .T. ) ;
#1484 = UNCERTAINTY_MEASURE_WITH_UNIT (LENGTH_MEASURE( 1.000000000000000082E-05 ), #2214, 'distance_accuracy_value', 'NONE');
#1485 = ORIENTED_EDGE ( 'NONE', *, *, #1844, .F. ) ;
#1486 = EDGE_CURVE ( 'NONE', #1750, #1822, #1243, .T. ) ;
#1487 = PRESENTATION_STYLE_ASSIGNMENT (( #942 ) ) ;
#1488 = PRESENTATION_STYLE_ASSIGNMENT (( #952 ) ) ;
#1489 = DIRECTION ( 'NONE',  ( 1.000000000000000000, 0.000000000000000000, 0.000000000000000000 ) ) ;
#1490 = FACE_OUTER_BOUND ( 'NONE', #1508, .T. ) ;
#1491 = DIRECTION ( 'NONE',  ( 1.000000000000000000, 0.000000000000000000, 0.000000000000000000 ) ) ;
#1492 = PLANE ( 'NONE',  #566 ) ;
#1493 =( LENGTH_UNIT ( ) NAMED_UNIT ( * ) SI_UNIT ( $, .METRE. ) );
#1494 = FACE_OUTER_BOUND ( 'NONE', #404, .T. ) ;
#1495 =( NAMED_UNIT ( * ) SI_UNIT ( $, .STERADIAN. ) SOLID_ANGLE_UNIT ( ) );
#1496 = EDGE_CURVE ( 'NONE', #1420, #1870, #1473, .T. ) ;
#1497 = EDGE_LOOP ( 'NONE', ( #515, #1996 ) ) ;
#1498 = DIRECTION ( 'NONE',  ( -1.000000000000000000, 0.000000000000000000, 0.000000000000000000 ) ) ;
#1499 =( NAMED_UNIT ( * ) PLANE_ANGLE_UNIT ( ) SI_UNIT ( $, .RADIAN. ) );
#1500 = CYLINDRICAL_SURFACE ( 'NONE', #2056, 1.530000000000000027 ) ;
#1501 =( CONVERSION_BASED_UNIT ( 'INCH', #1669 ) LENGTH_UNIT ( ) NAMED_UNIT ( #743 ) );
#1502 = CARTESIAN_POINT ( 'NONE',  ( -1.425000000000000266, -1.500000000000000222, 0.000000000000000000 ) ) ;
#1503 = FACE_OUTER_BOUND ( 'NONE', #581, .T. ) ;
#1504 = LENGTH_MEASURE_WITH_UNIT ( LENGTH_MEASURE( 0.02539999999999999897 ), #1720 );
#1505 = DIRECTION ( 'NONE',  ( 0.000000000000000000, 0.000000000000000000, 1.000000000000000000 ) ) ;
#1506 =( CONVERSION_BASED_UNIT ( 'INCH', #645 ) LENGTH_UNIT ( ) NAMED_UNIT ( #310 ) );
#1507 = UNCERTAINTY_MEASURE_WITH_UNIT (LENGTH_MEASURE( 1.000000000000000082E-05 ), #1235, 'distance_accuracy_value', 'NONE');
#1508 = EDGE_LOOP ( 'NONE', ( #1171, #1676, #1819, #96 ) ) ;
#1509 = FILL_AREA_STYLE_COLOUR ( '', #1075 ) ;
#1510 = LENGTH_MEASURE_WITH_UNIT ( LENGTH_MEASURE( 0.02539999999999999897 ), #806 );
#1511 = DIRECTION ( 'NONE',  ( 1.000000000000000000, 0.000000000000000000, 0.000000000000000000 ) ) ;
#1512 = CARTESIAN_POINT ( 'NONE',  ( -1.100000000000000089, -1.300000000000000044, 0.000000000000000000 ) ) ;
#1513 = STYLED_ITEM ( 'NONE', ( #974 ), #1315 ) ;
#1514 = CARTESIAN_POINT ( 'NONE',  ( -1.112537329699879729, -1.050314567177024427, 0.2000000000000000389 ) ) ;
#1515 =( CONVERSION_BASED_UNIT ( 'INCH', #1504 ) LENGTH_UNIT ( ) NAMED_UNIT ( #200 ) );
#1516 = AXIS2_PLACEMENT_3D ( 'NONE', #556, #228, #914 ) ;
#1517 = STYLED_ITEM ( 'NONE', ( #1488 ), #1787 ) ;
#1518 = AXIS2_PLACEMENT_3D ( 'NONE', #911, #1097, #737 ) ;
#1519 = ORIENTED_EDGE ( 'NONE', *, *, #1542, .F. ) ;
#1521 = AXIS2_PLACEMENT_3D ( 'NONE', #397, #14, #1252 ) ;
#1520 = COLOUR_RGB ( '',0.5019607843137254832, 0.5019607843137254832, 0.5019607843137254832 ) ;
#1522 = ORIENTED_EDGE ( 'NONE', *, *, #25, .T. ) ;
#1523 = SURFACE_SIDE_STYLE ('',( #311 ) ) ;
#1524 = EDGE_CURVE ( 'NONE', #7, #1746, #1216, .T. ) ;
#1525 = CARTESIAN_POINT ( 'NONE',  ( 1.500000000000000222, -1.500000000000000222, 0.000000000000000000 ) ) ;
#1526 =( NAMED_UNIT ( * ) SI_UNIT ( $, .STERADIAN. ) SOLID_ANGLE_UNIT ( ) );
#1527 = DIMENSIONAL_EXPONENTS ( 1.000000000000000000, 0.000000000000000000, 0.000000000000000000, 0.000000000000000000, 0.000000000000000000, 0.000000000000000000, 0.000000000000000000 ) ;
#1528 = CYLINDRICAL_SURFACE ( 'NONE', #1914, 0.07499999999999988620 ) ;
#1529 =( NAMED_UNIT ( * ) SI_UNIT ( $, .STERADIAN. ) SOLID_ANGLE_UNIT ( ) );
#1530 = EDGE_LOOP ( 'NONE', ( #1796, #188, #1736, #1893 ) ) ;
#1531 = VERTEX_POINT ( 'NONE', #350 ) ;
#1532 = LINE ( 'NONE', #864, #728 ) ;
#1533 = VERTEX_POINT ( 'NONE', #704 ) ;
#1534 =( CONVERSION_BASED_UNIT ( 'INCH', #1357 ) LENGTH_UNIT ( ) NAMED_UNIT ( #611 ) );
#1535 = DIRECTION ( 'NONE',  ( -0.000000000000000000, 0.000000000000000000, -1.000000000000000000 ) ) ;
#1536 = PRESENTATION_LAYER_ASSIGNMENT (  '', '', ( #678 ) ) ;
#1537 = EDGE_LOOP ( 'NONE', ( #1055, #79, #1557, #1405 ) ) ;
#1538 = EDGE_LOOP ( 'NONE', ( #1305, #834 ) ) ;
#1539 = SURFACE_STYLE_USAGE ( .BOTH. , #1523 ) ;
#1540 = ORIENTED_EDGE ( 'NONE', *, *, #1453, .T. ) ;
#1541 = CARTESIAN_POINT ( 'NONE',  ( 1.375000000000000000, 0.000000000000000000, 0.4000000000000000222 ) ) ;
#1542 = EDGE_CURVE ( 'NONE', #1563, #1703, #2077, .T. ) ;
#1543 = AXIS2_PLACEMENT_3D ( 'NONE', #899, #2240, #1050 ) ;
#1544 = SURFACE_STYLE_FILL_AREA ( #1067 ) ;
#1545 = VECTOR ( 'NONE', #1429, 39.37007874015748143 ) ;
#1546 = EDGE_CURVE ( 'NONE', #553, #1319, #862, .T. ) ;
#1547 = AXIS2_PLACEMENT_3D ( 'NONE', #682, #307, #159 ) ;
#1548 = COLOUR_RGB ( '',0.5019607843137254832, 0.5019607843137254832, 0.5019607843137254832 ) ;
#1549 =( NAMED_UNIT ( * ) SI_UNIT ( $, .STERADIAN. ) SOLID_ANGLE_UNIT ( ) );
#1550 = PLANE ( 'NONE',  #538 ) ;
#1551 = COLOUR_RGB ( '',0.5019607843137254832, 0.5019607843137254832, 0.5019607843137254832 ) ;
#1552 = ORIENTED_EDGE ( 'NONE', *, *, #1855, .F. ) ;
#1553 = AXIS2_PLACEMENT_3D ( 'NONE', #997, #918, #2115 ) ;
#1554 = DIRECTION ( 'NONE',  ( 1.000000000000000000, 0.000000000000000000, 0.000000000000000000 ) ) ;
#1555 = SURFACE_STYLE_FILL_AREA ( #853 ) ;
#1556 = CIRCLE ( 'NONE', #1919, 0.07499999999999988620 ) ;
#1557 = ORIENTED_EDGE ( 'NONE', *, *, #1524, .T. ) ;
#1558 = EDGE_CURVE ( 'NONE', #29, #1245, #1254, .T. ) ;
#1559 =( LENGTH_UNIT ( ) NAMED_UNIT ( * ) SI_UNIT ( $, .METRE. ) );
#1560 = CARTESIAN_POINT ( 'NONE',  ( 1.425000000000000266, -1.500000000000000222, 0.4000000000000000222 ) ) ;
#1561 = VERTEX_POINT ( 'NONE', #1767 ) ;
#1562 = ORIENTED_EDGE ( 'NONE', *, *, #1923, .F. ) ;
#1563 = VERTEX_POINT ( 'NONE', #905 ) ;
#1564 = FILL_AREA_STYLE ('',( #880 ) ) ;
#1565 = CYLINDRICAL_SURFACE ( 'NONE', #2235, 1.399999999999999911 ) ;
#1566 = PRESENTATION_STYLE_ASSIGNMENT (( #386 ) ) ;
#1567 = EDGE_CURVE ( 'NONE', #1383, #353, #755, .T. ) ;
#1568 = CARTESIAN_POINT ( 'NONE',  ( -1.409999999999999476, -5.463695987328526437E-16, 4.388082245892126920 ) ) ;
#1569 = ORIENTED_EDGE ( 'NONE', *, *, #658, .F. ) ;
#1570 = SURFACE_STYLE_FILL_AREA ( #887 ) ;
#1571 = EDGE_CURVE ( 'NONE', #156, #1703, #2053, .T. ) ;
#1572 =( CONVERSION_BASED_UNIT ( 'INCH', #1430 ) LENGTH_UNIT ( ) NAMED_UNIT ( #1527 ) );
#1573 = ORIENTED_EDGE ( 'NONE', *, *, #1150, .F. ) ;
#1574 =( LENGTH_UNIT ( ) NAMED_UNIT ( * ) SI_UNIT ( $, .METRE. ) );
#1575 = FILL_AREA_STYLE ('',( #1457 ) ) ;
#1576 = CARTESIAN_POINT ( 'NONE',  ( 0.000000000000000000, 0.000000000000000000, 0.2000000000000000111 ) ) ;
#1577 = CARTESIAN_POINT ( 'NONE',  ( 1.025000000000001021, 1.299999999999999600, 0.4000000000000000222 ) ) ;
#1578 = MECHANICAL_DESIGN_GEOMETRIC_PRESENTATION_REPRESENTATION (  '', ( #820 ), #1403 ) ;
#1579 = VECTOR ( 'NONE', #1871, 39.37007874015748143 ) ;
#1580 = CARTESIAN_POINT ( 'NONE',  ( 1.350000000000000977, 1.299999999999999600, 0.9071067811865481945 ) ) ;
#1581 = CARTESIAN_POINT ( 'NONE',  ( -1.100000000000000089, -1.300000000000000044, 0.2000000000000000111 ) ) ;
#1582 = MECHANICAL_DESIGN_GEOMETRIC_PRESENTATION_REPRESENTATION (  '', ( #1620 ), #1882 ) ;
#1583 = ORIENTED_EDGE ( 'NONE', *, *, #2112, .T. ) ;
#1584 = CIRCLE ( 'NONE', #788, 0.07499999999999988620 ) ;
#1585 = MECHANICAL_DESIGN_GEOMETRIC_PRESENTATION_REPRESENTATION (  '', ( #1160 ), #1413 ) ;
#1586 =( NAMED_UNIT ( * ) SI_UNIT ( $, .STERADIAN. ) SOLID_ANGLE_UNIT ( ) );
#1587 = CIRCLE ( 'NONE', #973, 0.07499999999999988620 ) ;
#1588 = ORIENTED_EDGE ( 'NONE', *, *, #1176, .F. ) ;
#1589 = ADVANCED_FACE ( 'NONE', ( #402 ), #1550, .F. ) ;
#1590 = FACE_OUTER_BOUND ( 'NONE', #1198, .T. ) ;
#1591 = AXIS2_PLACEMENT_3D ( 'NONE', #698, #151, #1721 ) ;
#1592 = STYLED_ITEM ( 'NONE', ( #220 ), #2060 ) ;
#1593 = DIRECTION ( 'NONE',  ( 1.000000000000000000, 0.000000000000000000, 0.000000000000000000 ) ) ;
#1594 = DIRECTION ( 'NONE',  ( 1.000000000000000000, 0.000000000000000000, 0.000000000000000000 ) ) ;
#1595 =( NAMED_UNIT ( * ) PLANE_ANGLE_UNIT ( ) SI_UNIT ( $, .RADIAN. ) );
#1596 =( LENGTH_UNIT ( ) NAMED_UNIT ( * ) SI_UNIT ( $, .METRE. ) );
#1597 =( LENGTH_UNIT ( ) NAMED_UNIT ( * ) SI_UNIT ( $, .METRE. ) );
#1598 = ORIENTED_EDGE ( 'NONE', *, *, #440, .F. ) ;
#1599 = FACE_OUTER_BOUND ( 'NONE', #329, .T. ) ;
#1600 = DIRECTION ( 'NONE',  ( -0.000000000000000000, 0.000000000000000000, -1.000000000000000000 ) ) ;
#1601 =( NAMED_UNIT ( * ) PLANE_ANGLE_UNIT ( ) SI_UNIT ( $, .RADIAN. ) );
#1602 = DIRECTION ( 'NONE',  ( 1.000000000000000000, 0.000000000000000000, 0.000000000000000000 ) ) ;
#1603 = CARTESIAN_POINT ( 'NONE',  ( 1.112537329699880839, 1.050314567177024205, 0.2000000000000000389 ) ) ;
#1604 = DIRECTION ( 'NONE',  ( -0.000000000000000000, -0.000000000000000000, -1.000000000000000000 ) ) ;
#1605 =( CONVERSION_BASED_UNIT ( 'INCH', #24 ) LENGTH_UNIT ( ) NAMED_UNIT ( #474 ) );
#1606 = UNCERTAINTY_MEASURE_WITH_UNIT (LENGTH_MEASURE( 1.000000000000000082E-05 ), #1605, 'distance_accuracy_value', 'NONE');
#1607 = ORIENTED_EDGE ( 'NONE', *, *, #680, .T. ) ;
#1608 = ADVANCED_FACE ( 'NONE', ( #923 ), #915, .F. ) ;
#1609 = CARTESIAN_POINT ( 'NONE',  ( -1.375000000000000000, 1.683889348827610506E-16, 0.4000000000000000222 ) ) ;
#1610 =( NAMED_UNIT ( * ) PLANE_ANGLE_UNIT ( ) SI_UNIT ( $, .RADIAN. ) );
#1611 = AXIS2_PLACEMENT_3D ( 'NONE', #527, #1228, #659 ) ;
#1612 = LINE ( 'NONE', #51, #1189 ) ;
#1613 = EDGE_CURVE ( 'NONE', #718, #876, #1584, .T. ) ;
#1614 =( CONVERSION_BASED_UNIT ( 'INCH', #1755 ) LENGTH_UNIT ( ) NAMED_UNIT ( #324 ) );
#1615 = ADVANCED_FACE ( 'NONE', ( #252 ), #2151, .F. ) ;
#1616 = SURFACE_STYLE_FILL_AREA ( #1437 ) ;
#1617 = PRESENTATION_LAYER_ASSIGNMENT (  '', '', ( #1329 ) ) ;
#1618 = LENGTH_MEASURE_WITH_UNIT ( LENGTH_MEASURE( 0.02539999999999999897 ), #240 );
#1619 =( LENGTH_UNIT ( ) NAMED_UNIT ( * ) SI_UNIT ( $, .METRE. ) );
#1620 = STYLED_ITEM ( 'NONE', ( #2172 ), #597 ) ;
#1621 = UNCERTAINTY_MEASURE_WITH_UNIT (LENGTH_MEASURE( 1.000000000000000082E-05 ), #1754, 'distance_accuracy_value', 'NONE');
#1622 = ORIENTED_EDGE ( 'NONE', *, *, #1122, .T. ) ;
#1623 =( GEOMETRIC_REPRESENTATION_CONTEXT ( 3 ) GLOBAL_UNCERTAINTY_ASSIGNED_CONTEXT ( ( #95 ) ) GLOBAL_UNIT_ASSIGNED_CONTEXT ( ( #758, #801, #1270 ) ) REPRESENTATION_CONTEXT ( 'NONE', 'WORKASPACE' ) );
#1624 = AXIS2_PLACEMENT_3D ( 'NONE', #770, #1681, #798 ) ;
#1625 = DIRECTION ( 'NONE',  ( 0.000000000000000000, 0.000000000000000000, -1.000000000000000000 ) ) ;
#1626 = DIRECTION ( 'NONE',  ( -0.000000000000000000, -0.000000000000000000, 1.000000000000000000 ) ) ;
#1627 = COLOUR_RGB ( '',0.5019607843137254832, 0.5019607843137254832, 0.5019607843137254832 ) ;
#1628 = AXIS2_PLACEMENT_3D ( 'NONE', #1512, #1388, #1205 ) ;
#1629 = MECHANICAL_DESIGN_GEOMETRIC_PRESENTATION_REPRESENTATION (  '', ( #1850 ), #1917 ) ;
#1630 = PRESENTATION_STYLE_ASSIGNMENT (( #932 ) ) ;
#1631 = STYLED_ITEM ( 'NONE', ( #1889 ), #2224 ) ;
#1632 = AXIS2_PLACEMENT_3D ( 'NONE', #2143, #595, #1279 ) ;
#1633 =( LENGTH_UNIT ( ) NAMED_UNIT ( * ) SI_UNIT ( $, .METRE. ) );
#1634 = FILL_AREA_STYLE_COLOUR ( '', #565 ) ;
#1635 =( CONVERSION_BASED_UNIT ( 'INCH', #1113 ) LENGTH_UNIT ( ) NAMED_UNIT ( #629 ) );
#1636 = DIRECTION ( 'NONE',  ( 0.000000000000000000, 0.000000000000000000, 1.000000000000000000 ) ) ;
#1637 = SURFACE_STYLE_USAGE ( .BOTH. , #1658 ) ;
#1638 = EDGE_CURVE ( 'NONE', #1822, #1907, #970, .T. ) ;
#1639 = SURFACE_STYLE_USAGE ( .BOTH. , #947 ) ;
#1640 = CARTESIAN_POINT ( 'NONE',  ( 1.100000000000000977, 1.299999999999999600, 0.9071067811865481945 ) ) ;
#1641 = UNCERTAINTY_MEASURE_WITH_UNIT (LENGTH_MEASURE( 1.000000000000000082E-05 ), #1841, 'distance_accuracy_value', 'NONE');
#1642 = ORIENTED_EDGE ( 'NONE', *, *, #651, .F. ) ;
#1643 = CYLINDRICAL_SURFACE ( 'NONE', #791, 0.2500000000000002220 ) ;
#1644 = CARTESIAN_POINT ( 'NONE',  ( -1.399999999999999911, 1.714505518806294391E-16, 0.2000000000000000111 ) ) ;
#1645 = SURFACE_SIDE_STYLE ('',( #936 ) ) ;
#1646 = DIMENSIONAL_EXPONENTS ( 1.000000000000000000, 0.000000000000000000, 0.000000000000000000, 0.000000000000000000, 0.000000000000000000, 0.000000000000000000, 0.000000000000000000 ) ;
#1647 = VERTEX_POINT ( 'NONE', #1541 ) ;
#1648 = CARTESIAN_POINT ( 'NONE',  ( 1.574999999999999956, 1.500000000000000222, 0.000000000000000000 ) ) ;
#1649 =( GEOMETRIC_REPRESENTATION_CONTEXT ( 3 ) GLOBAL_UNCERTAINTY_ASSIGNED_CONTEXT ( ( #627 ) ) GLOBAL_UNIT_ASSIGNED_CONTEXT ( ( #1390, #2075, #1227 ) ) REPRESENTATION_CONTEXT ( 'NONE', 'WORKASPACE' ) );
#1650 = EDGE_LOOP ( 'NONE', ( #1890, #177 ) ) ;
#1651 =( GEOMETRIC_REPRESENTATION_CONTEXT ( 3 ) GLOBAL_UNCERTAINTY_ASSIGNED_CONTEXT ( ( #1146 ) ) GLOBAL_UNIT_ASSIGNED_CONTEXT ( ( #189, #917, #1586 ) ) REPRESENTATION_CONTEXT ( 'NONE', 'WORKASPACE' ) );
#1652 =( NAMED_UNIT ( * ) SI_UNIT ( $, .STERADIAN. ) SOLID_ANGLE_UNIT ( ) );
#1653 = LINE ( 'NONE', #2184, #2129 ) ;
#1654 = AXIS2_PLACEMENT_3D ( 'NONE', #1330, #1821, #1831 ) ;
#1655 = EDGE_CURVE ( 'NONE', #1030, #1909, #2055, .T. ) ;
#1656 = FACE_BOUND ( 'NONE', #958, .T. ) ;
#1657 = SURFACE_SIDE_STYLE ('',( #962 ) ) ;
#1658 = SURFACE_SIDE_STYLE ('',( #817 ) ) ;
#1659 = STYLED_ITEM ( 'NONE', ( #1479 ), #1615 ) ;
#1660 = PRESENTATION_LAYER_ASSIGNMENT (  '', '', ( #1367 ) ) ;
#1661 = SURFACE_STYLE_USAGE ( .BOTH. , #966 ) ;
#1662 = CIRCLE ( 'NONE', #479, 1.399999999999999911 ) ;
#1663 = LINE ( 'NONE', #265, #785 ) ;
#1664 = FILL_AREA_STYLE_COLOUR ( '', #250 ) ;
#1665 = LINE ( 'NONE', #2180, #2132 ) ;
#1666 = ORIENTED_EDGE ( 'NONE', *, *, #1220, .T. ) ;
#1667 = DIRECTION ( 'NONE',  ( -1.000000000000000000, 0.000000000000000000, 0.000000000000000000 ) ) ;
#1668 = DIRECTION ( 'NONE',  ( 0.000000000000000000, 0.000000000000000000, -1.000000000000000000 ) ) ;
#1669 = LENGTH_MEASURE_WITH_UNIT ( LENGTH_MEASURE( 0.02539999999999999897 ), #1000 );
#1670 = FILL_AREA_STYLE_COLOUR ( '', #1548 ) ;
#1671 = DIRECTION ( 'NONE',  ( 1.000000000000000000, 0.000000000000000000, 0.000000000000000000 ) ) ;
#1672 = PRESENTATION_STYLE_ASSIGNMENT (( #1161 ) ) ;
#1673 = ORIENTED_EDGE ( 'NONE', *, *, #508, .F. ) ;
#1674 = SURFACE_STYLE_FILL_AREA ( #1324 ) ;
#1675 = CARTESIAN_POINT ( 'NONE',  ( 1.365923996832131609E-16, -5.463695987328526437E-16, 4.388082245892126920 ) ) ;
#1676 = ORIENTED_EDGE ( 'NONE', *, *, #676, .T. ) ;
#1677 =( NAMED_UNIT ( * ) SI_UNIT ( $, .STERADIAN. ) SOLID_ANGLE_UNIT ( ) );
#1678 = DIRECTION ( 'NONE',  ( 0.000000000000000000, -0.000000000000000000, 1.000000000000000000 ) ) ;
#1679 = FILL_AREA_STYLE_COLOUR ( '', #2052 ) ;
#1680 = DIMENSIONAL_EXPONENTS ( 1.000000000000000000, 0.000000000000000000, 0.000000000000000000, 0.000000000000000000, 0.000000000000000000, 0.000000000000000000, 0.000000000000000000 ) ;
#1681 = DIRECTION ( 'NONE',  ( 0.000000000000000000, 0.000000000000000000, 1.000000000000000000 ) ) ;
#1682 = ADVANCED_FACE ( 'NONE', ( #482 ), #110, .T. ) ;
#1683 = DIRECTION ( 'NONE',  ( 0.000000000000000000, 0.000000000000000000, 1.000000000000000000 ) ) ;
#1684 = ADVANCED_FACE ( 'NONE', ( #2176 ), #537, .F. ) ;
#1685 = FACE_OUTER_BOUND ( 'NONE', #407, .T. ) ;
#1686 = DIRECTION ( 'NONE',  ( -0.000000000000000000, -0.000000000000000000, -1.000000000000000000 ) ) ;
#1687 = UNCERTAINTY_MEASURE_WITH_UNIT (LENGTH_MEASURE( 1.000000000000000082E-05 ), #73, 'distance_accuracy_value', 'NONE');
#1688 = VERTEX_POINT ( 'NONE', #912 ) ;
#1689 = CYLINDRICAL_SURFACE ( 'NONE', #781, 1.409999999999999476 ) ;
#1690 = EDGE_CURVE ( 'NONE', #1383, #1750, #1433, .T. ) ;
#1691 = EDGE_LOOP ( 'NONE', ( #289, #321, #1062, #714 ) ) ;
#1692 = MECHANICAL_DESIGN_GEOMETRIC_PRESENTATION_REPRESENTATION (  '', ( #431 ), #393 ) ;
#1693 = FILL_AREA_STYLE ('',( #1047 ) ) ;
#1694 = MECHANICAL_DESIGN_GEOMETRIC_PRESENTATION_REPRESENTATION (  '', ( #1363 ), #466 ) ;
#1695 = SURFACE_STYLE_USAGE ( .BOTH. , #819 ) ;
#1696 = VECTOR ( 'NONE', #90, 39.37007874015748143 ) ;
#1697 = CIRCLE ( 'NONE', #863, 0.2499999999999999167 ) ;
#1698 = DIMENSIONAL_EXPONENTS ( 1.000000000000000000, 0.000000000000000000, 0.000000000000000000, 0.000000000000000000, 0.000000000000000000, 0.000000000000000000, 0.000000000000000000 ) ;
#1699 = MECHANICAL_DESIGN_GEOMETRIC_PRESENTATION_REPRESENTATION (  '', ( #2243 ), #27 ) ;
#1700 = DIRECTION ( 'NONE',  ( -1.000000000000000000, 0.000000000000000000, 0.000000000000000000 ) ) ;
#1702 = COLOUR_RGB ( '',0.5019607843137254832, 0.5019607843137254832, 0.5019607843137254832 ) ;
#1701 =( GEOMETRIC_REPRESENTATION_CONTEXT ( 3 ) GLOBAL_UNCERTAINTY_ASSIGNED_CONTEXT ( ( #1231 ) ) GLOBAL_UNIT_ASSIGNED_CONTEXT ( ( #2207, #1595, #186 ) ) REPRESENTATION_CONTEXT ( 'NONE', 'WORKASPACE' ) );
#1703 = VERTEX_POINT ( 'NONE', #583 ) ;
#1704 = PRESENTATION_STYLE_ASSIGNMENT (( #1011 ) ) ;
#1705 =( GEOMETRIC_REPRESENTATION_CONTEXT ( 3 ) GLOBAL_UNCERTAINTY_ASSIGNED_CONTEXT ( ( #2126 ) ) GLOBAL_UNIT_ASSIGNED_CONTEXT ( ( #1071, #559, #1925 ) ) REPRESENTATION_CONTEXT ( 'NONE', 'WORKASPACE' ) );
#1706 = DIRECTION ( 'NONE',  ( 0.000000000000000000, 0.000000000000000000, -1.000000000000000000 ) ) ;
#1707 = DIRECTION ( 'NONE',  ( -0.000000000000000000, -0.000000000000000000, 1.000000000000000000 ) ) ;
#1708 = DIRECTION ( 'NONE',  ( -0.000000000000000000, -0.000000000000000000, -1.000000000000000000 ) ) ;
#1709 = EDGE_CURVE ( 'NONE', #2233, #182, #571, .T. ) ;
#1710 = CYLINDRICAL_SURFACE ( 'NONE', #1547, 1.530000000000000027 ) ;
#1711 = DIRECTION ( 'NONE',  ( 1.000000000000000000, 0.000000000000000000, 0.000000000000000000 ) ) ;
#1712 = EDGE_LOOP ( 'NONE', ( #26, #1540, #234, #525 ) ) ;
#1713 = DIMENSIONAL_EXPONENTS ( 1.000000000000000000, 0.000000000000000000, 0.000000000000000000, 0.000000000000000000, 0.000000000000000000, 0.000000000000000000, 0.000000000000000000 ) ;
#1714 = ORIENTED_EDGE ( 'NONE', *, *, #765, .T. ) ;
#1715 = EDGE_CURVE ( 'NONE', #1561, #1746, #1982, .T. ) ;
#1716 =( CONVERSION_BASED_UNIT ( 'INCH', #2065 ) LENGTH_UNIT ( ) NAMED_UNIT ( #2057 ) );
#1717 = CARTESIAN_POINT ( 'NONE',  ( 1.100000000000000977, 1.299999999999999600, 0.000000000000000000 ) ) ;
#1718 = ORIENTED_EDGE ( 'NONE', *, *, #419, .F. ) ;
#1719 = LENGTH_MEASURE_WITH_UNIT ( LENGTH_MEASURE( 0.02539999999999999897 ), #1170 );
#1720 =( LENGTH_UNIT ( ) NAMED_UNIT ( * ) SI_UNIT ( $, .METRE. ) );
#1721 = DIRECTION ( 'NONE',  ( 1.000000000000000000, 0.000000000000000000, 0.000000000000000000 ) ) ;
#1722 = ORIENTED_EDGE ( 'NONE', *, *, #505, .T. ) ;
#1723 = ORIENTED_EDGE ( 'NONE', *, *, #75, .F. ) ;
#1724 = FACE_OUTER_BOUND ( 'NONE', #1406, .T. ) ;
#1725 = DIRECTION ( 'NONE',  ( 0.000000000000000000, 0.000000000000000000, 1.000000000000000000 ) ) ;
#1726 = ORIENTED_EDGE ( 'NONE', *, *, #223, .T. ) ;
#1727 =( GEOMETRIC_REPRESENTATION_CONTEXT ( 3 ) GLOBAL_UNCERTAINTY_ASSIGNED_CONTEXT ( ( #1126 ) ) GLOBAL_UNIT_ASSIGNED_CONTEXT ( ( #1985, #2149, #779 ) ) REPRESENTATION_CONTEXT ( 'NONE', 'WORKASPACE' ) );
#1728 = PRESENTATION_STYLE_ASSIGNMENT (( #1753 ) ) ;
#1729 = VECTOR ( 'NONE', #125, 39.37007874015748143 ) ;
#1730 = STYLED_ITEM ( 'NONE', ( #1331 ), #444 ) ;
#1731 = AXIS2_PLACEMENT_3D ( 'NONE', #1964, #276, #427 ) ;
#1732 = AXIS2_PLACEMENT_3D ( 'NONE', #210, #16, #1593 ) ;
#1733 = CARTESIAN_POINT ( 'NONE',  ( 1.365923996832131609E-16, -5.463695987328526437E-16, 0.2800000000000003042 ) ) ;
#1734 = DIRECTION ( 'NONE',  ( -0.000000000000000000, -0.000000000000000000, -1.000000000000000000 ) ) ;
#1735 =( NAMED_UNIT ( * ) SI_UNIT ( $, .STERADIAN. ) SOLID_ANGLE_UNIT ( ) );
#1736 = ORIENTED_EDGE ( 'NONE', *, *, #374, .F. ) ;
#1737 = EDGE_LOOP ( 'NONE', ( #1723, #279, #1368, #384 ) ) ;
#1738 = VECTOR ( 'NONE', #1211, 39.37007874015748143 ) ;
#1739 = CARTESIAN_POINT ( 'NONE',  ( 1.625000000000000000, 1.625000000000000000, 0.4000000000000000222 ) ) ;
#1740 = CARTESIAN_POINT ( 'NONE',  ( -1.100000000000000089, -1.300000000000000044, 0.2000000000000000389 ) ) ;
#1741 = ORIENTED_EDGE ( 'NONE', *, *, #975, .F. ) ;
#1742 = EDGE_CURVE ( 'NONE', #134, #941, #898, .T. ) ;
#1743 =( NAMED_UNIT ( * ) SI_UNIT ( $, .STERADIAN. ) SOLID_ANGLE_UNIT ( ) );
#1744 = DIRECTION ( 'NONE',  ( 1.000000000000000000, 0.000000000000000000, 0.000000000000000000 ) ) ;
#1745 = DIRECTION ( 'NONE',  ( -0.000000000000000000, -0.000000000000000000, 1.000000000000000000 ) ) ;
#1746 = VERTEX_POINT ( 'NONE', #226 ) ;
#1747 = ORIENTED_EDGE ( 'NONE', *, *, #1416, .T. ) ;
#1748 = DIRECTION ( 'NONE',  ( 0.000000000000000000, 0.000000000000000000, 1.000000000000000000 ) ) ;
#1749 =( LENGTH_UNIT ( ) NAMED_UNIT ( * ) SI_UNIT ( $, .METRE. ) );
#1750 = VERTEX_POINT ( 'NONE', #395 ) ;
#1751 = SURFACE_STYLE_FILL_AREA ( #1564 ) ;
#1752 = SURFACE_STYLE_FILL_AREA ( #410 ) ;
#1753 = SURFACE_STYLE_USAGE ( .BOTH. , #336 ) ;
#1754 =( CONVERSION_BASED_UNIT ( 'INCH', #1059 ) LENGTH_UNIT ( ) NAMED_UNIT ( #1320 ) );
#1755 = LENGTH_MEASURE_WITH_UNIT ( LENGTH_MEASURE( 0.02539999999999999897 ), #1884 );
#1756 = CARTESIAN_POINT ( 'NONE',  ( 0.000000000000000000, 0.000000000000000000, 0.2800000000000000266 ) ) ;
#1757 =( LENGTH_UNIT ( ) NAMED_UNIT ( * ) SI_UNIT ( $, .METRE. ) );
#1758 = EDGE_CURVE ( 'NONE', #1688, #1147, #98, .T. ) ;
#1759 = CARTESIAN_POINT ( 'NONE',  ( 0.000000000000000000, 0.000000000000000000, 0.2000000000000000111 ) ) ;
#1760 = ORIENTED_EDGE ( 'NONE', *, *, #1859, .T. ) ;
#1761 =( NAMED_UNIT ( * ) SI_UNIT ( $, .STERADIAN. ) SOLID_ANGLE_UNIT ( ) );
#1762 = FACE_OUTER_BOUND ( 'NONE', #357, .T. ) ;
#1763 = COLOUR_RGB ( '',0.5019607843137254832, 0.5019607843137254832, 0.5019607843137254832 ) ;
#1764 = LENGTH_MEASURE_WITH_UNIT ( LENGTH_MEASURE( 0.02539999999999999897 ), #1427 );
#1765 = VECTOR ( 'NONE', #985, 39.37007874015748143 ) ;
#1766 = PRESENTATION_LAYER_ASSIGNMENT (  '', '', ( #821 ) ) ;
#1767 = CARTESIAN_POINT ( 'NONE',  ( 1.409999999999999920, -3.736944000530758541E-16, 0.2000000000000000111 ) ) ;
#1768 = AXIS2_PLACEMENT_3D ( 'NONE', #2255, #893, #1060 ) ;
#1769 = VECTOR ( 'NONE', #301, 39.37007874015748143 ) ;
#1770 = PRESENTATION_LAYER_ASSIGNMENT (  '', '', ( #1038 ) ) ;
#1771 = AXIS2_PLACEMENT_3D ( 'NONE', #2110, #207, #1251 ) ;
#1772 = MECHANICAL_DESIGN_GEOMETRIC_PRESENTATION_REPRESENTATION (  '', ( #612 ), #1196 ) ;
#1773 = DIRECTION ( 'NONE',  ( 0.000000000000000000, -1.000000000000000000, 0.000000000000000000 ) ) ;
#1774 = CYLINDRICAL_SURFACE ( 'NONE', #405, 1.375000000000000000 ) ;
#1775 = CIRCLE ( 'NONE', #1199, 0.1000000000000000194 ) ;
#1776 = ORIENTED_EDGE ( 'NONE', *, *, #1941, .F. ) ;
#1777 =( GEOMETRIC_REPRESENTATION_CONTEXT ( 3 ) GLOBAL_UNCERTAINTY_ASSIGNED_CONTEXT ( ( #1641 ) ) GLOBAL_UNIT_ASSIGNED_CONTEXT ( ( #1841, #805, #1311 ) ) REPRESENTATION_CONTEXT ( 'NONE', 'WORKASPACE' ) );
#1778 =( NAMED_UNIT ( * ) SI_UNIT ( $, .STERADIAN. ) SOLID_ANGLE_UNIT ( ) );
#1779 = FACE_OUTER_BOUND ( 'NONE', #1456, .T. ) ;
#1780 = CYLINDRICAL_SURFACE ( 'NONE', #1229, 1.530000000000000027 ) ;
#1781 =( NAMED_UNIT ( * ) PLANE_ANGLE_UNIT ( ) SI_UNIT ( $, .RADIAN. ) );
#1782 = CARTESIAN_POINT ( 'NONE',  ( 1.524999999999999911, -1.625000000000000000, 0.4000000000000000222 ) ) ;
#1783 = ADVANCED_FACE ( 'NONE', ( #1084 ), #50, .F. ) ;
#1784 = LENGTH_MEASURE_WITH_UNIT ( LENGTH_MEASURE( 0.02539999999999999897 ), #180 );
#1785 =( NAMED_UNIT ( * ) PLANE_ANGLE_UNIT ( ) SI_UNIT ( $, .RADIAN. ) );
#1786 = ORIENTED_EDGE ( 'NONE', *, *, #890, .F. ) ;
#1787 = ADVANCED_FACE ( 'NONE', ( #1762 ), #1066, .F. ) ;
#1788 = LINE ( 'NONE', #72, #1805 ) ;
#1789 = LENGTH_MEASURE_WITH_UNIT ( LENGTH_MEASURE( 0.02539999999999999897 ), #1574 );
#1790 = ADVANCED_FACE ( 'NONE', ( #281 ), #452, .T. ) ;
#1791 = DIRECTION ( 'NONE',  ( 1.000000000000000000, 0.000000000000000000, 0.000000000000000000 ) ) ;
#1792 = DIRECTION ( 'NONE',  ( -0.000000000000000000, -0.000000000000000000, -1.000000000000000000 ) ) ;
#1793 = DIRECTION ( 'NONE',  ( 1.000000000000000000, 0.000000000000000000, 0.000000000000000000 ) ) ;
#1794 =( CONVERSION_BASED_UNIT ( 'INCH', #78 ) LENGTH_UNIT ( ) NAMED_UNIT ( #1180 ) );
#1795 = EDGE_CURVE ( 'NONE', #642, #328, #1775, .T. ) ;
#1796 = ORIENTED_EDGE ( 'NONE', *, *, #1690, .T. ) ;
#1797 =( GEOMETRIC_REPRESENTATION_CONTEXT ( 3 ) GLOBAL_UNCERTAINTY_ASSIGNED_CONTEXT ( ( #1284 ) ) GLOBAL_UNIT_ASSIGNED_CONTEXT ( ( #1897, #544, #1549 ) ) REPRESENTATION_CONTEXT ( 'NONE', 'WORKASPACE' ) );
#1798 = DIRECTION ( 'NONE',  ( 0.000000000000000000, 0.000000000000000000, 1.000000000000000000 ) ) ;
#1799 =( NAMED_UNIT ( * ) PLANE_ANGLE_UNIT ( ) SI_UNIT ( $, .RADIAN. ) );
#1800 = FACE_OUTER_BOUND ( 'NONE', #603, .T. ) ;
#1801 = SURFACE_SIDE_STYLE ('',( #1940 ) ) ;
#1802 = AXIS2_PLACEMENT_3D ( 'NONE', #172, #540, #891 ) ;
#1803 = SURFACE_SIDE_STYLE ('',( #436 ) ) ;
#1804 = PRESENTATION_LAYER_ASSIGNMENT (  '', '', ( #1513 ) ) ;
#1805 = VECTOR ( 'NONE', #767, 39.37007874015748143 ) ;
#1806 = ORIENTED_EDGE ( 'NONE', *, *, #1638, .F. ) ;
#1807 =( GEOMETRIC_REPRESENTATION_CONTEXT ( 3 ) GLOBAL_UNCERTAINTY_ASSIGNED_CONTEXT ( ( #1621 ) ) GLOBAL_UNIT_ASSIGNED_CONTEXT ( ( #1754, #284, #1466 ) ) REPRESENTATION_CONTEXT ( 'NONE', 'WORKASPACE' ) );
#1808 = CARTESIAN_POINT ( 'NONE',  ( -1.572500000000000009, 1.056999999999999940, 0.9071067811865481945 ) ) ;
#1809 = CARTESIAN_POINT ( 'NONE',  ( -1.322499999999999787, 1.056999999999999940, 0.000000000000000000 ) ) ;
#1810 = MECHANICAL_DESIGN_GEOMETRIC_PRESENTATION_REPRESENTATION (  '', ( #1659 ), #2159 ) ;
#1811 = VECTOR ( 'NONE', #375, 39.37007874015748143 ) ;
#1812 = PRESENTATION_STYLE_ASSIGNMENT (( #1099 ) ) ;
#1813 = LINE ( 'NONE', #1644, #2089 ) ;
#1815 = AXIS2_PLACEMENT_3D ( 'NONE', #1087, #724, #1933 ) ;
#1814 = AXIS2_PLACEMENT_3D ( 'NONE', #1898, #1535, #1711 ) ;
#1816 = FILL_AREA_STYLE_COLOUR ( '', #684 ) ;
#1817 = FILL_AREA_STYLE_COLOUR ( '', #1983 ) ;
#1818 = CARTESIAN_POINT ( 'NONE',  ( 1.524999999999999911, 1.625000000000000000, 0.4000000000000000222 ) ) ;
#1819 = ORIENTED_EDGE ( 'NONE', *, *, #1874, .F. ) ;
#1820 =( LENGTH_UNIT ( ) NAMED_UNIT ( * ) SI_UNIT ( $, .METRE. ) );
#1821 = DIRECTION ( 'NONE',  ( 0.000000000000000000, 0.000000000000000000, -1.000000000000000000 ) ) ;
#1822 = VERTEX_POINT ( 'NONE', #943 ) ;
#1823 = DIRECTION ( 'NONE',  ( 0.000000000000000000, -0.000000000000000000, 1.000000000000000000 ) ) ;
#1824 = CARTESIAN_POINT ( 'NONE',  ( 0.000000000000000000, 0.000000000000000000, 0.000000000000000000 ) ) ;
#1825 = EDGE_CURVE ( 'NONE', #499, #1688, #1653, .T. ) ;
#1826 = VERTEX_POINT ( 'NONE', #83 ) ;
#1827 = DIRECTION ( 'NONE',  ( 0.000000000000000000, 0.000000000000000000, -1.000000000000000000 ) ) ;
#1828 = CARTESIAN_POINT ( 'NONE',  ( 1.524999999999999911, 1.524999999999999911, 0.4000000000000000222 ) ) ;
#1829 = CARTESIAN_POINT ( 'NONE',  ( -1.112537329699879729, -1.050314567177024427, 0.000000000000000000 ) ) ;
#1830 = DIRECTION ( 'NONE',  ( 1.000000000000000000, 0.000000000000000000, 0.000000000000000000 ) ) ;
#1831 = DIRECTION ( 'NONE',  ( -1.000000000000000000, 0.000000000000000000, 0.000000000000000000 ) ) ;
#1832 = SURFACE_STYLE_USAGE ( .BOTH. , #77 ) ;
#1833 = SURFACE_SIDE_STYLE ('',( #1616 ) ) ;
#1834 = CARTESIAN_POINT ( 'NONE',  ( 1.625000000000000000, -1.625000000000000000, 0.4000000000000000222 ) ) ;
#1835 = SURFACE_STYLE_USAGE ( .BOTH. , #459 ) ;
#1836 =( NAMED_UNIT ( * ) PLANE_ANGLE_UNIT ( ) SI_UNIT ( $, .RADIAN. ) );
#1837 = AXIS2_PLACEMENT_3D ( 'NONE', #2198, #104, #1489 ) ;
#1838 = ORIENTED_EDGE ( 'NONE', *, *, #570, .T. ) ;
#1839 = PRESENTATION_LAYER_ASSIGNMENT (  '', '', ( #964 ) ) ;
#1840 = VECTOR ( 'NONE', #910, 39.37007874015748143 ) ;
#1841 =( CONVERSION_BASED_UNIT ( 'INCH', #2147 ) LENGTH_UNIT ( ) NAMED_UNIT ( #1333 ) );
#1842 = MECHANICAL_DESIGN_GEOMETRIC_PRESENTATION_REPRESENTATION (  '', ( #469 ), #291 ) ;
#1843 = AXIS2_PLACEMENT_3D ( 'NONE', #2073, #1708, #334 ) ;
#1844 = EDGE_CURVE ( 'NONE', #328, #468, #1130, .T. ) ;
#1845 = PRESENTATION_STYLE_ASSIGNMENT (( #105 ) ) ;
#1846 = DIMENSIONAL_EXPONENTS ( 1.000000000000000000, 0.000000000000000000, 0.000000000000000000, 0.000000000000000000, 0.000000000000000000, 0.000000000000000000, 0.000000000000000000 ) ;
#1847 = AXIS2_PLACEMENT_3D ( 'NONE', #550, #2139, #66 ) ;
#1848 = AXIS2_PLACEMENT_3D ( 'NONE', #721, #1798, #710 ) ;
#1849 = PRESENTATION_STYLE_ASSIGNMENT (( #1661 ) ) ;
#1850 = STYLED_ITEM ( 'NONE', ( #895 ), #1956 ) ;
#1851 = AXIS2_PLACEMENT_3D ( 'NONE', #1110, #759, #1125 ) ;
#1852 = VERTEX_POINT ( 'NONE', #776 ) ;
#1853 =( CONVERSION_BASED_UNIT ( 'INCH', #120 ) LENGTH_UNIT ( ) NAMED_UNIT ( #2182 ) );
#1854 = FACE_OUTER_BOUND ( 'NONE', #2011, .T. ) ;
#1855 = EDGE_CURVE ( 'NONE', #1319, #553, #1662, .T. ) ;
#1856 = UNCERTAINTY_MEASURE_WITH_UNIT (LENGTH_MEASURE( 1.000000000000000082E-05 ), #233, 'distance_accuracy_value', 'NONE');
#1857 = ORIENTED_EDGE ( 'NONE', *, *, #1613, .F. ) ;
#1858 =( CONVERSION_BASED_UNIT ( 'INCH', #1510 ) LENGTH_UNIT ( ) NAMED_UNIT ( #797 ) );
#1859 = EDGE_CURVE ( 'NONE', #1245, #1285, #900, .T. ) ;
#1860 = FACE_BOUND ( 'NONE', #1137, .T. ) ;
#1861 = CARTESIAN_POINT ( 'NONE',  ( -1.524999999999999911, -1.625000000000000000, 0.4000000000000000222 ) ) ;
#1862 = EDGE_CURVE ( 'NONE', #1533, #1561, #845, .T. ) ;
#1863 = LINE ( 'NONE', #818, #432 ) ;
#1864 = CARTESIAN_POINT ( 'NONE',  ( -1.524999999999999911, 1.625000000000000000, 0.4000000000000000222 ) ) ;
#1865 = DIRECTION ( 'NONE',  ( 1.000000000000000000, 0.000000000000000000, 0.000000000000000000 ) ) ;
#1866 = SURFACE_SIDE_STYLE ('',( #1006 ) ) ;
#1867 = EDGE_LOOP ( 'NONE', ( #896, #458 ) ) ;
#1868 = EDGE_CURVE ( 'NONE', #1359, #816, #1587, .T. ) ;
#1869 =( LENGTH_UNIT ( ) NAMED_UNIT ( * ) SI_UNIT ( $, .METRE. ) );
#1870 = VERTEX_POINT ( 'NONE', #155 ) ;
#1871 = DIRECTION ( 'NONE',  ( -0.000000000000000000, -0.000000000000000000, 1.000000000000000000 ) ) ;
#1872 = FACE_BOUND ( 'NONE', #1916, .T. ) ;
#1873 = DIRECTION ( 'NONE',  ( 1.000000000000000000, 0.000000000000000000, 0.000000000000000000 ) ) ;
#1874 = EDGE_CURVE ( 'NONE', #373, #531, #323, .T. ) ;
#1875 = UNCERTAINTY_MEASURE_WITH_UNIT (LENGTH_MEASURE( 1.000000000000000082E-05 ), #238, 'distance_accuracy_value', 'NONE');
#1876 = ORIENTED_EDGE ( 'NONE', *, *, #1886, .F. ) ;
#1877 = CARTESIAN_POINT ( 'NONE',  ( -1.524999999999999911, 1.625000000000000000, 0.000000000000000000 ) ) ;
#1878 = AXIS2_PLACEMENT_3D ( 'NONE', #8, #707, #1409 ) ;
#1879 = PRESENTATION_LAYER_ASSIGNMENT (  '', '', ( #356 ) ) ;
#1880 = PRESENTATION_STYLE_ASSIGNMENT (( #1213 ) ) ;
#1881 = COLOUR_RGB ( '',0.5019607843137254832, 0.5019607843137254832, 0.5019607843137254832 ) ;
#1882 =( GEOMETRIC_REPRESENTATION_CONTEXT ( 3 ) GLOBAL_UNCERTAINTY_ASSIGNED_CONTEXT ( ( #428 ) ) GLOBAL_UNIT_ASSIGNED_CONTEXT ( ( #1971, #1910, #1993 ) ) REPRESENTATION_CONTEXT ( 'NONE', 'WORKASPACE' ) );
#1883 = EDGE_CURVE ( 'NONE', #1208, #243, #1241, .T. ) ;
#1884 =( LENGTH_UNIT ( ) NAMED_UNIT ( * ) SI_UNIT ( $, .METRE. ) );
#1885 = PRESENTATION_LAYER_ASSIGNMENT (  '', '', ( #2243 ) ) ;
#1886 = EDGE_CURVE ( 'NONE', #718, #1208, #1532, .T. ) ;
#1887 = PRESENTATION_LAYER_ASSIGNMENT (  '', '', ( #2022 ) ) ;
#1888 = SURFACE_SIDE_STYLE ('',( #1674 ) ) ;
#1889 = PRESENTATION_STYLE_ASSIGNMENT (( #1195 ) ) ;
#1890 = ORIENTED_EDGE ( 'NONE', *, *, #2171, .F. ) ;
#1891 = ORIENTED_EDGE ( 'NONE', *, *, #2205, .T. ) ;
#1892 = CARTESIAN_POINT ( 'NONE',  ( -1.399999999999999911, 1.714505518806294391E-16, 0.2000000000000000111 ) ) ;
#1893 = ORIENTED_EDGE ( 'NONE', *, *, #812, .T. ) ;
#1894 = PRESENTATION_STYLE_ASSIGNMENT (( #2236 ) ) ;
#1895 = DIRECTION ( 'NONE',  ( -0.000000000000000000, -0.000000000000000000, 1.000000000000000000 ) ) ;
#1896 = ADVANCED_FACE ( 'NONE', ( #2221 ), #148, .F. ) ;
#1897 =( CONVERSION_BASED_UNIT ( 'INCH', #367 ) LENGTH_UNIT ( ) NAMED_UNIT ( #15 ) );
#1898 = CARTESIAN_POINT ( 'NONE',  ( 0.000000000000000000, 0.000000000000000000, 0.2800000000000000266 ) ) ;
#1899 = ORIENTED_EDGE ( 'NONE', *, *, #421, .F. ) ;
#1900 = ORIENTED_EDGE ( 'NONE', *, *, #930, .T. ) ;
#1901 = CARTESIAN_POINT ( 'NONE',  ( -1.524999999999999911, 1.524999999999999911, 0.4000000000000000222 ) ) ;
#1902 = ORIENTED_EDGE ( 'NONE', *, *, #2175, .F. ) ;
#1903 = CARTESIAN_POINT ( 'NONE',  ( 1.500000000000000222, 1.500000000000000222, 0.000000000000000000 ) ) ;
#1904 = FACE_OUTER_BOUND ( 'NONE', #1953, .T. ) ;
#1905 = SURFACE_STYLE_USAGE ( .BOTH. , #1866 ) ;
#1906 = ORIENTED_EDGE ( 'NONE', *, *, #1193, .T. ) ;
#1907 = VERTEX_POINT ( 'NONE', #677 ) ;
#1908 = FACE_OUTER_BOUND ( 'NONE', #2070, .T. ) ;
#1909 = VERTEX_POINT ( 'NONE', #878 ) ;
#1910 =( NAMED_UNIT ( * ) PLANE_ANGLE_UNIT ( ) SI_UNIT ( $, .RADIAN. ) );
#1911 = AXIS2_PLACEMENT_3D ( 'NONE', #823, #849, #1700 ) ;
#1912 = VECTOR ( 'NONE', #1436, 39.37007874015748143 ) ;
#1913 = PRESENTATION_LAYER_ASSIGNMENT (  '', '', ( #502 ) ) ;
#1914 = AXIS2_PLACEMENT_3D ( 'NONE', #225, #409, #2082 ) ;
#1915 = ORIENTED_EDGE ( 'NONE', *, *, #720, .F. ) ;
#1916 = EDGE_LOOP ( 'NONE', ( #503, #1979 ) ) ;
#1917 =( GEOMETRIC_REPRESENTATION_CONTEXT ( 3 ) GLOBAL_UNCERTAINTY_ASSIGNED_CONTEXT ( ( #242 ) ) GLOBAL_UNIT_ASSIGNED_CONTEXT ( ( #204, #741, #46 ) ) REPRESENTATION_CONTEXT ( 'NONE', 'WORKASPACE' ) );
#1918 =( NAMED_UNIT ( * ) PLANE_ANGLE_UNIT ( ) SI_UNIT ( $, .RADIAN. ) );
#1919 = AXIS2_PLACEMENT_3D ( 'NONE', #735, #241, #578 ) ;
#1920 = ORIENTED_EDGE ( 'NONE', *, *, #669, .F. ) ;
#1921 = PRESENTATION_STYLE_ASSIGNMENT (( #1432 ) ) ;
#1922 =( LENGTH_UNIT ( ) NAMED_UNIT ( * ) SI_UNIT ( $, .METRE. ) );
#1923 = EDGE_CURVE ( 'NONE', #48, #1384, #1986, .T. ) ;
#1924 = CARTESIAN_POINT ( 'NONE',  ( -0.8499999999999999778, -1.300000000000000044, 0.2000000000000000389 ) ) ;
#1925 =( NAMED_UNIT ( * ) SI_UNIT ( $, .STERADIAN. ) SOLID_ANGLE_UNIT ( ) );
#1926 = ORIENTED_EDGE ( 'NONE', *, *, #147, .T. ) ;
#1927 = EDGE_CURVE ( 'NONE', #1930, #205, #2058, .T. ) ;
#1928 = VERTEX_POINT ( 'NONE', #1029 ) ;
#1929 = DIRECTION ( 'NONE',  ( -0.000000000000000000, -0.000000000000000000, -1.000000000000000000 ) ) ;
#1930 = VERTEX_POINT ( 'NONE', #312 ) ;
#1931 = CARTESIAN_POINT ( 'NONE',  ( -1.322499999999999787, 1.056999999999999940, 0.2000000000000000389 ) ) ;
#1932 = APPLICATION_CONTEXT ( 'automotive_design' ) ;
#1933 = DIRECTION ( 'NONE',  ( 1.000000000000000000, 0.000000000000000000, 0.000000000000000000 ) ) ;
#1934 = DIRECTION ( 'NONE',  ( -0.000000000000000000, -0.000000000000000000, 1.000000000000000000 ) ) ;
#1935 = CARTESIAN_POINT ( 'NONE',  ( 1.100000000000000977, 1.299999999999999600, 0.9071067811865481945 ) ) ;
#1936 = ORIENTED_EDGE ( 'NONE', *, *, #890, .T. ) ;
#1937 = VERTEX_POINT ( 'NONE', #1892 ) ;
#1938 = DIRECTION ( 'NONE',  ( -0.000000000000000000, -0.000000000000000000, -1.000000000000000000 ) ) ;
#1939 = DIRECTION ( 'NONE',  ( 0.000000000000000000, 0.000000000000000000, -1.000000000000000000 ) ) ;
#1940 = SURFACE_STYLE_FILL_AREA ( #1108 ) ;
#1941 = EDGE_CURVE ( 'NONE', #48, #1030, #2046, .T. ) ;
#1942 = CIRCLE ( 'NONE', #1543, 0.07500000000000002498 ) ;
#1943 = AXIS2_PLACEMENT_3D ( 'NONE', #1739, #1773, #219 ) ;
#1944 = MECHANICAL_DESIGN_GEOMETRIC_PRESENTATION_REPRESENTATION (  '', ( #821 ), #609 ) ;
#1945 = DIRECTION ( 'NONE',  ( -0.000000000000000000, 0.000000000000000000, 1.000000000000000000 ) ) ;
#1946 = EDGE_CURVE ( 'NONE', #415, #499, #101, .T. ) ;
#1947 = CIRCLE ( 'NONE', #826, 1.530000000000000027 ) ;
#1948 = AXIS2_PLACEMENT_3D ( 'NONE', #1903, #517, #2008 ) ;
#1949 = MECHANICAL_DESIGN_GEOMETRIC_PRESENTATION_REPRESENTATION (  '', ( #1367 ), #2121 ) ;
#1950 = DIRECTION ( 'NONE',  ( 1.000000000000000000, 0.000000000000000000, 0.000000000000000000 ) ) ;
#1951 = CARTESIAN_POINT ( 'NONE',  ( 1.500000000000000222, -1.500000000000000222, 0.000000000000000000 ) ) ;
#1952 = EDGE_CURVE ( 'NONE', #2219, #1937, #691, .T. ) ;
#1953 = EDGE_LOOP ( 'NONE', ( #1588, #546, #1431, #815 ) ) ;
#1954 = CARTESIAN_POINT ( 'NONE',  ( 0.000000000000000000, 0.000000000000000000, 0.4000000000000000222 ) ) ;
#1955 =( CONVERSION_BASED_UNIT ( 'INCH', #1719 ) LENGTH_UNIT ( ) NAMED_UNIT ( #457 ) );
#1956 = MANIFOLD_SOLID_BREP ( 'ÇÐ³ý-À', #362 ) ;
#1957 = FILL_AREA_STYLE_COLOUR ( '', #569 ) ;
#1958 = UNCERTAINTY_MEASURE_WITH_UNIT (LENGTH_MEASURE( 1.000000000000000082E-05 ), #387, 'distance_accuracy_value', 'NONE');
#1959 = ORIENTED_EDGE ( 'NONE', *, *, #1193, .F. ) ;
#1960 = CARTESIAN_POINT ( 'NONE',  ( 1.574999999999999956, -1.500000000000000222, 0.4000000000000000222 ) ) ;
#1961 = DIRECTION ( 'NONE',  ( 0.000000000000000000, 0.000000000000000000, 1.000000000000000000 ) ) ;
#1962 = DIRECTION ( 'NONE',  ( 1.000000000000000000, 0.000000000000000000, 0.000000000000000000 ) ) ;
#1963 = FILL_AREA_STYLE_COLOUR ( '', #2091 ) ;
#1964 = CARTESIAN_POINT ( 'NONE',  ( 0.000000000000000000, 0.000000000000000000, 0.2000000000000000111 ) ) ;
#1965 = PRESENTATION_STYLE_ASSIGNMENT (( #589 ) ) ;
#1966 = EDGE_CURVE ( 'NONE', #182, #1248, #833, .T. ) ;
#1967 = LINE ( 'NONE', #1808, #536 ) ;
#1968 = CARTESIAN_POINT ( 'NONE',  ( 0.000000000000000000, 0.000000000000000000, 0.2000000000000000111 ) ) ;
#1969 =( CONVERSION_BASED_UNIT ( 'INCH', #1298 ) LENGTH_UNIT ( ) NAMED_UNIT ( #49 ) );
#1970 = SURFACE_STYLE_USAGE ( .BOTH. , #764 ) ;
#1971 =( CONVERSION_BASED_UNIT ( 'INCH', #656 ) LENGTH_UNIT ( ) NAMED_UNIT ( #1352 ) );
#1972 = MECHANICAL_DESIGN_GEOMETRIC_PRESENTATION_REPRESENTATION (  '', ( #13 ), #1651 ) ;
#1973 = MECHANICAL_DESIGN_GEOMETRIC_PRESENTATION_REPRESENTATION (  '', ( #534 ), #1649 ) ;
#1974 = FACE_OUTER_BOUND ( 'NONE', #2099, .T. ) ;
#1975 = VECTOR ( 'NONE', #1262, 39.37007874015748143 ) ;
#1976 = FILL_AREA_STYLE ('',( #1144 ) ) ;
#1977 = COLOUR_RGB ( '',0.5019607843137254832, 0.5019607843137254832, 0.5019607843137254832 ) ;
#1978 = UNCERTAINTY_MEASURE_WITH_UNIT (LENGTH_MEASURE( 1.000000000000000082E-05 ), #1033, 'distance_accuracy_value', 'NONE');
#1979 = ORIENTED_EDGE ( 'NONE', *, *, #488, .F. ) ;
#1980 = STYLED_ITEM ( 'NONE', ( #1207 ), #1378 ) ;
#1981 = PRESENTATION_LAYER_ASSIGNMENT (  '', '', ( #1160 ) ) ;
#1982 = CIRCLE ( 'NONE', #1847, 1.409999999999999476 ) ;
#1983 = COLOUR_RGB ( '',0.5019607843137254832, 0.5019607843137254832, 0.5019607843137254832 ) ;
#1984 = ORIENTED_EDGE ( 'NONE', *, *, #1966, .T. ) ;
#1985 =( CONVERSION_BASED_UNIT ( 'INCH', #262 ) LENGTH_UNIT ( ) NAMED_UNIT ( #399 ) );
#1986 = CIRCLE ( 'NONE', #1303, 0.2500000000000002220 ) ;
#1987 = CIRCLE ( 'NONE', #903, 0.07500000000000002498 ) ;
#1988 = CARTESIAN_POINT ( 'NONE',  ( 1.500000000000000222, 1.500000000000000222, 0.4000000000000000222 ) ) ;
#1989 = EDGE_CURVE ( 'NONE', #1039, #1563, #1415, .T. ) ;
#1990 = ORIENTED_EDGE ( 'NONE', *, *, #1927, .F. ) ;
#1991 = DIRECTION ( 'NONE',  ( 1.000000000000000000, 0.000000000000000000, 0.000000000000000000 ) ) ;
#1992 = ORIENTED_EDGE ( 'NONE', *, *, #71, .F. ) ;
#1993 =( NAMED_UNIT ( * ) SI_UNIT ( $, .STERADIAN. ) SOLID_ANGLE_UNIT ( ) );
#1994 = FACE_OUTER_BOUND ( 'NONE', #706, .T. ) ;
#1995 =( NAMED_UNIT ( * ) SI_UNIT ( $, .STERADIAN. ) SOLID_ANGLE_UNIT ( ) );
#1996 = ORIENTED_EDGE ( 'NONE', *, *, #1613, .T. ) ;
#1997 = FACE_BOUND ( 'NONE', #1650, .T. ) ;
#1998 = CARTESIAN_POINT ( 'NONE',  ( -1.500000000000000222, -1.500000000000000222, 0.4000000000000000222 ) ) ;
#1999 = CARTESIAN_POINT ( 'NONE',  ( 1.500000000000000222, -1.500000000000000222, 0.4000000000000000222 ) ) ;
#2000 = ORIENTED_EDGE ( 'NONE', *, *, #251, .T. ) ;
#2001 = PRESENTATION_STYLE_ASSIGNMENT (( #925 ) ) ;
#2002 = DIRECTION ( 'NONE',  ( -1.000000000000000000, 0.000000000000000000, 0.000000000000000000 ) ) ;
#2003 = UNCERTAINTY_MEASURE_WITH_UNIT (LENGTH_MEASURE( 1.000000000000000082E-05 ), #394, 'distance_accuracy_value', 'NONE');
#2004 = ORIENTED_EDGE ( 'NONE', *, *, #33, .T. ) ;
#2005 = SURFACE_SIDE_STYLE ('',( #1295 ) ) ;
#2006 = FACE_BOUND ( 'NONE', #512, .T. ) ;
#2007 = EDGE_CURVE ( 'NONE', #418, #2158, #1048, .T. ) ;
#2008 = DIRECTION ( 'NONE',  ( 1.000000000000000000, 0.000000000000000000, 0.000000000000000000 ) ) ;
#2009 =( LENGTH_UNIT ( ) NAMED_UNIT ( * ) SI_UNIT ( $, .METRE. ) );
#2010 = EDGE_CURVE ( 'NONE', #48, #650, #1013, .T. ) ;
#2011 = EDGE_LOOP ( 'NONE', ( #1786, #490, #1760, #1926 ) ) ;
#2012 = AXIS2_PLACEMENT_3D ( 'NONE', #1277, #2102, #1793 ) ;
#2013 =( LENGTH_UNIT ( ) NAMED_UNIT ( * ) SI_UNIT ( $, .METRE. ) );
#2014 = EDGE_CURVE ( 'NONE', #1826, #941, #1556, .T. ) ;
#2015 =( NAMED_UNIT ( * ) PLANE_ANGLE_UNIT ( ) SI_UNIT ( $, .RADIAN. ) );
#2016 = COLOUR_RGB ( '',0.5019607843137254832, 0.5019607843137254832, 0.5019607843137254832 ) ;
#2017 = CIRCLE ( 'NONE', #1624, 0.07499999999999988620 ) ;
#2018 = PRESENTATION_LAYER_ASSIGNMENT (  '', '', ( #1659 ) ) ;
#2019 = DIRECTION ( 'NONE',  ( 1.000000000000000000, 0.000000000000000000, 0.000000000000000000 ) ) ;
#2020 = AXIS2_PLACEMENT_3D ( 'NONE', #1968, #296, #1138 ) ;
#2021 = DIRECTION ( 'NONE',  ( 0.000000000000000000, -0.000000000000000000, 1.000000000000000000 ) ) ;
#2022 = STYLED_ITEM ( 'NONE', ( #1283 ), #2080 ) ;
#2023 = CARTESIAN_POINT ( 'NONE',  ( 1.625000000000000000, 1.524999999999999911, 0.4000000000000000222 ) ) ;
#2024 = STYLED_ITEM ( 'NONE', ( #916 ), #2257 ) ;
#2025 = SURFACE_STYLE_USAGE ( .BOTH. , #1340 ) ;
#2026 = UNCERTAINTY_MEASURE_WITH_UNIT (LENGTH_MEASURE( 1.000000000000000082E-05 ), #1534, 'distance_accuracy_value', 'NONE');
#2027 = ORIENTED_EDGE ( 'NONE', *, *, #2010, .T. ) ;
#2028 = DIRECTION ( 'NONE',  ( -0.000000000000000000, -0.000000000000000000, 1.000000000000000000 ) ) ;
#2029 = DIRECTION ( 'NONE',  ( 1.000000000000000000, 0.000000000000000000, 0.000000000000000000 ) ) ;
#2030 = DIRECTION ( 'NONE',  ( -1.000000000000000000, 0.000000000000000000, 0.000000000000000000 ) ) ;
#2031 = FILL_AREA_STYLE ('',( #654 ) ) ;
#2032 =( NAMED_UNIT ( * ) PLANE_ANGLE_UNIT ( ) SI_UNIT ( $, .RADIAN. ) );
#2033 = DIRECTION ( 'NONE',  ( 0.000000000000000000, 0.000000000000000000, 1.000000000000000000 ) ) ;
#2034 = SURFACE_STYLE_FILL_AREA ( #811 ) ;
#2035 = CARTESIAN_POINT ( 'NONE',  ( -1.425000000000000266, -1.500000000000000222, 0.000000000000000000 ) ) ;
#2036 = VERTEX_POINT ( 'NONE', #1396 ) ;
#2037 = DIRECTION ( 'NONE',  ( 1.000000000000000000, 0.000000000000000000, 0.000000000000000000 ) ) ;
#2038 = ORIENTED_EDGE ( 'NONE', *, *, #1145, .F. ) ;
#2039 = DIMENSIONAL_EXPONENTS ( 1.000000000000000000, 0.000000000000000000, 0.000000000000000000, 0.000000000000000000, 0.000000000000000000, 0.000000000000000000, 0.000000000000000000 ) ;
#2040 =( NAMED_UNIT ( * ) SI_UNIT ( $, .STERADIAN. ) SOLID_ANGLE_UNIT ( ) );
#2041 = CYLINDRICAL_SURFACE ( 'NONE', #1452, 1.409999999999999476 ) ;
#2042 = UNCERTAINTY_MEASURE_WITH_UNIT (LENGTH_MEASURE( 1.000000000000000082E-05 ), #2068, 'distance_accuracy_value', 'NONE');
#2043 = ORIENTED_EDGE ( 'NONE', *, *, #1259, .T. ) ;
#2044 = EDGE_LOOP ( 'NONE', ( #2000, #885 ) ) ;
#2045 = DIRECTION ( 'NONE',  ( 0.000000000000000000, 0.000000000000000000, 1.000000000000000000 ) ) ;
#2046 = LINE ( 'NONE', #332, #1738 ) ;
#2047 = STYLED_ITEM ( 'NONE', ( #422 ), #342 ) ;
#2048 = EDGE_CURVE ( 'NONE', #816, #1359, #1015, .T. ) ;
#2049 = ORIENTED_EDGE ( 'NONE', *, *, #950, .F. ) ;
#2050 = CARTESIAN_POINT ( 'NONE',  ( -1.074572644549759426, 1.089125168006568112, 0.1000000000000000194 ) ) ;
#2051 = CIRCLE ( 'NONE', #2152, 1.399999999999999911 ) ;
#2052 = COLOUR_RGB ( '',0.5019607843137254832, 0.5019607843137254832, 0.5019607843137254832 ) ;
#2053 = CIRCLE ( 'NONE', #687, 0.07500000000000002498 ) ;
#2054 = CIRCLE ( 'NONE', #93, 1.530000000000000027 ) ;
#2055 = CIRCLE ( 'NONE', #2241, 0.2500000000000002220 ) ;
#2056 = AXIS2_PLACEMENT_3D ( 'NONE', #2185, #639, #2030 ) ;
#2057 = DIMENSIONAL_EXPONENTS ( 1.000000000000000000, 0.000000000000000000, 0.000000000000000000, 0.000000000000000000, 0.000000000000000000, 0.000000000000000000, 0.000000000000000000 ) ;
#2058 = CIRCLE ( 'NONE', #325, 0.2500000000000000555 ) ;
#2059 = CIRCLE ( 'NONE', #102, 0.2500000000000000555 ) ;
#2060 = ADVANCED_FACE ( 'NONE', ( #1271 ), #1774, .F. ) ;
#2061 = MECHANICAL_DESIGN_GEOMETRIC_PRESENTATION_REPRESENTATION (  '', ( #1592 ), #576 ) ;
#2062 = PRESENTATION_STYLE_ASSIGNMENT (( #1366 ) ) ;
#2063 = SURFACE_SIDE_STYLE ('',( #994 ) ) ;
#2064 = ORIENTED_EDGE ( 'NONE', *, *, #1742, .T. ) ;
#2065 = LENGTH_MEASURE_WITH_UNIT ( LENGTH_MEASURE( 0.02539999999999999897 ), #163 );
#2066 = ORIENTED_EDGE ( 'NONE', *, *, #1567, .T. ) ;
#2067 = CARTESIAN_POINT ( 'NONE',  ( 1.100000000000000977, 1.299999999999999600, 0.2000000000000000389 ) ) ;
#2068 =( CONVERSION_BASED_UNIT ( 'INCH', #360 ) LENGTH_UNIT ( ) NAMED_UNIT ( #1646 ) );
#2069 = CARTESIAN_POINT ( 'NONE',  ( -1.100000000000000089, -1.300000000000000044, 0.4000000000000000222 ) ) ;
#2070 = EDGE_LOOP ( 'NONE', ( #851, #1314, #453, #190 ) ) ;
#2071 = FACE_OUTER_BOUND ( 'NONE', #153, .T. ) ;
#2072 = EDGE_LOOP ( 'NONE', ( #1246, #1361, #123, #1598 ) ) ;
#2073 = CARTESIAN_POINT ( 'NONE',  ( -1.100000000000000089, -1.300000000000000044, 0.9071067811865481945 ) ) ;
#2074 = SURFACE_STYLE_FILL_AREA ( #1032 ) ;
#2075 =( NAMED_UNIT ( * ) PLANE_ANGLE_UNIT ( ) SI_UNIT ( $, .RADIAN. ) );
#2076 =( GEOMETRIC_REPRESENTATION_CONTEXT ( 3 ) GLOBAL_UNCERTAINTY_ASSIGNED_CONTEXT ( ( #1008 ) ) GLOBAL_UNIT_ASSIGNED_CONTEXT ( ( #1515, #192, #364 ) ) REPRESENTATION_CONTEXT ( 'NONE', 'WORKASPACE' ) );
#2077 = LINE ( 'NONE', #2245, #784 ) ;
#2078 = ORIENTED_EDGE ( 'NONE', *, *, #1259, .F. ) ;
#2079 = VERTEX_POINT ( 'NONE', #460 ) ;
#2080 = ADVANCED_FACE ( 'NONE', ( #303 ), #2145, .F. ) ;
#2081 = ORIENTED_EDGE ( 'NONE', *, *, #337, .F. ) ;
#2082 = DIRECTION ( 'NONE',  ( 1.000000000000000000, 0.000000000000000000, 0.000000000000000000 ) ) ;
#2083 = DIRECTION ( 'NONE',  ( -1.000000000000000000, 0.000000000000000000, 0.000000000000000000 ) ) ;
#2084 = APPLICATION_CONTEXT ( 'automotive_design' ) ;
#2085 = PRESENTATION_LAYER_ASSIGNMENT (  '', '', ( #2047 ) ) ;
#2086 = PRESENTATION_LAYER_ASSIGNMENT (  '', '', ( #820 ) ) ;
#2087 =( GEOMETRIC_REPRESENTATION_CONTEXT ( 3 ) GLOBAL_UNCERTAINTY_ASSIGNED_CONTEXT ( ( #122 ) ) GLOBAL_UNIT_ASSIGNED_CONTEXT ( ( #1501, #990, #1128 ) ) REPRESENTATION_CONTEXT ( 'NONE', 'WORKASPACE' ) );
#2088 = COLOUR_RGB ( '',0.5019607843137254832, 0.5019607843137254832, 0.5019607843137254832 ) ;
#2089 = VECTOR ( 'NONE', #2173, 39.37007874015748143 ) ;
#2090 =( NAMED_UNIT ( * ) PLANE_ANGLE_UNIT ( ) SI_UNIT ( $, .RADIAN. ) );
#2091 = COLOUR_RGB ( '',0.5019607843137254832, 0.5019607843137254832, 0.5019607843137254832 ) ;
#2092 = LENGTH_MEASURE_WITH_UNIT ( LENGTH_MEASURE( 0.02539999999999999897 ), #1244 );
#2093 = STYLED_ITEM ( 'NONE', ( #1921 ), #1023 ) ;
#2094 = ORIENTED_EDGE ( 'NONE', *, *, #1859, .F. ) ;
#2095 = MECHANICAL_DESIGN_GEOMETRIC_PRESENTATION_REPRESENTATION (  '', ( #1268 ), #2202 ) ;
#2096 = CARTESIAN_POINT ( 'NONE',  ( 1.625000000000000000, -1.625000000000000000, 0.000000000000000000 ) ) ;
#2097 = FILL_AREA_STYLE ('',( #1 ) ) ;
#2098 = COLOUR_RGB ( '',0.5019607843137254832, 0.5019607843137254832, 0.5019607843137254832 ) ;
#2099 = EDGE_LOOP ( 'NONE', ( #1992, #2105, #489, #1906, #1024, #2066, #2038, #392 ) ) ;
#2100 = SURFACE_SIDE_STYLE ('',( #889 ) ) ;
#2101 =( NAMED_UNIT ( * ) PLANE_ANGLE_UNIT ( ) SI_UNIT ( $, .RADIAN. ) );
#2102 = DIRECTION ( 'NONE',  ( -0.000000000000000000, -0.000000000000000000, -1.000000000000000000 ) ) ;
#2103 = DIRECTION ( 'NONE',  ( -0.000000000000000000, -0.000000000000000000, 1.000000000000000000 ) ) ;
#2104 = CARTESIAN_POINT ( 'NONE',  ( 1.100000000000000977, 1.299999999999999600, 0.000000000000000000 ) ) ;
#2105 = ORIENTED_EDGE ( 'NONE', *, *, #950, .T. ) ;
#2106 = SURFACE_SIDE_STYLE ('',( #1054 ) ) ;
#2107 = EDGE_LOOP ( 'NONE', ( #1009, #1726, #977, #1281 ) ) ;
#2108 = ADVANCED_FACE ( 'NONE', ( #1854 ), #949, .F. ) ;
#2109 = LINE ( 'NONE', #1273, #614 ) ;
#2110 = CARTESIAN_POINT ( 'NONE',  ( 0.000000000000000000, 0.000000000000000000, 0.000000000000000000 ) ) ;
#2111 = DIRECTION ( 'NONE',  ( 1.000000000000000000, 0.000000000000000000, 0.000000000000000000 ) ) ;
#2112 = EDGE_CURVE ( 'NONE', #1907, #790, #1665, .T. ) ;
#2113 = DIRECTION ( 'NONE',  ( -0.000000000000000000, 0.000000000000000000, -1.000000000000000000 ) ) ;
#2114 = FACE_BOUND ( 'NONE', #1497, .T. ) ;
#2115 = DIRECTION ( 'NONE',  ( -1.000000000000000000, 0.000000000000000000, 0.000000000000000000 ) ) ;
#2116 = EDGE_LOOP ( 'NONE', ( #2193, #1673 ) ) ;
#2117 =( LENGTH_UNIT ( ) NAMED_UNIT ( * ) SI_UNIT ( $, .METRE. ) );
#2118 = CARTESIAN_POINT ( 'NONE',  ( 1.625000000000000000, -1.625000000000000000, 0.000000000000000000 ) ) ;
#2119 = CARTESIAN_POINT ( 'NONE',  ( 1.375000000000000000, 0.000000000000000000, 0.2800000000000000266 ) ) ;
#2120 = MECHANICAL_DESIGN_GEOMETRIC_PRESENTATION_REPRESENTATION (  '', ( #356 ), #2192 ) ;
#2121 =( GEOMETRIC_REPRESENTATION_CONTEXT ( 3 ) GLOBAL_UNCERTAINTY_ASSIGNED_CONTEXT ( ( #1687 ) ) GLOBAL_UNIT_ASSIGNED_CONTEXT ( ( #73, #513, #1677 ) ) REPRESENTATION_CONTEXT ( 'NONE', 'WORKASPACE' ) );
#2122 = CARTESIAN_POINT ( 'NONE',  ( -1.500000000000000222, -1.500000000000000222, 0.000000000000000000 ) ) ;
#2123 =( NAMED_UNIT ( * ) PLANE_ANGLE_UNIT ( ) SI_UNIT ( $, .RADIAN. ) );
#2124 = COLOUR_RGB ( '',0.5019607843137254832, 0.5019607843137254832, 0.5019607843137254832 ) ;
#2125 = COLOUR_RGB ( '',0.5019607843137254832, 0.5019607843137254832, 0.5019607843137254832 ) ;
#2126 = UNCERTAINTY_MEASURE_WITH_UNIT (LENGTH_MEASURE( 1.000000000000000082E-05 ), #1071, 'distance_accuracy_value', 'NONE');
#2127 = VECTOR ( 'NONE', #1258, 39.37007874015748143 ) ;
#2128 = DIRECTION ( 'NONE',  ( 0.000000000000000000, 0.000000000000000000, -1.000000000000000000 ) ) ;
#2129 = VECTOR ( 'NONE', #1668, 39.37007874015748143 ) ;
#2130 = ORIENTED_EDGE ( 'NONE', *, *, #1355, .T. ) ;
#2131 = DIRECTION ( 'NONE',  ( -0.000000000000000000, -0.000000000000000000, -1.000000000000000000 ) ) ;
#2132 = VECTOR ( 'NONE', #112, 39.37007874015748143 ) ;
#2133 = CARTESIAN_POINT ( 'NONE',  ( 1.375000000000000000, 0.000000000000000000, 0.000000000000000000 ) ) ;
#2134 = CARTESIAN_POINT ( 'NONE',  ( 1.625000000000000000, -1.625000000000000000, 0.4000000000000000222 ) ) ;
#2135 = ORIENTED_EDGE ( 'NONE', *, *, #1249, .T. ) ;
#2136 = SURFACE_STYLE_USAGE ( .BOTH. , #448 ) ;
#2137 = UNCERTAINTY_MEASURE_WITH_UNIT (LENGTH_MEASURE( 1.000000000000000082E-05 ), #118, 'distance_accuracy_value', 'NONE');
#2138 = CARTESIAN_POINT ( 'NONE',  ( 1.100000000000000977, 1.299999999999999600, 0.000000000000000000 ) ) ;
#2139 = DIRECTION ( 'NONE',  ( 0.000000000000000000, 0.000000000000000000, -1.000000000000000000 ) ) ;
#2140 = EDGE_LOOP ( 'NONE', ( #1184, #1899, #2049, #1485 ) ) ;
#2141 = PRESENTATION_STYLE_ASSIGNMENT (( #1637 ) ) ;
#2142 = DIRECTION ( 'NONE',  ( 0.000000000000000000, 1.000000000000000000, -0.000000000000000000 ) ) ;
#2143 = CARTESIAN_POINT ( 'NONE',  ( 0.000000000000000000, 0.000000000000000000, 0.000000000000000000 ) ) ;
#2144 = LINE ( 'NONE', #1648, #1696 ) ;
#2145 = CYLINDRICAL_SURFACE ( 'NONE', #1851, 0.07499999999999988620 ) ;
#2146 = ORIENTED_EDGE ( 'NONE', *, *, #1069, .F. ) ;
#2147 = LENGTH_MEASURE_WITH_UNIT ( LENGTH_MEASURE( 0.02539999999999999897 ), #2013 );
#2148 = EDGE_CURVE ( 'NONE', #876, #243, #160, .T. ) ;
#2149 =( NAMED_UNIT ( * ) PLANE_ANGLE_UNIT ( ) SI_UNIT ( $, .RADIAN. ) );
#2150 = CARTESIAN_POINT ( 'NONE',  ( 1.625000000000000000, -1.524999999999999911, 0.000000000000000000 ) ) ;
#2151 = CYLINDRICAL_SURFACE ( 'NONE', #1948, 0.07499999999999988620 ) ;
#2152 = AXIS2_PLACEMENT_3D ( 'NONE', #406, #547, #1221 ) ;
#2153 = AXIS2_PLACEMENT_3D ( 'NONE', #667, #1707, #1511 ) ;
#2154 = DIRECTION ( 'NONE',  ( 1.000000000000000000, 0.000000000000000000, -0.000000000000000000 ) ) ;
#2155 = PRESENTATION_LAYER_ASSIGNMENT (  '', '', ( #1041 ) ) ;
#2156 = DIRECTION ( 'NONE',  ( -0.000000000000000000, -0.000000000000000000, -1.000000000000000000 ) ) ;
#2157 = UNCERTAINTY_MEASURE_WITH_UNIT (LENGTH_MEASURE( 1.000000000000000082E-05 ), #1312, 'distance_accuracy_value', 'NONE');
#2158 = VERTEX_POINT ( 'NONE', #663 ) ;
#2159 =( GEOMETRIC_REPRESENTATION_CONTEXT ( 3 ) GLOBAL_UNCERTAINTY_ASSIGNED_CONTEXT ( ( #2042 ) ) GLOBAL_UNIT_ASSIGNED_CONTEXT ( ( #2068, #1242, #2237 ) ) REPRESENTATION_CONTEXT ( 'NONE', 'WORKASPACE' ) );
#2160 = VECTOR ( 'NONE', #85, 39.37007874015748143 ) ;
#2161 = LENGTH_MEASURE_WITH_UNIT ( LENGTH_MEASURE( 0.02539999999999999897 ), #775 );
#2162 = DIRECTION ( 'NONE',  ( 0.000000000000000000, 0.000000000000000000, -1.000000000000000000 ) ) ;
#2163 = COLOUR_RGB ( '',0.3882352941176470673, 0.8588235294117646523, 0.3882352941176470673 ) ;
#2164 = DIRECTION ( 'NONE',  ( -0.000000000000000000, -0.000000000000000000, -1.000000000000000000 ) ) ;
#2165 =( LENGTH_UNIT ( ) NAMED_UNIT ( * ) SI_UNIT ( $, .METRE. ) );
#2166 =( NAMED_UNIT ( * ) SI_UNIT ( $, .STERADIAN. ) SOLID_ANGLE_UNIT ( ) );
#2167 = DIMENSIONAL_EXPONENTS ( 1.000000000000000000, 0.000000000000000000, 0.000000000000000000, 0.000000000000000000, 0.000000000000000000, 0.000000000000000000, 0.000000000000000000 ) ;
#2168 = ORIENTED_EDGE ( 'NONE', *, *, #807, .F. ) ;
#2169 = CYLINDRICAL_SURFACE ( 'NONE', #1911, 0.2499999999999999167 ) ;
#2170 = EDGE_LOOP ( 'NONE', ( #1265, #1337 ) ) ;
#2171 = EDGE_CURVE ( 'NONE', #1703, #156, #1987, .T. ) ;
#2172 = PRESENTATION_STYLE_ASSIGNMENT (( #107 ) ) ;
#2173 = DIRECTION ( 'NONE',  ( -0.000000000000000000, -0.000000000000000000, 1.000000000000000000 ) ) ;
#2174 = CARTESIAN_POINT ( 'NONE',  ( 0.000000000000000000, 0.000000000000000000, 0.2000000000000000111 ) ) ;
#2175 = EDGE_CURVE ( 'NONE', #1852, #1928, #1358, .T. ) ;
#2176 = FACE_OUTER_BOUND ( 'NONE', #699, .T. ) ;
#2177 = PRESENTATION_STYLE_ASSIGNMENT (( #1639 ) ) ;
#2178 = EDGE_CURVE ( 'NONE', #1064, #854, #1020, .T. ) ;
#2179 = CYLINDRICAL_SURFACE ( 'NONE', #1296, 0.2499999999999999167 ) ;
#2180 = CARTESIAN_POINT ( 'NONE',  ( 1.625000000000000000, -1.524999999999999911, 0.4000000000000000222 ) ) ;
#2181 = ORIENTED_EDGE ( 'NONE', *, *, #1571, .T. ) ;
#2182 = DIMENSIONAL_EXPONENTS ( 1.000000000000000000, 0.000000000000000000, 0.000000000000000000, 0.000000000000000000, 0.000000000000000000, 0.000000000000000000, 0.000000000000000000 ) ;
#2183 = SURFACE_SIDE_STYLE ('',( #477 ) ) ;
#2184 = CARTESIAN_POINT ( 'NONE',  ( -1.625000000000000000, 1.524999999999999911, 0.4000000000000000222 ) ) ;
#2185 = CARTESIAN_POINT ( 'NONE',  ( 0.000000000000000000, 0.000000000000000000, 0.2000000000000000111 ) ) ;
#2186 = FILL_AREA_STYLE ('',( #1670 ) ) ;
#2187 = FILL_AREA_STYLE_COLOUR ( '', #1977 ) ;
#2188 = FILL_AREA_STYLE_COLOUR ( '', #1120 ) ;
#2189 = ORIENTED_EDGE ( 'NONE', *, *, #1496, .T. ) ;
#2190 =( NAMED_UNIT ( * ) PLANE_ANGLE_UNIT ( ) SI_UNIT ( $, .RADIAN. ) );
#2191 = CARTESIAN_POINT ( 'NONE',  ( -1.530000000000000027, 0.000000000000000000, 0.2000000000000000111 ) ) ;
#2192 =( GEOMETRIC_REPRESENTATION_CONTEXT ( 3 ) GLOBAL_UNCERTAINTY_ASSIGNED_CONTEXT ( ( #449 ) ) GLOBAL_UNIT_ASSIGNED_CONTEXT ( ( #1969, #1459, #1132 ) ) REPRESENTATION_CONTEXT ( 'NONE', 'WORKASPACE' ) );
#2193 = ORIENTED_EDGE ( 'NONE', *, *, #748, .F. ) ;
#2194 =( GEOMETRIC_REPRESENTATION_CONTEXT ( 3 ) GLOBAL_UNCERTAINTY_ASSIGNED_CONTEXT ( ( #2208 ) ) GLOBAL_UNIT_ASSIGNED_CONTEXT ( ( #290, #70, #80 ) ) REPRESENTATION_CONTEXT ( 'NONE', 'WORKASPACE' ) );
#2195 = PRESENTATION_LAYER_ASSIGNMENT (  '', '', ( #396 ) ) ;
#2196 = CARTESIAN_POINT ( 'NONE',  ( -1.175000000000000266, -1.300000000000000044, 0.000000000000000000 ) ) ;
#2197 = PRESENTATION_LAYER_ASSIGNMENT (  '', '', ( #469 ) ) ;
#2198 = CARTESIAN_POINT ( 'NONE',  ( 0.000000000000000000, 0.000000000000000000, 0.000000000000000000 ) ) ;
#2199 = DIRECTION ( 'NONE',  ( -0.000000000000000000, -0.000000000000000000, 1.000000000000000000 ) ) ;
#2200 =( CONVERSION_BASED_UNIT ( 'INCH', #2223 ) LENGTH_UNIT ( ) NAMED_UNIT ( #1362 ) );
#2201 = PRESENTATION_LAYER_ASSIGNMENT (  '', '', ( #1517 ) ) ;
#2202 =( GEOMETRIC_REPRESENTATION_CONTEXT ( 3 ) GLOBAL_UNCERTAINTY_ASSIGNED_CONTEXT ( ( #472 ) ) GLOBAL_UNIT_ASSIGNED_CONTEXT ( ( #344, #1044, #181 ) ) REPRESENTATION_CONTEXT ( 'NONE', 'WORKASPACE' ) );
#2203 =( GEOMETRIC_REPRESENTATION_CONTEXT ( 3 ) GLOBAL_UNCERTAINTY_ASSIGNED_CONTEXT ( ( #1174 ) ) GLOBAL_UNIT_ASSIGNED_CONTEXT ( ( #277, #258, #793 ) ) REPRESENTATION_CONTEXT ( 'NONE', 'WORKASPACE' ) );
#2204 = EDGE_LOOP ( 'NONE', ( #1806, #625, #1959, #461 ) ) ;
#2205 = EDGE_CURVE ( 'NONE', #661, #1531, #938, .T. ) ;
#2206 = LENGTH_MEASURE_WITH_UNIT ( LENGTH_MEASURE( 0.02539999999999999897 ), #1182 );
#2207 =( CONVERSION_BASED_UNIT ( 'INCH', #1026 ) LENGTH_UNIT ( ) NAMED_UNIT ( #829 ) );
#2208 = UNCERTAINTY_MEASURE_WITH_UNIT (LENGTH_MEASURE( 1.000000000000000082E-05 ), #290, 'distance_accuracy_value', 'NONE');
#2209 = ORIENTED_EDGE ( 'NONE', *, *, #1426, .F. ) ;
#2210 = DIRECTION ( 'NONE',  ( -1.000000000000000000, 0.000000000000000000, 0.000000000000000000 ) ) ;
#2211 = DIRECTION ( 'NONE',  ( -1.000000000000000000, 0.000000000000000000, 0.000000000000000000 ) ) ;
#2212 = EDGE_CURVE ( 'NONE', #1027, #1248, #2244, .T. ) ;
#2213 = ADVANCED_FACE ( 'NONE', ( #121 ), #2041, .F. ) ;
#2214 =( CONVERSION_BASED_UNIT ( 'INCH', #835 ) LENGTH_UNIT ( ) NAMED_UNIT ( #1423 ) );
#2215 = CARTESIAN_POINT ( 'NONE',  ( 1.524999999999999911, 1.524999999999999911, 0.4000000000000000222 ) ) ;
#2216 = FACE_OUTER_BOUND ( 'NONE', #1481, .T. ) ;
#2217 = FACE_OUTER_BOUND ( 'NONE', #2170, .T. ) ;
#2218 = ORIENTED_EDGE ( 'NONE', *, *, #812, .F. ) ;
#2219 = VERTEX_POINT ( 'NONE', #842 ) ;
#2220 = LINE ( 'NONE', #1353, #287 ) ;
#2221 = FACE_OUTER_BOUND ( 'NONE', #1105, .T. ) ;
#2222 = ORIENTED_EDGE ( 'NONE', *, *, #1280, .F. ) ;
#2223 = LENGTH_MEASURE_WITH_UNIT ( LENGTH_MEASURE( 0.02539999999999999897 ), #1016 );
#2224 = ADVANCED_FACE ( 'NONE', ( #2217, #825 ), #497, .F. ) ;
#2225 = FILL_AREA_STYLE_COLOUR ( '', #607 ) ;
#2226 = SURFACE_STYLE_FILL_AREA ( #1025 ) ;
#2227 = DIRECTION ( 'NONE',  ( -0.000000000000000000, -0.000000000000000000, 1.000000000000000000 ) ) ;
#2228 = EDGE_LOOP ( 'NONE', ( #1776, #2027, #937, #1412 ) ) ;
#2229 = DIMENSIONAL_EXPONENTS ( 1.000000000000000000, 0.000000000000000000, 0.000000000000000000, 0.000000000000000000, 0.000000000000000000, 0.000000000000000000, 0.000000000000000000 ) ;
#2230 = ORIENTED_EDGE ( 'NONE', *, *, #346, .F. ) ;
#2231 = CARTESIAN_POINT ( 'NONE',  ( -1.500000000000000222, 1.500000000000000222, 0.000000000000000000 ) ) ;
#2232 = AXIS2_PLACEMENT_3D ( 'NONE', #1187, #1014, #1348 ) ;
#2233 = VERTEX_POINT ( 'NONE', #44 ) ;
#2234 = PRESENTATION_LAYER_ASSIGNMENT (  '', '', ( #1363 ) ) ;
#2235 = AXIS2_PLACEMENT_3D ( 'NONE', #54, #739, #747 ) ;
#2236 = SURFACE_STYLE_USAGE ( .BOTH. , #1374 ) ;
#2237 =( NAMED_UNIT ( * ) SI_UNIT ( $, .STERADIAN. ) SOLID_ANGLE_UNIT ( ) );
#2238 = AXIS2_PLACEMENT_3D ( 'NONE', #1299, #2164, #945 ) ;
#2239 = SURFACE_SIDE_STYLE ('',( #1544 ) ) ;
#2240 = DIRECTION ( 'NONE',  ( 0.000000000000000000, 0.000000000000000000, 1.000000000000000000 ) ) ;
#2241 = AXIS2_PLACEMENT_3D ( 'NONE', #799, #348, #3 ) ;
#2242 = COLOUR_RGB ( '',0.3882352941176470673, 0.8588235294117646523, 0.3882352941176470673 ) ;
#2243 = STYLED_ITEM ( 'NONE', ( #439 ), #1790 ) ;
#2244 = CIRCLE ( 'NONE', #1591, 1.530000000000000027 ) ;
#2245 = CARTESIAN_POINT ( 'NONE',  ( -1.025000000000000133, -1.300000000000000044, 0.000000000000000000 ) ) ;
#2246 = CARTESIAN_POINT ( 'NONE',  ( -1.100000000000000089, -1.300000000000000044, 0.4000000000000000222 ) ) ;
#2247 = ORIENTED_EDGE ( 'NONE', *, *, #807, .T. ) ;
#2248 = ORIENTED_EDGE ( 'NONE', *, *, #777, .F. ) ;
#2249 = DIRECTION ( 'NONE',  ( -0.000000000000000000, -0.000000000000000000, -1.000000000000000000 ) ) ;
#2250 = SURFACE_STYLE_USAGE ( .BOTH. , #501 ) ;
#2251 = ORIENTED_EDGE ( 'NONE', *, *, #346, .T. ) ;
#2252 =( CONVERSION_BASED_UNIT ( 'INCH', #1049 ) LENGTH_UNIT ( ) NAMED_UNIT ( #2167 ) );
#2253 = FILL_AREA_STYLE ('',( #283 ) ) ;
#2254 = EDGE_CURVE ( 'NONE', #1563, #1039, #979, .T. ) ;
#2255 = CARTESIAN_POINT ( 'NONE',  ( -1.524999999999999911, -1.524999999999999911, 0.4000000000000000222 ) ) ;
#2256 = DIRECTION ( 'NONE',  ( 1.000000000000000000, 0.000000000000000000, 0.000000000000000000 ) ) ;
#2257 = ADVANCED_FACE ( 'NONE', ( #713 ), #530, .F. ) ;
#2258 = ORIENTED_EDGE ( 'NONE', *, *, #983, .T. ) ;
#2259 = ORIENTED_EDGE ( 'NONE', *, *, #103, .F. ) ;
ENDSEC;
END-ISO-10303-21;
