ISO-10303-21;
HEADER;
FILE_DESCRIPTION (( 'STEP AP214' ),
    '1' );
FILE_NAME ('Base-Dennis-Share.STEP',
    '2025-04-24T16:21:44',
    ( 'icekoga@gmail.com' ),
    ( '' ),
    'SwSTEP 2.0',
    'SolidWorks 2024',
    '' );
FILE_SCHEMA (( 'AUTOMOTIVE_DESIGN' ));
ENDSEC;

DATA;
#1 = ADVANCED_FACE ( 'NONE', ( #1054 ), #3417, .F. ) ;
#2 = CARTESIAN_POINT ( 'NONE',  ( -16.98549417784315452, 39.71993519556410490, -3.138853495676211303 ) ) ;
#3 = CARTESIAN_POINT ( 'NONE',  ( -28.41916009976002044, 35.23339462613265738, -16.34271213963312874 ) ) ;
#4 = CARTESIAN_POINT ( 'NONE',  ( -2.223198194073510159, 43.04563210960402131, -6.614149847614914535 ) ) ;
#5 = CARTESIAN_POINT ( 'NONE',  ( 38.84826982928614569, 1.175062653024463222, -16.31602583597862477 ) ) ;
#6 = FILL_AREA_STYLE ('',( #2525 ) ) ;
#7 = DIRECTION ( 'NONE',  ( 0.000000000000000000, -0.9848077530121863710, -0.1736481776670531219 ) ) ;
#8 = CIRCLE ( 'NONE', #1029, 5.000000000000000888 ) ;
#9 = EDGE_LOOP ( 'NONE', ( #3278, #3138, #3233, #1109 ) ) ;
#10 = CARTESIAN_POINT ( 'NONE',  ( 30.43247857120258359, 30.55948455087875359, -4.754088099782491028 ) ) ;
#11 = AXIS2_PLACEMENT_3D ( 'NONE', #1686, #1103, #3725 ) ;
#12 = CARTESIAN_POINT ( 'NONE',  ( -43.00489104126569373, 16.43996777596876058, -11.30544630931081329 ) ) ;
#13 = CARTESIAN_POINT ( 'NONE',  ( 40.21357230926494708, 4.037669647280909047, -13.49230609219083732 ) ) ;
#14 = DIRECTION ( 'NONE',  ( 0.000000000000000000, 0.000000000000000000, 1.000000000000000000 ) ) ;
#15 = ORIENTED_EDGE ( 'NONE', *, *, #1475, .T. ) ;
#16 = CARTESIAN_POINT ( 'NONE',  ( 8.039574571549053417, -6.685837765422565582, -15.38314977687250540 ) ) ;
#17 = VECTOR ( 'NONE', #2787, 1000.000000000000000 ) ;
#18 = CARTESIAN_POINT ( 'NONE',  ( -9.098881540030015813, -11.52053985986837681, 0.000000000000000000 ) ) ;
#19 = DIRECTION ( 'NONE',  ( -7.677592639748479295E-15, 0.1736481776670532051, -0.9848077530121864820 ) ) ;
#20 = EDGE_CURVE ( 'NONE', #3374, #448, #816, .T. ) ;
#21 = DIRECTION ( 'NONE',  ( 0.000000000000000000, 0.000000000000000000, 1.000000000000000000 ) ) ;
#22 = CARTESIAN_POINT ( 'NONE',  ( -2.412850133589859780, 43.04357401968837138, -16.34271213963313230 ) ) ;
#23 = EDGE_CURVE ( 'NONE', #852, #3543, #2526, .T. ) ;
#24 =( LENGTH_UNIT ( ) NAMED_UNIT ( * ) SI_UNIT ( .MILLI., .METRE. ) );
#25 = CARTESIAN_POINT ( 'NONE',  ( -18.98352708307158920, 3.136354446975226917, -13.65123228012703649 ) ) ;
#26 = EDGE_CURVE ( 'NONE', #1975, #2277, #1652, .T. ) ;
#27 = VERTEX_POINT ( 'NONE', #735 ) ;
#28 = CARTESIAN_POINT ( 'NONE',  ( 15.41734352860753887, 39.48107496341739875, -3.180970999221960582 ) ) ;
#29 = CARTESIAN_POINT ( 'NONE',  ( -43.05551888864820853, 5.895105171333988814, -13.16479009437302672 ) ) ;
#30 = CARTESIAN_POINT ( 'NONE',  ( 29.43694275910261737, -7.855399110114253958, -15.58937499754194533 ) ) ;
#31 = FILL_AREA_STYLE ('',( #2004 ) ) ;
#32 = VERTEX_POINT ( 'NONE', #2692 ) ;
#33 = DIRECTION ( 'NONE',  ( 7.678886376986422251E-15, -0.1736481776670532051, 0.9848077530121863710 ) ) ;
#34 = FACE_OUTER_BOUND ( 'NONE', #9, .T. ) ;
#35 = CARTESIAN_POINT ( 'NONE',  ( -36.61010454681757409, 28.06788742673490944, -9.255130345367577505 ) ) ;
#36 = PLANE ( 'NONE',  #1210 ) ;
#37 = CARTESIAN_POINT ( 'NONE',  ( 11.11654315144034655, 41.42754457484454633, 3.469446951953614189E-15 ) ) ;
#38 = CARTESIAN_POINT ( 'NONE',  ( -1.618740263424276016, -11.35067886967538975, -16.20568712427698443 ) ) ;
#39 = ORIENTED_EDGE ( 'NONE', *, *, #2027, .T. ) ;
#40 = DIRECTION ( 'NONE',  ( 0.000000000000000000, -0.9848077530121863710, -0.1736481776670531219 ) ) ;
#41 = CARTESIAN_POINT ( 'NONE',  ( -34.85858521622664341, 29.96829866555714261, -8.920036569521688108 ) ) ;
#42 = CARTESIAN_POINT ( 'NONE',  ( -3.986000726292843410, 42.94943810012217256, -6.631111446869089043 ) ) ;
#43 = CARTESIAN_POINT ( 'NONE',  ( -31.90290161193764362, -7.704903486135306956, -15.56283855854920972 ) ) ;
#44 = CARTESIAN_POINT ( 'NONE',  ( 27.68968580693253756, 32.74557311400089077, -4.368621703885859020 ) ) ;
#45 = CARTESIAN_POINT ( 'NONE',  ( -43.53973005712341404, 8.927367426858211275, -12.63012044613980756 ) ) ;
#46 = ADVANCED_FACE ( 'NONE', ( #2740 ), #170, .F. ) ;
#47 = CARTESIAN_POINT ( 'NONE',  ( 15.12396077958532459, -10.68279457864383630, -16.08792110377682150 ) ) ;
#48 = CARTESIAN_POINT ( 'NONE',  ( 8.618707698641584258, 25.85871820260354426, -9.644666484532795181 ) ) ;
#49 = ORIENTED_EDGE ( 'NONE', *, *, #910, .F. ) ;
#50 = FILL_AREA_STYLE_COLOUR ( '', #1818 ) ;
#51 = CARTESIAN_POINT ( 'NONE',  ( 30.43745124391308465, 31.24943453037412766, -8.694137750602802583 ) ) ;
#52 = CARTESIAN_POINT ( 'NONE',  ( 5.868707698641586035, 22.85871820261570164, -10.17364742665854749 ) ) ;
#53 = CARTESIAN_POINT ( 'NONE',  ( 4.302684022786353424, 42.72762848856733342, -3.469446951953614189E-15 ) ) ;
#54 = CARTESIAN_POINT ( 'NONE',  ( 1.189909264987615511, -11.26460052544342538, -16.19050918973418973 ) ) ;
#55 = ORIENTED_EDGE ( 'NONE', *, *, #3584, .F. ) ;
#56 = FACE_OUTER_BOUND ( 'NONE', #2137, .T. ) ;
#57 = CARTESIAN_POINT ( 'NONE',  ( -23.36320767274326116, 37.96986298023451667, -7.509144892970025964 ) ) ;
#58 =( BOUNDED_CURVE ( )  B_SPLINE_CURVE ( 3, ( #1257, #727, #3575, #2165 ),
 .UNSPECIFIED., .F., .F. ) 
 B_SPLINE_CURVE_WITH_KNOTS ( ( 4, 4 ),
 ( 3.141592653589756257, 6.283185307179532941 ),
 .UNSPECIFIED. ) 
 CURVE ( )  GEOMETRIC_REPRESENTATION_ITEM ( )  RATIONAL_B_SPLINE_CURVE ( ( 1.000000000000000000, 0.3333333333333210469, 0.3333333333333210469, 1.000000000000000000 ) ) 
 REPRESENTATION_ITEM ( '' )  );
#59 = CARTESIAN_POINT ( 'NONE',  ( 41.35927553090303377, 13.75938051793571582, -2.602085213965214191E-15 ) ) ;
#60 = CARTESIAN_POINT ( 'NONE',  ( -20.57060859968260402, -11.59562806869297624, -12.18717182941690247 ) ) ;
#61 = CARTESIAN_POINT ( 'NONE',  ( 19.03960614100607884, -1.442422449659842565, 3.694786180815933463 ) ) ;
#62 = CARTESIAN_POINT ( 'NONE',  ( -36.17419341630423446, 28.53956938960078205, -9.171960089002309857 ) ) ;
#63 = COLOUR_RGB ( '',0.000000000000000000, 1.000000000000000000, 0.000000000000000000 ) ;
#64 = CARTESIAN_POINT ( 'NONE',  ( 26.64912265743474507, -8.853278954651843335, -15.76532813763919805 ) ) ;
#65 = CARTESIAN_POINT ( 'NONE',  ( -13.78772615122745115, -11.44653821365920265, -16.22258971296751184 ) ) ;
#66 = DIRECTION ( 'NONE',  ( 8.659560562354792342E-17, 0.7071067811865361374, 0.7071067811865588970 ) ) ;
#67 = CARTESIAN_POINT ( 'NONE',  ( -15.13321582687193079, 9.204454310215513857, -8.519556105060607010 ) ) ;
#68 = DIRECTION ( 'NONE',  ( 1.000000000000000000, 0.000000000000000000, 0.000000000000000000 ) ) ;
#69 =( GEOMETRIC_REPRESENTATION_CONTEXT ( 3 ) GLOBAL_UNCERTAINTY_ASSIGNED_CONTEXT ( ( #823 ) ) GLOBAL_UNIT_ASSIGNED_CONTEXT ( ( #2062, #1793, #2423 ) ) REPRESENTATION_CONTEXT ( 'NONE', 'WORKASPACE' ) );
#70 = EDGE_CURVE ( 'NONE', #3543, #852, #775, .T. ) ;
#71 = CARTESIAN_POINT ( 'NONE',  ( -35.03662098874323050, 29.09060491877130161, -5.013091210336159342 ) ) ;
#72 = CARTESIAN_POINT ( 'NONE',  ( 37.98716768080981154, 22.44132246234341821, -10.24724555730163722 ) ) ;
#73 = COLOUR_RGB ( '',0.000000000000000000, 1.000000000000000000, 0.000000000000000000 ) ;
#74 = CARTESIAN_POINT ( 'NONE',  ( -8.039574571549040982, -6.685837765422562029, -6.700000000000000178 ) ) ;
#75 = CARTESIAN_POINT ( 'NONE',  ( -1.610873624982293251, -11.35044708120551782, -16.20564625371592271 ) ) ;
#76 = CARTESIAN_POINT ( 'NONE',  ( 38.57719319368892741, 21.47306652913954395, -16.31602583597862477 ) ) ;
#77 = STYLED_ITEM ( 'NONE', ( #1075 ), #2391 ) ;
#78 = CARTESIAN_POINT ( 'NONE',  ( 1.841054344941284615, 42.94859519105889945, 0.000000000000000000 ) ) ;
#79 = CARTESIAN_POINT ( 'NONE',  ( -43.64750305799181973, 10.23715000719793800, -12.39917043836007515 ) ) ;
#80 = CARTESIAN_POINT ( 'NONE',  ( -33.88583148056906680, 30.91304704176402041, -16.34271213963313230 ) ) ;
#81 = CARTESIAN_POINT ( 'NONE',  ( 16.50420335252654169, 39.78369329611516036, -7.189317669853726223 ) ) ;
#82 = ORIENTED_EDGE ( 'NONE', *, *, #1672, .F. ) ;
#83 = CIRCLE ( 'NONE', #1402, 3.000000000000002665 ) ;
#84 = CARTESIAN_POINT ( 'NONE',  ( 7.855167511930322810, -11.05937960134487597, -16.15432320380277531 ) ) ;
#85 =( GEOMETRIC_REPRESENTATION_CONTEXT ( 3 ) GLOBAL_UNCERTAINTY_ASSIGNED_CONTEXT ( ( #894 ) ) GLOBAL_UNIT_ASSIGNED_CONTEXT ( ( #3440, #1376, #2523 ) ) REPRESENTATION_CONTEXT ( 'NONE', 'WORKASPACE' ) );
#86 = UNCERTAINTY_MEASURE_WITH_UNIT (LENGTH_MEASURE( 1.000000000000000082E-05 ), #2998, 'distance_accuracy_value', 'NONE');
#87 = CARTESIAN_POINT ( 'NONE',  ( 41.53580399420506097, 8.452694182060781714, -12.71381814621405404 ) ) ;
#88 = CARTESIAN_POINT ( 'NONE',  ( -43.55951484922300665, 12.95081417788321865, -11.92067822848976455 ) ) ;
#89 = CARTESIAN_POINT ( 'NONE',  ( 19.73544479200516122, -10.19048428131271145, -16.00111351547670679 ) ) ;
#90 = CARTESIAN_POINT ( 'NONE',  ( -26.61612434144041117, -9.621798876673940626, -15.90083893509693524 ) ) ;
#91 = CARTESIAN_POINT ( 'NONE',  ( 7.547844463403135862, -11.07952370214041693, -16.15787515227521709 ) ) ;
#92 = FACE_BOUND ( 'NONE', #3446, .T. ) ;
#93 = ORIENTED_EDGE ( 'NONE', *, *, #1782, .T. ) ;
#94 =( NAMED_UNIT ( * ) SI_UNIT ( $, .STERADIAN. ) SOLID_ANGLE_UNIT ( ) );
#95 = CARTESIAN_POINT ( 'NONE',  ( -8.070480344127416217, 8.985763747283478153, -8.558117151731931216 ) ) ;
#96 = CARTESIAN_POINT ( 'NONE',  ( -15.85331461358362226, 40.05599382434451883, -3.079597292322333146 ) ) ;
#97 = CARTESIAN_POINT ( 'NONE',  ( 35.97541321917698554, 25.28058799518215949, -9.746606438466187683 ) ) ;
#98 = CARTESIAN_POINT ( 'NONE',  ( -42.40812854056165548, 18.49685541701712665, 1.301042606982610251E-15 ) ) ;
#99 = CARTESIAN_POINT ( 'NONE',  ( 7.845487247224729899, 42.16561630983307651, 0.000000000000000000 ) ) ;
#100 = CARTESIAN_POINT ( 'NONE',  ( 40.81654745838774545, 5.500622918910011094, 6.938893903907228378E-15 ) ) ;
#101 = EDGE_CURVE ( 'NONE', #2016, #1747, #3384, .T. ) ;
#102 = CARTESIAN_POINT ( 'NONE',  ( -10.07030532133468625, 6.549888889874496023, 5.104046308199305493 ) ) ;
#103 = CARTESIAN_POINT ( 'NONE',  ( -33.88583148056906680, 30.91304704176402041, 0.000000000000000000 ) ) ;
#104 =( NAMED_UNIT ( * ) PLANE_ANGLE_UNIT ( ) SI_UNIT ( $, .RADIAN. ) );
#105 = CARTESIAN_POINT ( 'NONE',  ( -18.22195578665122184, -11.17287349820913178, -16.17433523996568923 ) ) ;
#106 = CARTESIAN_POINT ( 'NONE',  ( 40.65457861655462324, 16.53198581421979796, -11.28922104645228508 ) ) ;
#107 = CARTESIAN_POINT ( 'NONE',  ( -14.96787782213305817, 40.98328709102121792, -6.977796917920925601 ) ) ;
#108 = CARTESIAN_POINT ( 'NONE',  ( 17.48043940514823547, -10.47075927100144099, -16.05053355817663530 ) ) ;
#109 = CARTESIAN_POINT ( 'NONE',  ( -36.14779043964924909, -5.070222331068939603, -15.09827318534694385 ) ) ;
#110 = CARTESIAN_POINT ( 'NONE',  ( 41.58455192353936525, 12.27998069585754237, -12.03896427093011212 ) ) ;
#111 = DIRECTION ( 'NONE',  ( 1.000000000000000000, 0.000000000000000000, 0.000000000000000000 ) ) ;
#112 = DIRECTION ( 'NONE',  ( 7.677518879091899977E-15, -0.1736481776670532051, 0.9848077530121864820 ) ) ;
#113 = ORIENTED_EDGE ( 'NONE', *, *, #241, .T. ) ;
#114 = CARTESIAN_POINT ( 'NONE',  ( -10.12583515669697576, 42.10625128875349077, -6.779788031491015055 ) ) ;
#115 = CARTESIAN_POINT ( 'NONE',  ( 35.82662156559455013, 25.47330181164290508, -9.712625793068836444 ) ) ;
#116 = CARTESIAN_POINT ( 'NONE',  ( -12.58723370871244640, -11.47927942335354778, -3.081487911019700679E-30 ) ) ;
#117 = CARTESIAN_POINT ( 'NONE',  ( 1.841054344941284615, 42.94859519105889945, -16.31602583597862122 ) ) ;
#118 = CARTESIAN_POINT ( 'NONE',  ( 39.64622129174004783, 2.763078432989384492, -3.469446951953614189E-15 ) ) ;
#119 = DIRECTION ( 'NONE',  ( 1.000000000000000000, 0.000000000000000000, 0.000000000000000000 ) ) ;
#120 = CARTESIAN_POINT ( 'NONE',  ( -43.54962805408285931, 13.14652653790373016, -11.88616885895663167 ) ) ;
#121 = ORIENTED_EDGE ( 'NONE', *, *, #3584, .T. ) ;
#122 = ADVANCED_FACE ( 'NONE', ( #1093 ), #747, .F. ) ;
#123 = ORIENTED_EDGE ( 'NONE', *, *, #1429, .F. ) ;
#124 = DIRECTION ( 'NONE',  ( 0.000000000000000000, 0.000000000000000000, 1.000000000000000000 ) ) ;
#125 = CARTESIAN_POINT ( 'NONE',  ( 5.176000085628775338, -11.14462598493720868, -16.16935444123799570 ) ) ;
#126 = FACE_OUTER_BOUND ( 'NONE', #1415, .T. ) ;
#127 = EDGE_LOOP ( 'NONE', ( #410, #3525, #1655, #2359 ) ) ;
#128 =( NAMED_UNIT ( * ) PLANE_ANGLE_UNIT ( ) SI_UNIT ( $, .RADIAN. ) );
#129 = CARTESIAN_POINT ( 'NONE',  ( 22.60793097070487789, -9.789092348253953801, -1.637040452729149074E-30 ) ) ;
#130 = CARTESIAN_POINT ( 'NONE',  ( -26.71707055104948836, 35.57452517024595551, -3.869801129239161419 ) ) ;
#131 = STYLED_ITEM ( 'NONE', ( #2012 ), #1 ) ;
#132 =( GEOMETRIC_REPRESENTATION_CONTEXT ( 3 ) GLOBAL_UNCERTAINTY_ASSIGNED_CONTEXT ( ( #1817 ) ) GLOBAL_UNIT_ASSIGNED_CONTEXT ( ( #2463, #382, #1545 ) ) REPRESENTATION_CONTEXT ( 'NONE', 'WORKASPACE' ) );
#133 = CARTESIAN_POINT ( 'NONE',  ( 26.31478375143245074, 34.40742091675296876, -8.137299545973744941 ) ) ;
#134 = VECTOR ( 'NONE', #66, 1000.000000000000000 ) ;
#135 = AXIS2_PLACEMENT_3D ( 'NONE', #2229, #1338, #3095 ) ;
#136 = CARTESIAN_POINT ( 'NONE',  ( -40.85700772478739395, 0.1855767240526887130, 1.925929944387235853E-31 ) ) ;
#137 = CARTESIAN_POINT ( 'NONE',  ( 5.116091378062902706, 41.92791450158563293, -2.749527171178662410 ) ) ;
#138 = CARTESIAN_POINT ( 'NONE',  ( -27.72430718579704845, -9.275078932060321080, -15.83970285411816548 ) ) ;
#139 = MECHANICAL_DESIGN_GEOMETRIC_PRESENTATION_REPRESENTATION (  '', ( #1272 ), #2041 ) ;
#140 = FACE_OUTER_BOUND ( 'NONE', #1359, .T. ) ;
#141 =( GEOMETRIC_REPRESENTATION_CONTEXT ( 3 ) GLOBAL_UNCERTAINTY_ASSIGNED_CONTEXT ( ( #1403 ) ) GLOBAL_UNIT_ASSIGNED_CONTEXT ( ( #612, #1156, #882 ) ) REPRESENTATION_CONTEXT ( 'NONE', 'WORKASPACE' ) );
#142 = CARTESIAN_POINT ( 'NONE',  ( -38.11855487730512948, -3.282315234402959359, -3.469446951953614189E-15 ) ) ;
#143 = ORIENTED_EDGE ( 'NONE', *, *, #2189, .T. ) ;
#144 = EDGE_LOOP ( 'NONE', ( #2127, #642, #1251, #278 ) ) ;
#145 = CIRCLE ( 'NONE', #2235, 3.000000000000002665 ) ;
#146 = CARTESIAN_POINT ( 'NONE',  ( -39.32092534135905737, -2.697533006283289403, -10.61819759300529498 ) ) ;
#147 = VECTOR ( 'NONE', #742, 1000.000000000000000 ) ;
#148 = CARTESIAN_POINT ( 'NONE',  ( 39.41026274881443214, 19.13522104096825771, -6.768493991302903190 ) ) ;
#149 = CARTESIAN_POINT ( 'NONE',  ( -20.04996870482024818, 39.35024136044943788, -7.265746940951673949 ) ) ;
#150 = VECTOR ( 'NONE', #1689, 1000.000000000000000 ) ;
#151 = CARTESIAN_POINT ( 'NONE',  ( -31.63219935105778546, -7.826186377083875101, -15.58422400452193379 ) ) ;
#152 = CARTESIAN_POINT ( 'NONE',  ( 38.79614844051749145, 1.076058874321041747, -14.01451797781533237 ) ) ;
#153 = CARTESIAN_POINT ( 'NONE',  ( 5.868707698641586035, 28.85871820261570875, -8.582227638670445913 ) ) ;
#154 = ORIENTED_EDGE ( 'NONE', *, *, #1603, .F. ) ;
#155 = CARTESIAN_POINT ( 'NONE',  ( 35.69300857740217481, -3.566840468624060456, -1.301042606982608279E-15 ) ) ;
#156 = CARTESIAN_POINT ( 'NONE',  ( -22.51688702016916466, 38.34973667922479024, -7.442162910576445967 ) ) ;
#157 = CARTESIAN_POINT ( 'NONE',  ( 41.21222825324932870, 14.48923703873537505, -11.64941277038328771 ) ) ;
#158 = CARTESIAN_POINT ( 'NONE',  ( 26.29331124516313878, 14.86100263228771823, -6.700000000000000178 ) ) ;
#159 = CARTESIAN_POINT ( 'NONE',  ( 17.61522146164868374, 38.67447426211461448, -3.323196465520013465 ) ) ;
#160 = CARTESIAN_POINT ( 'NONE',  ( -31.14093953107597557, -8.027191852685588103, -15.61966669314672451 ) ) ;
#161 = ORIENTED_EDGE ( 'NONE', *, *, #771, .T. ) ;
#162 = FACE_BOUND ( 'NONE', #982, .T. ) ;
#163 = CARTESIAN_POINT ( 'NONE',  ( -33.89720704566768461, -6.671054089919322472, -16.34271213963312874 ) ) ;
#164 = VERTEX_POINT ( 'NONE', #2854 ) ;
#165 = VERTEX_POINT ( 'NONE', #3368 ) ;
#166 = CARTESIAN_POINT ( 'NONE',  ( -37.36131498032370502, 26.48344504055364723, -5.472803839886529964 ) ) ;
#167 = CARTESIAN_POINT ( 'NONE',  ( -12.01550852137255632, 41.71158618906720505, -6.849378136909716197 ) ) ;
#168 = CARTESIAN_POINT ( 'NONE',  ( -15.13321582687193079, 9.204454310234963188, -8.519556105080056341 ) ) ;
#169 = CARTESIAN_POINT ( 'NONE',  ( 28.88129732355464085, -8.113493188921424348, -15.63488394719005825 ) ) ;
#170 = CYLINDRICAL_SURFACE ( 'NONE', #2900, 2.749999999999999112 ) ;
#171 = CARTESIAN_POINT ( 'NONE',  ( 26.29331124516313878, 14.86100263228771645, -11.58386046573702721 ) ) ;
#172 = LINE ( 'NONE', #472, #2300 ) ;
#173 = CARTESIAN_POINT ( 'NONE',  ( 31.27711583677509566, -6.952382793175524434, -15.43014885683904325 ) ) ;
#174 = FACE_OUTER_BOUND ( 'NONE', #304, .T. ) ;
#175 = DIRECTION ( 'NONE',  ( 0.000000000000000000, -0.9848077530121863710, -0.1736481776670531219 ) ) ;
#176 = CARTESIAN_POINT ( 'NONE',  ( -8.143241651255163305, 14.40173238839191328, -7.603135753632858318 ) ) ;
#177 = CARTESIAN_POINT ( 'NONE',  ( 17.96756980767218792, -10.40156415768232812, 1.301042606982606110E-15 ) ) ;
#178 = CARTESIAN_POINT ( 'NONE',  ( -14.71377605422044788, 41.05076531925945460, -6.965898685672043733 ) ) ;
#179 = EDGE_CURVE ( 'NONE', #1784, #1596, #721, .T. ) ;
#180 = CARTESIAN_POINT ( 'NONE',  ( 39.21539419690668637, 20.23706116279591072, -10.63591629694366780 ) ) ;
#181 = CARTESIAN_POINT ( 'NONE',  ( -32.68012441592137662, -7.336874858250009623, -4.814824860968089633E-32 ) ) ;
#182 = CARTESIAN_POINT ( 'NONE',  ( 37.70521952635786533, 22.19403035414477543, -6.229143380547554898 ) ) ;
#183 = CARTESIAN_POINT ( 'NONE',  ( -13.83014835613962390, -11.44023178664318863, -16.22147771973946107 ) ) ;
#184 = ORIENTED_EDGE ( 'NONE', *, *, #3509, .F. ) ;
#185 = FACE_BOUND ( 'NONE', #1169, .T. ) ;
#186 = CARTESIAN_POINT ( 'NONE',  ( -41.33264490070271080, 20.99441876209928992, -16.34271213963313585 ) ) ;
#187 = CARTESIAN_POINT ( 'NONE',  ( -39.44486114276937627, 23.66457058391375767, -5.969847461822056722 ) ) ;
#188 = ORIENTED_EDGE ( 'NONE', *, *, #2368, .F. ) ;
#189 = CARTESIAN_POINT ( 'NONE',  ( -28.72459160589213312, 34.35918748009193990, -4.084097954685219634 ) ) ;
#190 = CARTESIAN_POINT ( 'NONE',  ( -43.45522421092513099, 13.34482874719065215, -7.789496381582273088 ) ) ;
#191 = CARTESIAN_POINT ( 'NONE',  ( 14.95970535944077184, -11.38730755462730038, -12.15043930215206380 ) ) ;
#192 = CARTESIAN_POINT ( 'NONE',  ( -21.70426561988033498, 38.68457707736634887, -7.383121514153251574 ) ) ;
#193 = SURFACE_STYLE_FILL_AREA ( #3621 ) ;
#194 = DIRECTION ( 'NONE',  ( 0.9999124886036886428, 0.01302834534158435129, 0.002297248797702666941 ) ) ;
#195 = CARTESIAN_POINT ( 'NONE',  ( 0.6105308389687831294, 43.03507643318360465, -16.34271213963313230 ) ) ;
#196 =( BOUNDED_CURVE ( )  B_SPLINE_CURVE ( 3, ( #1844, #3605, #2748, #698 ),
 .UNSPECIFIED., .F., .F. ) 
 B_SPLINE_CURVE_WITH_KNOTS ( ( 4, 4 ),
 ( -5.329070518200751394E-14, 3.141592653589756257 ),
 .UNSPECIFIED. ) 
 CURVE ( )  GEOMETRIC_REPRESENTATION_ITEM ( )  RATIONAL_B_SPLINE_CURVE ( ( 1.000000000000000000, 0.3333333333333278747, 0.3333333333333278747, 1.000000000000000000 ) ) 
 REPRESENTATION_ITEM ( '' )  );
#197 = CARTESIAN_POINT ( 'NONE',  ( -2.355070617067072991, 43.04181350885958324, -2.602085213965210247E-15 ) ) ;
#198 = CARTESIAN_POINT ( 'NONE',  ( 40.80691267523572918, 16.00515522378713840, -11.38211549381185428 ) ) ;
#199 = EDGE_CURVE ( 'NONE', #1837, #1599, #2108, .T. ) ;
#200 = CARTESIAN_POINT ( 'NONE',  ( -17.40239183385678245, -11.23672860378703042, -16.18559461794182042 ) ) ;
#201 = ADVANCED_FACE ( 'NONE', ( #1971 ), #3495, .T. ) ;
#202 = AXIS2_PLACEMENT_3D ( 'NONE', #1668, #3133, #1411 ) ;
#203 = AXIS2_PLACEMENT_3D ( 'NONE', #329, #2923, #345 ) ;
#204 = CARTESIAN_POINT ( 'NONE',  ( 26.29331124516313878, 14.86100263228771823, -7.000000000000000000 ) ) ;
#205 = EDGE_CURVE ( 'NONE', #222, #557, #3510, .T. ) ;
#206 = CARTESIAN_POINT ( 'NONE',  ( -26.24551235510302050, -9.726970564925682794, -3.469446951953614189E-15 ) ) ;
#207 = VECTOR ( 'NONE', #3014, 1000.000000000000114 ) ;
#208 = ORIENTED_EDGE ( 'NONE', *, *, #731, .F. ) ;
#209 = CARTESIAN_POINT ( 'NONE',  ( -43.16464784033112778, 15.08575113351072794, -7.482524793554679476 ) ) ;
#210 = VECTOR ( 'NONE', #33, 1000.000000000000114 ) ;
#211 = CARTESIAN_POINT ( 'NONE',  ( -43.58042406869755325, 9.379970586026992407, -12.55031429762048667 ) ) ;
#212 = CARTESIAN_POINT ( 'NONE',  ( 5.868707698641586035, 25.85871820261570520, -6.482227638670450709 ) ) ;
#213 = CARTESIAN_POINT ( 'NONE',  ( 32.84479934538401835, -6.024666429806598167, -16.31602583597862477 ) ) ;
#214 = DIRECTION ( 'NONE',  ( 8.659560562354792342E-17, 0.7071067811865361374, 0.7071067811865588970 ) ) ;
#215 = DIRECTION ( 'NONE',  ( 0.000000000000000000, 0.000000000000000000, 1.000000000000000000 ) ) ;
#216 = AXIS2_PLACEMENT_3D ( 'NONE', #2828, #818, #1375 ) ;
#217 = VECTOR ( 'NONE', #3124, 1000.000000000000000 ) ;
#218 = LINE ( 'NONE', #809, #3580 ) ;
#219 =( LENGTH_UNIT ( ) NAMED_UNIT ( * ) SI_UNIT ( .MILLI., .METRE. ) );
#220 = CARTESIAN_POINT ( 'NONE',  ( 35.27175144529845596, 25.50216957460735756, -5.645829180040132123 ) ) ;
#221 = CARTESIAN_POINT ( 'NONE',  ( -29.68010849612103286, -8.595705150567857444, -15.71991092645500743 ) ) ;
#222 = VERTEX_POINT ( 'NONE', #2986 ) ;
#223 = CARTESIAN_POINT ( 'NONE',  ( 26.29331124516313878, 11.86100263228771468, -12.11284140786653118 ) ) ;
#224 = CARTESIAN_POINT ( 'NONE',  ( -15.65793508426446046, -11.38418807499493113, -16.34271213963313585 ) ) ;
#225 = ORIENTED_EDGE ( 'NONE', *, *, #3141, .T. ) ;
#226 = ADVANCED_FACE ( 'NONE', ( #2669 ), #1232, .F. ) ;
#227 = CARTESIAN_POINT ( 'NONE',  ( -20.34081881620549126, 38.55180073606406665, -3.344827117981367781 ) ) ;
#228 = SURFACE_STYLE_FILL_AREA ( #1091 ) ;
#229 = CARTESIAN_POINT ( 'NONE',  ( 26.06269143669757327, -9.026663040621560441, -15.79590043001433841 ) ) ;
#230 = DIRECTION ( 'NONE',  ( 0.000000000000000000, 1.497534851276745554E-16, 1.000000000000000000 ) ) ;
#231 = CARTESIAN_POINT ( 'NONE',  ( 8.358602344145950269, -11.05216948942095456, 0.000000000000000000 ) ) ;
#232 = PLANE ( 'NONE',  #2725 ) ;
#233 = CARTESIAN_POINT ( 'NONE',  ( 37.84603628611664305, 22.67220206044531494, -10.20653525485833946 ) ) ;
#234 = LINE ( 'NONE', #505, #2222 ) ;
#235 = CARTESIAN_POINT ( 'NONE',  ( 40.25509450675775014, 17.71315925691524384, -11.08094829961226857 ) ) ;
#236 = ORIENTED_EDGE ( 'NONE', *, *, #867, .F. ) ;
#237 = DIRECTION ( 'NONE',  ( 0.000000000000000000, 0.000000000000000000, 1.000000000000000000 ) ) ;
#238 = CARTESIAN_POINT ( 'NONE',  ( -41.40441866276011496, 1.237120857073325642, -13.98611840469460965 ) ) ;
#239 = CARTESIAN_POINT ( 'NONE',  ( 6.670280650915536569, -11.79316394608056839, -12.22200273425825223 ) ) ;
#240 = DIRECTION ( 'NONE',  ( 0.01322932856868140952, -0.9847215711106220848, -0.1736329814725587339 ) ) ;
#241 = EDGE_CURVE ( 'NONE', #3336, #2688, #494, .T. ) ;
#242 = CYLINDRICAL_SURFACE ( 'NONE', #2978, 4.999999999999997335 ) ;
#243 = CARTESIAN_POINT ( 'NONE',  ( 27.72985743412148807, -8.515086126577104508, -1.301042606982603349E-15 ) ) ;
#244 = CARTESIAN_POINT ( 'NONE',  ( 2.066776714870354414, -11.23798393574685051, -16.31602583597861766 ) ) ;
#245 = CARTESIAN_POINT ( 'NONE',  ( -21.01642538170063901, 4.877508973400400016, -9.282513311992302008 ) ) ;
#246 = UNCERTAINTY_MEASURE_WITH_UNIT (LENGTH_MEASURE( 1.000000000000000082E-05 ), #2536, 'distance_accuracy_value', 'NONE');
#247 = CARTESIAN_POINT ( 'NONE',  ( 32.31690915061799529, 29.49140287284497575, -9.004126164763203377 ) ) ;
#248 = DIRECTION ( 'NONE',  ( 0.000000000000000000, 0.000000000000000000, 1.000000000000000000 ) ) ;
#249 = CARTESIAN_POINT ( 'NONE',  ( 38.02406391648151640, -0.3227905054786403549, -14.26117286542704043 ) ) ;
#250 = CARTESIAN_POINT ( 'NONE',  ( 25.48549860493971053, -9.871924863771985414, -11.88323644765567622 ) ) ;
#251 = ORIENTED_EDGE ( 'NONE', *, *, #817, .F. ) ;
#252 = PRESENTATION_STYLE_ASSIGNMENT (( #559 ) ) ;
#253 = CARTESIAN_POINT ( 'NONE',  ( -42.09633213178258160, 2.823107076230067847, -13.70646624322525930 ) ) ;
#254 = CARTESIAN_POINT ( 'NONE',  ( 5.868707698641586035, 25.85871820260354426, -7.000000000000000000 ) ) ;
#255 = LINE ( 'NONE', #1430, #1644 ) ;
#256 = CIRCLE ( 'NONE', #2281, 2.750000000000000888 ) ;
#257 = AXIS2_PLACEMENT_3D ( 'NONE', #3131, #491, #1112 ) ;
#258 = CARTESIAN_POINT ( 'NONE',  ( -14.48427358989718705, 41.12353766557966139, -6.953066957566404582 ) ) ;
#259 = CARTESIAN_POINT ( 'NONE',  ( -26.39210443411255014, 36.43441338145312614, -16.34271213963312519 ) ) ;
#260 = CARTESIAN_POINT ( 'NONE',  ( -6.107118538572732902, 42.71923379085551886, -6.671702677668172043 ) ) ;
#261 = MECHANICAL_DESIGN_GEOMETRIC_PRESENTATION_REPRESENTATION (  '', ( #3029 ), #2967 ) ;
#262 = DIRECTION ( 'NONE',  ( 0.000000000000000000, -0.7071067811865359154, 0.7071067811865591191 ) ) ;
#263 = DIRECTION ( 'NONE',  ( -0.01322932856868137309, 0.9847215711106220848, 0.1736329814725587894 ) ) ;
#264 = CARTESIAN_POINT ( 'NONE',  ( 22.06125329905554722, -9.873447995945056732, 3.469446951953614189E-15 ) ) ;
#265 = STYLED_ITEM ( 'NONE', ( #3206 ), #2142 ) ;
#266 = ORIENTED_EDGE ( 'NONE', *, *, #1970, .F. ) ;
#267 = CARTESIAN_POINT ( 'NONE',  ( 17.61522146164868374, 39.36906697278232770, -7.262427477568774492 ) ) ;
#268 = DIRECTION ( 'NONE',  ( 7.677085236174923462E-15, -0.1736481776670532051, 0.9848077530121864820 ) ) ;
#269 =( GEOMETRIC_REPRESENTATION_CONTEXT ( 3 ) GLOBAL_UNCERTAINTY_ASSIGNED_CONTEXT ( ( #3676 ) ) GLOBAL_UNIT_ASSIGNED_CONTEXT ( ( #3531, #2083, #1815 ) ) REPRESENTATION_CONTEXT ( 'NONE', 'WORKASPACE' ) );
#270 = CARTESIAN_POINT ( 'NONE',  ( 39.48027373621552982, 2.430384422567954061, -13.77571384300200208 ) ) ;
#271 = VECTOR ( 'NONE', #21, 1000.000000000000000 ) ;
#272 = ORIENTED_EDGE ( 'NONE', *, *, #3148, .F. ) ;
#273 = CARTESIAN_POINT ( 'NONE',  ( -38.50425715035248686, -2.870340129865289303, -14.71037459889985399 ) ) ;
#274 = AXIS2_PLACEMENT_3D ( 'NONE', #1575, #3618, #1286 ) ;
#275 = CARTESIAN_POINT ( 'NONE',  ( -6.364254721256791036, -12.17846867485194196, -12.28994235373520461 ) ) ;
#276 = CARTESIAN_POINT ( 'NONE',  ( 36.97128697058494851, 23.94560864988566706, 1.301042606982602165E-15 ) ) ;
#277 = CARTESIAN_POINT ( 'NONE',  ( -6.785063746770001458, -11.48588136773779844, -16.34271213963313230 ) ) ;
#278 = ORIENTED_EDGE ( 'NONE', *, *, #3657, .T. ) ;
#279 = LINE ( 'NONE', #2560, #2354 ) ;
#280 = DIRECTION ( 'NONE',  ( 1.000000000000000000, 0.000000000000000000, 0.000000000000000000 ) ) ;
#281 = DIRECTION ( 'NONE',  ( -0.000000000000000000, -1.497534851276745554E-16, -1.000000000000000000 ) ) ;
#282 = FILL_AREA_STYLE ('',( #1715 ) ) ;
#283 = CARTESIAN_POINT ( 'NONE',  ( 23.02000290638253688, 36.60528427850409372, -7.749756935385232914 ) ) ;
#284 = EDGE_LOOP ( 'NONE', ( #2878, #1410, #3149, #1235 ) ) ;
#285 = CARTESIAN_POINT ( 'NONE',  ( 5.116091378062902706, 42.62250721225334615, -6.688758183227424325 ) ) ;
#286 = CARTESIAN_POINT ( 'NONE',  ( -30.27234910946619451, 33.98359841518746549, -1.301042606982605715E-15 ) ) ;
#287 = CARTESIAN_POINT ( 'NONE',  ( 40.07696088951267654, 3.715943674181811041, -13.54903506164293603 ) ) ;
#288 = LINE ( 'NONE', #360, #1265 ) ;
#289 = CARTESIAN_POINT ( 'NONE',  ( 22.00549537411258427, -10.58184833619563037, -12.00841511008220763 ) ) ;
#290 = EDGE_LOOP ( 'NONE', ( #2979, #676, #1308, #417 ) ) ;
#291 = LINE ( 'NONE', #3226, #2598 ) ;
#292 = FILL_AREA_STYLE_COLOUR ( '', #1143 ) ;
#293 = CARTESIAN_POINT ( 'NONE',  ( -35.88389534112440060, -5.271872246846623256, -15.13382950616191636 ) ) ;
#294 = CARTESIAN_POINT ( 'NONE',  ( -21.73632775784836113, -11.42003533946909499, -12.15621009363849581 ) ) ;
#295 = CARTESIAN_POINT ( 'NONE',  ( -15.13321582687193079, 19.40445431023496425, -8.519556105080056341 ) ) ;
#296 = CARTESIAN_POINT ( 'NONE',  ( 28.88129732355464085, -8.808085899589135792, -11.69565293514129323 ) ) ;
#297 = CARTESIAN_POINT ( 'NONE',  ( 9.318836669120008409, -11.00024162767927827, -16.14389558346803355 ) ) ;
#298 = CARTESIAN_POINT ( 'NONE',  ( -6.403502324906030552, 42.69307154219212208, 0.000000000000000000 ) ) ;
#299 = CARTESIAN_POINT ( 'NONE',  ( -8.345853457239217121, 42.38487209610754292, -6.730659665767671385 ) ) ;
#300 = CARTESIAN_POINT ( 'NONE',  ( 14.72541233697160123, -3.552713678800500929E-15, -6.700000000000000178 ) ) ;
#301 = CARTESIAN_POINT ( 'NONE',  ( 39.64622129174004783, 2.763078432989384492, -16.31602583597862832 ) ) ;
#302 = FACE_OUTER_BOUND ( 'NONE', #1038, .T. ) ;
#303 = CARTESIAN_POINT ( 'NONE',  ( 5.868707698641586035, 22.85871820261570164, -10.17364742665854749 ) ) ;
#304 = EDGE_LOOP ( 'NONE', ( #2792, #2079, #709, #2038 ) ) ;
#305 = CARTESIAN_POINT ( 'NONE',  ( 8.584591300134958303, 41.33360164797246483, -2.854320562252504079 ) ) ;
#306 = CARTESIAN_POINT ( 'NONE',  ( -43.57834378326992919, 9.444105123446075112, -12.53900564828215280 ) ) ;
#307 = CARTESIAN_POINT ( 'NONE',  ( 41.67218042208467921, 10.01181658328168034, -12.43890280065633469 ) ) ;
#308 = PRESENTATION_STYLE_ASSIGNMENT (( #2883 ) ) ;
#309 = CARTESIAN_POINT ( 'NONE',  ( 41.00508718399175478, 5.479027789228826606, -9.176449315353439218 ) ) ;
#310 = VERTEX_POINT ( 'NONE', #1034 ) ;
#311 = FACE_OUTER_BOUND ( 'NONE', #284, .T. ) ;
#312 = CARTESIAN_POINT ( 'NONE',  ( -40.60877378008138550, -0.2025592944693356268, -14.23997285900222920 ) ) ;
#313 = EDGE_CURVE ( 'NONE', #2871, #1155, #695, .T. ) ;
#314 =( BOUNDED_CURVE ( )  B_SPLINE_CURVE ( 3, ( #1770, #880, #2336, #48 ),
 .UNSPECIFIED., .F., .T. ) 
 B_SPLINE_CURVE_WITH_KNOTS ( ( 4, 4 ),
 ( 1.570796326794896558, 4.712388980384689674 ),
 .UNSPECIFIED. ) 
 CURVE ( )  GEOMETRIC_REPRESENTATION_ITEM ( )  RATIONAL_B_SPLINE_CURVE ( ( 1.000000000000000000, 0.3333333333333333703, 0.3333333333333333703, 1.000000000000000000 ) ) 
 REPRESENTATION_ITEM ( '' )  );
#315 =( LENGTH_UNIT ( ) NAMED_UNIT ( * ) SI_UNIT ( .MILLI., .METRE. ) );
#316 = ADVANCED_FACE ( 'NONE', ( #3076 ), #3082, .F. ) ;
#317 = PRESENTATION_STYLE_ASSIGNMENT (( #648 ) ) ;
#318 = CARTESIAN_POINT ( 'NONE',  ( -7.878613594074026061, 42.45993093572431576, -6.717424767202558655 ) ) ;
#319 = AXIS2_PLACEMENT_3D ( 'NONE', #2781, #3357, #1661 ) ;
#320 = CARTESIAN_POINT ( 'NONE',  ( 27.15846759260319487, 33.81157387855227370, 0.000000000000000000 ) ) ;
#321 = CARTESIAN_POINT ( 'NONE',  ( 0.7455782187286721374, -11.27878241741347765, -16.19300983991908538 ) ) ;
#322 = UNCERTAINTY_MEASURE_WITH_UNIT (LENGTH_MEASURE( 1.000000000000000082E-05 ), #315, 'distance_accuracy_value', 'NONE');
#323 = AXIS2_PLACEMENT_3D ( 'NONE', #2907, #1171, #1754 ) ;
#324 = SURFACE_STYLE_USAGE ( .BOTH. , #1439 ) ;
#325 = PRESENTATION_LAYER_ASSIGNMENT (  '', '', ( #2045 ) ) ;
#326 = ORIENTED_EDGE ( 'NONE', *, *, #1518, .T. ) ;
#327 = CARTESIAN_POINT ( 'NONE',  ( -38.15066197990375940, 26.14576790115199856, -9.594051877876200507 ) ) ;
#328 = CARTESIAN_POINT ( 'NONE',  ( 37.79956510266677583, -0.7013570497259664638, -14.32792436117146195 ) ) ;
#329 = CARTESIAN_POINT ( 'NONE',  ( -19.01660040449326416, 4.903565664083568088, -9.277918814396892699 ) ) ;
#330 = VERTEX_POINT ( 'NONE', #16 ) ;
#331 = CARTESIAN_POINT ( 'NONE',  ( -18.95706842593419594, 0.4723185940857699272, -10.05926723102341036 ) ) ;
#332 = DIRECTION ( 'NONE',  ( -0.000000000000000000, -1.497534851276745554E-16, -1.000000000000000000 ) ) ;
#333 = AXIS2_PLACEMENT_3D ( 'NONE', #204, #1304, #3025 ) ;
#334 = CARTESIAN_POINT ( 'NONE',  ( 5.637825634775925465, -11.13051326300584343, -16.16686598759710947 ) ) ;
#335 = PRESENTATION_LAYER_ASSIGNMENT (  '', '', ( #2604 ) ) ;
#336 = DIRECTION ( 'NONE',  ( 7.677592639748479295E-15, -0.1736481776670532051, 0.9848077530121864820 ) ) ;
#337 = CARTESIAN_POINT ( 'NONE',  ( -16.75174264114155065, 40.47569446629180590, -7.067299192869317181 ) ) ;
#338 = CARTESIAN_POINT ( 'NONE',  ( -13.13808440613499329, 41.45337843945575429, -16.34271213963312874 ) ) ;
#339 = CARTESIAN_POINT ( 'NONE',  ( -8.111990027579475182, 42.42265687768270510, -6.723997189315791267 ) ) ;
#340 = ADVANCED_FACE ( 'NONE', ( #3683 ), #1755, .F. ) ;
#341 = CARTESIAN_POINT ( 'NONE',  ( -27.46086973305262546, -9.367860474580949059, -15.85606274336987376 ) ) ;
#342 = ORIENTED_EDGE ( 'NONE', *, *, #2508, .F. ) ;
#343 = CARTESIAN_POINT ( 'NONE',  ( -42.10113192233097834, 19.23744455023719624, -10.81217567610165453 ) ) ;
#344 = CARTESIAN_POINT ( 'NONE',  ( 20.78946809617265856, -10.05288854557747058, -15.97685167483613533 ) ) ;
#345 = DIRECTION ( 'NONE',  ( 0.000000000000000000, -0.9848077530121863710, -0.1736481776670531219 ) ) ;
#346 = VERTEX_POINT ( 'NONE', #2886 ) ;
#347 = LINE ( 'NONE', #2981, #3568 ) ;
#348 = CARTESIAN_POINT ( 'NONE',  ( 19.62772633683531964, 38.47451449894132480, -7.420161214367120728 ) ) ;
#349 = CARTESIAN_POINT ( 'NONE',  ( 6.689711892552264949, 42.37341270745366728, 3.469446951953614189E-15 ) ) ;
#350 = CARTESIAN_POINT ( 'NONE',  ( -1.597493169148614278, -11.35005276926736251, -16.20557672588241260 ) ) ;
#351 = FILL_AREA_STYLE_COLOUR ( '', #2122 ) ;
#352 = CARTESIAN_POINT ( 'NONE',  ( -43.11584598550312819, 6.161060159054200014, -13.11789505437966774 ) ) ;
#353 = CARTESIAN_POINT ( 'NONE',  ( -33.44562855224471321, 31.32805356236584160, -16.34271213963313230 ) ) ;
#354 = CARTESIAN_POINT ( 'NONE',  ( 16.09240866830914740, 39.92972295324290144, -7.163568701318478560 ) ) ;
#355 = ORIENTED_EDGE ( 'NONE', *, *, #2985, .T. ) ;
#356 = CARTESIAN_POINT ( 'NONE',  ( -32.43853064035423728, -7.456989321073910659, -15.51912460234907165 ) ) ;
#357 = EDGE_CURVE ( 'NONE', #3493, #164, #3189, .T. ) ;
#358 = CARTESIAN_POINT ( 'NONE',  ( -41.71502395539684471, 20.15092429110902472, -10.65110455145526203 ) ) ;
#359 = CARTESIAN_POINT ( 'NONE',  ( 37.96790401506693513, 22.48330235062650218, 3.081487911019408859E-30 ) ) ;
#360 = CARTESIAN_POINT ( 'NONE',  ( -4.311045049232105519, -11.42455542746721697, -6.699999999999999289 ) ) ;
#361 = ORIENTED_EDGE ( 'NONE', *, *, #2207, .T. ) ;
#362 = LINE ( 'NONE', #1738, #3696 ) ;
#363 = CARTESIAN_POINT ( 'NONE',  ( 29.54725508760227726, 32.00392967026955660, -8.561099900625720238 ) ) ;
#364 = DIRECTION ( 'NONE',  ( -0.9999124886036887538, -0.01302834534158408934, -0.002297248797702597985 ) ) ;
#365 = CARTESIAN_POINT ( 'NONE',  ( 5.788824074177330914, -11.12579286060002381, -16.16603365329317299 ) ) ;
#366 = SURFACE_SIDE_STYLE ('',( #2912 ) ) ;
#367 = CARTESIAN_POINT ( 'NONE',  ( -40.52127910838226654, -0.3444345950515656507, -14.26498930238589402 ) ) ;
#368 = CARTESIAN_POINT ( 'NONE',  ( 14.70353925961161323, 40.39340992833685107, -7.081808177006250204 ) ) ;
#369 = CARTESIAN_POINT ( 'NONE',  ( 6.670280650915536569, -11.79316394608056839, -12.22200273425825223 ) ) ;
#370 = STYLED_ITEM ( 'NONE', ( #3326 ), #1408 ) ;
#371 = CARTESIAN_POINT ( 'NONE',  ( 41.39647197703975934, 13.70889567804226949, -11.78700800643231972 ) ) ;
#372 = CARTESIAN_POINT ( 'NONE',  ( -43.51719164565999165, 13.42035913522375346, -11.83788478385496390 ) ) ;
#373 = PRESENTATION_LAYER_ASSIGNMENT (  '', '', ( #3378 ) ) ;
#374 = CARTESIAN_POINT ( 'NONE',  ( 23.18819315644819312, -9.669316576743437253, -15.90921758768720373 ) ) ;
#375 = MECHANICAL_DESIGN_GEOMETRIC_PRESENTATION_REPRESENTATION (  '', ( #2476 ), #3270 ) ;
#376 = CARTESIAN_POINT ( 'NONE',  ( -6.679309327795516893, -11.48325992870509182, -16.22906474210799388 ) ) ;
#377 = CARTESIAN_POINT ( 'NONE',  ( -1.939093291528696028, -11.36575952104889353, -16.20834624999395501 ) ) ;
#378 = FILL_AREA_STYLE_COLOUR ( '', #3587 ) ;
#379 = ORIENTED_EDGE ( 'NONE', *, *, #3554, .F. ) ;
#380 = SURFACE_SIDE_STYLE ('',( #1209 ) ) ;
#381 = COLOUR_RGB ( '',0.000000000000000000, 1.000000000000000000, 0.000000000000000000 ) ;
#382 =( NAMED_UNIT ( * ) PLANE_ANGLE_UNIT ( ) SI_UNIT ( $, .RADIAN. ) );
#383 = EDGE_CURVE ( 'NONE', #3287, #744, #955, .T. ) ;
#384 = CARTESIAN_POINT ( 'NONE',  ( 33.39331532137719449, 28.34952573217459104, -9.205469913319630493 ) ) ;
#385 = PRESENTATION_LAYER_ASSIGNMENT (  '', '', ( #1204 ) ) ;
#386 = CARTESIAN_POINT ( 'NONE',  ( -42.78158257003979514, 17.38346963207328955, 2.602085213965211036E-15 ) ) ;
#387 = CARTESIAN_POINT ( 'NONE',  ( 3.071577850913795427, 42.86211394893419424, 0.000000000000000000 ) ) ;
#388 = CARTESIAN_POINT ( 'NONE',  ( 35.93663926294452438, 25.33650528872029994, 3.469446951953614189E-15 ) ) ;
#389 = CARTESIAN_POINT ( 'NONE',  ( 16.41414817615734734, 39.81601776826186523, -7.183617993277096048 ) ) ;
#390 = COLOUR_RGB ( '',0.000000000000000000, 1.000000000000000000, 0.000000000000000000 ) ;
#391 = CARTESIAN_POINT ( 'NONE',  ( 7.855167511930322810, -11.75397231201258563, -12.21509219175401384 ) ) ;
#392 = AXIS2_PLACEMENT_3D ( 'NONE', #212, #230, #1879 ) ;
#393 = CARTESIAN_POINT ( 'NONE',  ( 38.62055699600922054, 21.39604837687869932, -10.43155558080155920 ) ) ;
#394 = CARTESIAN_POINT ( 'NONE',  ( -20.87802751480162300, 39.02504103420218229, -7.323088532604288936 ) ) ;
#395 = CARTESIAN_POINT ( 'NONE',  ( 26.66961683328623778, -8.847198041179153094, -15.76425590852661252 ) ) ;
#396 = FACE_BOUND ( 'NONE', #3103, .T. ) ;
#397 = CARTESIAN_POINT ( 'NONE',  ( 0.4325247675548193893, -11.28736564029115641, -16.19452329369392984 ) ) ;
#398 = CARTESIAN_POINT ( 'NONE',  ( -18.98352708307158920, 1.166738940950853731, -13.99852863546114357 ) ) ;
#399 =( NAMED_UNIT ( * ) PLANE_ANGLE_UNIT ( ) SI_UNIT ( $, .RADIAN. ) );
#400 = ORIENTED_EDGE ( 'NONE', *, *, #476, .F. ) ;
#401 = CARTESIAN_POINT ( 'NONE',  ( -12.43469893549402983, 41.65112288775392813, -6.860039448273939300 ) ) ;
#402 = CYLINDRICAL_SURFACE ( 'NONE', #1337, 1.999999999999999778 ) ;
#403 = CARTESIAN_POINT ( 'NONE',  ( 28.60859949173515560, 32.72967058705904009, -8.433132195991538183 ) ) ;
#404 = ADVANCED_FACE ( 'NONE', ( #311 ), #3395, .F. ) ;
#405 = CARTESIAN_POINT ( 'NONE',  ( -29.39753242361472729, -8.702867591408560699, 6.162975822039463716E-30 ) ) ;
#406 = CARTESIAN_POINT ( 'NONE',  ( 11.11654315144034655, 41.42754457484454633, -16.31602583597862122 ) ) ;
#407 = CARTESIAN_POINT ( 'NONE',  ( 38.85943601555611338, 20.95508760265738957, 0.000000000000000000 ) ) ;
#408 = CARTESIAN_POINT ( 'NONE',  ( 26.29331124516313878, 22.14455746666921954, -6.237866785425707050 ) ) ;
#409 = CARTESIAN_POINT ( 'NONE',  ( -43.22812633405327887, 15.46997690027629524, -11.47648187173348688 ) ) ;
#410 = ORIENTED_EDGE ( 'NONE', *, *, #1805, .F. ) ;
#411 = CARTESIAN_POINT ( 'NONE',  ( -39.32092534135905737, -2.697533006283289847, -10.61819759300529498 ) ) ;
#412 = CARTESIAN_POINT ( 'NONE',  ( 39.16102108746271426, 19.66550392060179320, -6.674990812215730429 ) ) ;
#413 = CARTESIAN_POINT ( 'NONE',  ( -14.84093542048382197, 41.01713258784949545, -6.971829043654620861 ) ) ;
#414 = CARTESIAN_POINT ( 'NONE',  ( 35.77808343320062079, -3.457691682633113217, -14.81394052481448753 ) ) ;
#415 = FACE_OUTER_BOUND ( 'NONE', #2085, .T. ) ;
#416 = DIRECTION ( 'NONE',  ( 0.9999124886036886428, 0.01302834534158412577, 0.002297248797702589312 ) ) ;
#417 = ORIENTED_EDGE ( 'NONE', *, *, #986, .F. ) ;
#418 = CARTESIAN_POINT ( 'NONE',  ( 29.93546801651594436, -7.632836250386918486, 9.629649721936224151E-32 ) ) ;
#419 = SURFACE_SIDE_STYLE ('',( #3345 ) ) ;
#420 = CARTESIAN_POINT ( 'NONE',  ( 19.51169625012876452, 38.53081814714528974, -7.410233362076438013 ) ) ;
#421 = CARTESIAN_POINT ( 'NONE',  ( -29.95358847381375611, -8.498377252834938389, -1.301042606982611237E-15 ) ) ;
#422 = CARTESIAN_POINT ( 'NONE',  ( 13.24211425196043557, 40.83207502701823444, 3.469446951953614189E-15 ) ) ;
#423 = CARTESIAN_POINT ( 'NONE',  ( -12.28233781540526337, -11.47980694069184437, -16.22845588716394971 ) ) ;
#424 = CARTESIAN_POINT ( 'NONE',  ( 41.29044677311469513, 7.212877114698348358, -16.31602583597862477 ) ) ;
#425 = CARTESIAN_POINT ( 'NONE',  ( 14.72541233697160123, -3.552713678800500929E-15, 0.000000000000000000 ) ) ;
#426 = CARTESIAN_POINT ( 'NONE',  ( -38.31537067535739283, -3.078406489233751486, -14.74706231182884508 ) ) ;
#427 = CARTESIAN_POINT ( 'NONE',  ( -39.69719905754902811, 23.96606597847771880, -16.34271213963312874 ) ) ;
#428 = CARTESIAN_POINT ( 'NONE',  ( 16.51016090944181869, 39.78154758684588188, -7.189696016290655578 ) ) ;
#429 = ORIENTED_EDGE ( 'NONE', *, *, #2302, .F. ) ;
#430 = EDGE_CURVE ( 'NONE', #2957, #2696, #2287, .T. ) ;
#431 =( BOUNDED_CURVE ( )  B_SPLINE_CURVE ( 3, ( #1797, #2650, #3216, #632 ),
 .UNSPECIFIED., .F., .F. ) 
 B_SPLINE_CURVE_WITH_KNOTS ( ( 4, 4 ),
 ( 4.712388980384689674, 7.853981633974482790 ),
 .UNSPECIFIED. ) 
 CURVE ( )  GEOMETRIC_REPRESENTATION_ITEM ( )  RATIONAL_B_SPLINE_CURVE ( ( 1.000000000000000000, 0.3333333333333333703, 0.3333333333333333703, 1.000000000000000000 ) ) 
 REPRESENTATION_ITEM ( '' )  );
#432 = DIRECTION ( 'NONE',  ( 1.000000000000000000, 0.000000000000000000, 0.000000000000000000 ) ) ;
#433 =( LENGTH_UNIT ( ) NAMED_UNIT ( * ) SI_UNIT ( .MILLI., .METRE. ) );
#434 = CARTESIAN_POINT ( 'NONE',  ( -0.1312923013586834997, 28.85871820261570875, -9.115685542406936293 ) ) ;
#435 = CARTESIAN_POINT ( 'NONE',  ( 14.72541233697160123, -3.552713678800500929E-15, -14.20425619018891439 ) ) ;
#436 = ORIENTED_EDGE ( 'NONE', *, *, #70, .T. ) ;
#437 = FILL_AREA_STYLE_COLOUR ( '', #1036 ) ;
#438 = AXIS2_PLACEMENT_3D ( 'NONE', #2026, #2250, #2286 ) ;
#439 = VECTOR ( 'NONE', #3427, 1000.000000000000000 ) ;
#440 = CARTESIAN_POINT ( 'NONE',  ( 39.02267249300152230, 20.62529727168830007, -10.56745979606060715 ) ) ;
#441 = CIRCLE ( 'NONE', #2048, 2.000000000000000444 ) ;
#442 = CARTESIAN_POINT ( 'NONE',  ( -43.29804107024478554, 15.08910542146209721, -3.642087378285632141E-45 ) ) ;
#443 = CARTESIAN_POINT ( 'NONE',  ( -19.37736460001508121, -11.03914379631467391, -16.15075508540631333 ) ) ;
#444 = ORIENTED_EDGE ( 'NONE', *, *, #3056, .F. ) ;
#445 = AXIS2_PLACEMENT_3D ( 'NONE', #171, #1044, #1695 ) ;
#446 = LINE ( 'NONE', #1323, #147 ) ;
#447 = CARTESIAN_POINT ( 'NONE',  ( -36.68339096063130000, -4.657892146140431677, -16.34271213963313230 ) ) ;
#448 = VERTEX_POINT ( 'NONE', #580 ) ;
#449 = MECHANICAL_DESIGN_GEOMETRIC_PRESENTATION_REPRESENTATION (  '', ( #2539 ), #904 ) ;
#450 = CARTESIAN_POINT ( 'NONE',  ( -43.03281270835104522, 15.66478452211185157, -7.380425584413251805 ) ) ;
#451 = EDGE_CURVE ( 'NONE', #2167, #1884, #441, .T. ) ;
#452 = CARTESIAN_POINT ( 'NONE',  ( 24.33005708067436856, -10.14122185216254302, -11.93072077253246555 ) ) ;
#453 = CARTESIAN_POINT ( 'NONE',  ( -16.72229016074247454, 40.48710976650590965, -7.065286367448768701 ) ) ;
#454 = CIRCLE ( 'NONE', #3347, 2.749999999999999112 ) ;
#455 = CARTESIAN_POINT ( 'NONE',  ( -10.13321582687193256, 14.30445431023033009, 0.000000000000000000 ) ) ;
#456 = CARTESIAN_POINT ( 'NONE',  ( 19.01314748386861098, 2.936838859287220771, -9.624705813765594087 ) ) ;
#457 = EDGE_LOOP ( 'NONE', ( #928, #1281 ) ) ;
#458 = FILL_AREA_STYLE ('',( #3607 ) ) ;
#459 = CARTESIAN_POINT ( 'NONE',  ( -43.53409375598075570, 13.32180244265155089, 2.602085213965211036E-15 ) ) ;
#460 = CARTESIAN_POINT ( 'NONE',  ( 37.37604811720220965, 22.67744911092649218, -6.143903610746395572 ) ) ;
#461 = CARTESIAN_POINT ( 'NONE',  ( -12.23228631098637997, -11.48080200699929954, -16.22863134420154196 ) ) ;
#462 = EDGE_LOOP ( 'NONE', ( #1927, #3318, #1440, #2266 ) ) ;
#463 = PLANE ( 'NONE',  #333 ) ;
#464 = CARTESIAN_POINT ( 'NONE',  ( -32.09081857140339622, -7.624059317720549345, 0.000000000000000000 ) ) ;
#465 = EDGE_LOOP ( 'NONE', ( #1962, #3727, #436, #1506 ) ) ;
#466 = CARTESIAN_POINT ( 'NONE',  ( -30.25670156293456969, -9.077422019641726791, -11.74314415998590100 ) ) ;
#467 = CARTESIAN_POINT ( 'NONE',  ( -43.66039810569483848, 10.43599146231747987, -8.302402877396172443 ) ) ;
#468 = CARTESIAN_POINT ( 'NONE',  ( 17.31762234048791527, -10.49098113755293760, -16.05409921884301383 ) ) ;
#469 = CARTESIAN_POINT ( 'NONE',  ( -34.09300172302283727, 30.70991818268168672, -8.789269039233831293 ) ) ;
#470 = ADVANCED_FACE ( 'NONE', ( #1683 ), #3175, .F. ) ;
#471 = CYLINDRICAL_SURFACE ( 'NONE', #1509, 2.749999999999999112 ) ;
#472 = CARTESIAN_POINT ( 'NONE',  ( 29.04331124516313878, 14.86100263228771823, -33.14213562373095101 ) ) ;
#473 = CARTESIAN_POINT ( 'NONE',  ( 1.841054344941284615, 42.94859519105889945, 0.000000000000000000 ) ) ;
#474 = CARTESIAN_POINT ( 'NONE',  ( 37.48567149840913260, -1.256699475453380233, 1.540743955509782902E-30 ) ) ;
#475 = DIRECTION ( 'NONE',  ( 0.01322932856868139391, -0.9847215711106220848, -0.1736329814725587617 ) ) ;
#476 = EDGE_CURVE ( 'NONE', #310, #697, #347, .T. ) ;
#477 = CARTESIAN_POINT ( 'NONE',  ( 40.78173560026143463, 16.09142939940215911, -11.36690302891253701 ) ) ;
#478 = DIRECTION ( 'NONE',  ( 7.677592639748479295E-15, -0.1736481776670532051, 0.9848077530121864820 ) ) ;
#479 = CARTESIAN_POINT ( 'NONE',  ( -29.66402818570628597, -8.601629829726874732, -15.72095560724278229 ) ) ;
#480 = EDGE_LOOP ( 'NONE', ( #2987, #711, #251, #3049, #154, #1561, #2378, #3237, #2436, #123, #2566, #2942, #729 ) ) ;
#481 = DIRECTION ( 'NONE',  ( 0.000000000000000000, 0.1736481776669307198, -0.9848077530122080203 ) ) ;
#482 = CARTESIAN_POINT ( 'NONE',  ( -27.93970474132681403, -9.202936934295401272, 0.000000000000000000 ) ) ;
#483 = CARTESIAN_POINT ( 'NONE',  ( -41.20917204616539919, 20.59548299510060332, -6.511010409887302508 ) ) ;
#484 = VERTEX_POINT ( 'NONE', #2380 ) ;
#485 = CARTESIAN_POINT ( 'NONE',  ( -40.83780732432902028, -0.5246764728410610035, -10.23506436095076566 ) ) ;
#486 = CARTESIAN_POINT ( 'NONE',  ( 35.58913537122949577, -3.730187504907565899, -16.31602583597862477 ) ) ;
#487 =( NAMED_UNIT ( * ) PLANE_ANGLE_UNIT ( ) SI_UNIT ( $, .RADIAN. ) );
#488 = LINE ( 'NONE', #1882, #670 ) ;
#489 = CARTESIAN_POINT ( 'NONE',  ( -19.96533080436002550, 39.37945120421671419, -1.301042606982605518E-15 ) ) ;
#490 = CARTESIAN_POINT ( 'NONE',  ( 39.62730955491723250, 19.32150832144761665, -10.79735296513777953 ) ) ;
#491 = DIRECTION ( 'NONE',  ( 7.677085236174923462E-15, -0.1736481776670532051, 0.9848077530121864820 ) ) ;
#492 = CARTESIAN_POINT ( 'NONE',  ( -16.48433552098597588, -11.30314237535980126, -16.19730515776072366 ) ) ;
#493 = ORIENTED_EDGE ( 'NONE', *, *, #620, .F. ) ;
#494 = CIRCLE ( 'NONE', #3146, 6.685837765422562029 ) ;
#495 = PRESENTATION_LAYER_ASSIGNMENT (  '', '', ( #2712 ) ) ;
#496 = CARTESIAN_POINT ( 'NONE',  ( 29.04331124516313878, 14.86100263228771823, -7.000000000000000000 ) ) ;
#497 = CARTESIAN_POINT ( 'NONE',  ( -26.24551235510302050, -9.726970564925682794, -16.34271213963313585 ) ) ;
#498 = AXIS2_PLACEMENT_3D ( 'NONE', #2040, #3489, #68 ) ;
#499 = VERTEX_POINT ( 'NONE', #1185 ) ;
#500 = CARTESIAN_POINT ( 'NONE',  ( -42.15819656105880853, 18.45880187419188445, -6.887764940673918090 ) ) ;
#501 = DIRECTION ( 'NONE',  ( 0.000000000000000000, 0.000000000000000000, 1.000000000000000000 ) ) ;
#502 = CARTESIAN_POINT ( 'NONE',  ( 32.03969344078164738, -6.508558010384496662, -15.35189057292583747 ) ) ;
#503 = CARTESIAN_POINT ( 'NONE',  ( 37.71278012446699535, -0.8887621268875836034, 3.469446951953614189E-15 ) ) ;
#504 = FILL_AREA_STYLE ('',( #2512 ) ) ;
#505 = CARTESIAN_POINT ( 'NONE',  ( 19.03960614100594029, 1.661988427734189866, -13.91120278875946070 ) ) ;
#506 = CARTESIAN_POINT ( 'NONE',  ( -6.143416674047821324, 15.12238178974329017, -11.53777226808619361 ) ) ;
#507 = FACE_OUTER_BOUND ( 'NONE', #2905, .T. ) ;
#508 = ORIENTED_EDGE ( 'NONE', *, *, #2689, .F. ) ;
#509 = CARTESIAN_POINT ( 'NONE',  ( 23.54331124516314233, 9.361002632287720004, -12.55365885963362516 ) ) ;
#510 = CARTESIAN_POINT ( 'NONE',  ( -39.03311221705948952, -2.295468716170351975, -14.60900925822734742 ) ) ;
#511 = EDGE_CURVE ( 'NONE', #2696, #1784, #1829, .T. ) ;
#512 = SURFACE_STYLE_FILL_AREA ( #3079 ) ;
#513 = CARTESIAN_POINT ( 'NONE',  ( 30.30210279325000755, 31.35038569613885073, -2.602085213965210247E-15 ) ) ;
#514 = CARTESIAN_POINT ( 'NONE',  ( 26.29331124516313878, 14.86100263228771823, 0.000000000000000000 ) ) ;
#515 = CARTESIAN_POINT ( 'NONE',  ( 16.85457056383716079, 12.31762285520570011, 6.121053423836351648 ) ) ;
#516 = CARTESIAN_POINT ( 'NONE',  ( -3.251905794173238995, 43.00087706880149341, 7.703719777548953922E-31 ) ) ;
#517 = CARTESIAN_POINT ( 'NONE',  ( 41.54084195954162340, 12.56098645636732769, -11.98941537362183318 ) ) ;
#518 =( LENGTH_UNIT ( ) NAMED_UNIT ( * ) SI_UNIT ( .MILLI., .METRE. ) );
#519 = CARTESIAN_POINT ( 'NONE',  ( -41.50452074326441476, 1.446483383379753906, -13.94920214255746771 ) ) ;
#520 = PLANE ( 'NONE',  #1769 ) ;
#521 = CARTESIAN_POINT ( 'NONE',  ( 16.84391132300193306, 39.67751092268481017, 9.051870738619913221E-30 ) ) ;
#522 = ORIENTED_EDGE ( 'NONE', *, *, #2935, .F. ) ;
#523 = CARTESIAN_POINT ( 'NONE',  ( -14.71377605422047985, 40.35617260859173427, -3.026667673623284927 ) ) ;
#524 = CARTESIAN_POINT ( 'NONE',  ( -26.91464139116364152, 36.14105130015569500, -16.34271213963313230 ) ) ;
#525 = CARTESIAN_POINT ( 'NONE',  ( -4.357090956672545090, 42.91633510338381541, -6.636948398336371291 ) ) ;
#526 = DIRECTION ( 'NONE',  ( 0.000000000000000000, 0.000000000000000000, 1.000000000000000000 ) ) ;
#527 = CARTESIAN_POINT ( 'NONE',  ( 12.11708481695105633, -10.87879892422760797, 2.602085213965211036E-15 ) ) ;
#528 = EDGE_CURVE ( 'NONE', #2033, #3302, #1485, .T. ) ;
#529 = CARTESIAN_POINT ( 'NONE',  ( 26.50036990344252885, -8.922929829872044749, -3.469446951953614189E-15 ) ) ;
#530 = SURFACE_STYLE_FILL_AREA ( #604 ) ;
#531 = CARTESIAN_POINT ( 'NONE',  ( 38.74570812339975845, 21.16886377212169990, -10.47161435622187931 ) ) ;
#532 = ORIENTED_EDGE ( 'NONE', *, *, #3291, .F. ) ;
#533 = FILL_AREA_STYLE_COLOUR ( '', #2169 ) ;
#534 = CARTESIAN_POINT ( 'NONE',  ( 38.77453044475591071, 1.041200594740836927, -14.02066443301195875 ) ) ;
#535 = DIRECTION ( 'NONE',  ( 0.000000000000000000, -0.9848077530121864820, -0.1736481776670531774 ) ) ;
#536 = CARTESIAN_POINT ( 'NONE',  ( 17.31762234048791527, -11.18557384822064904, -12.11486820679425058 ) ) ;
#537 = VERTEX_POINT ( 'NONE', #95 ) ;
#538 = DIRECTION ( 'NONE',  ( 7.677592639748479295E-15, -0.1736481776670532051, 0.9848077530121864820 ) ) ;
#539 = CARTESIAN_POINT ( 'NONE',  ( -38.49270980082753368, -2.882573820560785816, -14.71253172864311942 ) ) ;
#540 = DIRECTION ( 'NONE',  ( -7.677592639748479295E-15, 0.1736481776670532051, -0.9848077530121864820 ) ) ;
#541 = CARTESIAN_POINT ( 'NONE',  ( 23.15057307975050804, 36.52390150305092220, 9.051870738619817933E-30 ) ) ;
#542 = ORIENTED_EDGE ( 'NONE', *, *, #841, .F. ) ;
#543 = CARTESIAN_POINT ( 'NONE',  ( -16.61081880596927007, 40.52885534404192214, -16.34271213963313585 ) ) ;
#544 = CARTESIAN_POINT ( 'NONE',  ( 2.520297651332701783, 42.89613848986483191, -6.640509606218763849 ) ) ;
#545 = AXIS2_PLACEMENT_3D ( 'NONE', #1227, #2959, #3245 ) ;
#546 = CARTESIAN_POINT ( 'NONE',  ( 23.17831684788738400, -9.688072831878036695, 0.000000000000000000 ) ) ;
#547 = CARTESIAN_POINT ( 'NONE',  ( 29.04331124516313878, 14.86100263228771823, -11.58386046573706452 ) ) ;
#548 = EDGE_CURVE ( 'NONE', #3493, #3243, #1919, .T. ) ;
#549 = DIRECTION ( 'NONE',  ( 0.000000000000000000, -1.000000000000000000, 0.000000000000000000 ) ) ;
#550 = ORIENTED_EDGE ( 'NONE', *, *, #771, .F. ) ;
#551 = CARTESIAN_POINT ( 'NONE',  ( 10.87929886513627942, 40.79865498441621696, -2.948646092277444009 ) ) ;
#552 = CARTESIAN_POINT ( 'NONE',  ( -40.68469461990482472, 22.26016364124743774, 1.301042606982608673E-15 ) ) ;
#553 = COLOUR_RGB ( '',0.000000000000000000, 1.000000000000000000, 0.000000000000000000 ) ;
#554 = CARTESIAN_POINT ( 'NONE',  ( 40.84050017698277912, 5.688913334444743342, -13.20114727841911950 ) ) ;
#555 = CARTESIAN_POINT ( 'NONE',  ( -15.13321582687193079, 11.30445431023496106, -12.21097589311220233 ) ) ;
#556 = CARTESIAN_POINT ( 'NONE',  ( 33.99323622843128589, -5.869149246470817261, -11.17743910860349743 ) ) ;
#557 = VERTEX_POINT ( 'NONE', #660 ) ;
#558 = SURFACE_STYLE_USAGE ( .BOTH. , #1982 ) ;
#559 = SURFACE_STYLE_USAGE ( .BOTH. , #2821 ) ;
#560 = CARTESIAN_POINT ( 'NONE',  ( -37.15256537266332515, -4.196147519368284229, -14.94415021289207068 ) ) ;
#561 = CARTESIAN_POINT ( 'NONE',  ( -17.03788367393009295, -11.96461732706385739, -12.25223459125929359 ) ) ;
#562 = LINE ( 'NONE', #295, #134 ) ;
#563 = ORIENTED_EDGE ( 'NONE', *, *, #1691, .F. ) ;
#564 = CARTESIAN_POINT ( 'NONE',  ( -4.155419728701305715, 42.93890692508597340, -6.938893903907228378E-15 ) ) ;
#565 = CARTESIAN_POINT ( 'NONE',  ( 2.633726347329186090, 42.88633801789463718, -6.642237693850788105 ) ) ;
#566 = CARTESIAN_POINT ( 'NONE',  ( 26.29331124516313878, 14.86100263228771823, -7.000000000000000000 ) ) ;
#567 = CARTESIAN_POINT ( 'NONE',  ( 41.60315157773479200, 8.960622466483862070, -16.31602583597861766 ) ) ;
#568 = FACE_OUTER_BOUND ( 'NONE', #891, .T. ) ;
#569 = UNCERTAINTY_MEASURE_WITH_UNIT (LENGTH_MEASURE( 1.000000000000000082E-05 ), #2015, 'distance_accuracy_value', 'NONE');
#570 = CARTESIAN_POINT ( 'NONE',  ( 10.86870769864158781, 25.85871820260354426, -7.000000000000000000 ) ) ;
#571 = CARTESIAN_POINT ( 'NONE',  ( 17.84351955073270446, 39.29672699460795826, -7.275182967504845166 ) ) ;
#572 = CARTESIAN_POINT ( 'NONE',  ( 36.69603254289494032, 24.32617224264908273, -9.914895686448451428 ) ) ;
#573 = CARTESIAN_POINT ( 'NONE',  ( -39.29401313085347169, 24.56089195827410521, -9.873508267681543771 ) ) ;
#574 = EDGE_CURVE ( 'NONE', #605, #1017, #2530, .T. ) ;
#575 = CARTESIAN_POINT ( 'NONE',  ( 41.52773867835628607, 12.66252010865222921, -11.97151225127411678 ) ) ;
#576 = SURFACE_STYLE_FILL_AREA ( #31 ) ;
#577 = CARTESIAN_POINT ( 'NONE',  ( 40.65457861655462324, 15.83739310355208829, -7.349990034403524497 ) ) ;
#578 = ORIENTED_EDGE ( 'NONE', *, *, #1801, .F. ) ;
#579 = FILL_AREA_STYLE ('',( #3488 ) ) ;
#580 = CARTESIAN_POINT ( 'NONE',  ( 5.868707698641586923, 33.14227303708359074, -4.298672804202492870 ) ) ;
#581 = ADVANCED_FACE ( 'NONE', ( #34 ), #402, .F. ) ;
#582 = CARTESIAN_POINT ( 'NONE',  ( -40.37204155790514193, -0.5663269855778123585, -14.30411491765471865 ) ) ;
#583 = CARTESIAN_POINT ( 'NONE',  ( 4.196615057718711128, 42.73956638955026222, -1.301042606982601968E-15 ) ) ;
#584 = CARTESIAN_POINT ( 'NONE',  ( 9.049916101577483829, -11.01122938280686192, -16.14583302115445562 ) ) ;
#585 = ORIENTED_EDGE ( 'NONE', *, *, #3463, .F. ) ;
#586 = CARTESIAN_POINT ( 'NONE',  ( -4.155419728701305715, 42.93890692508597340, -16.34271213963313940 ) ) ;
#587 = CARTESIAN_POINT ( 'NONE',  ( -7.955672600222706947, 42.44769398519636638, -6.719582471742231888 ) ) ;
#588 = CARTESIAN_POINT ( 'NONE',  ( 31.24441269081160044, 30.52378914905682805, 0.000000000000000000 ) ) ;
#589 = CARTESIAN_POINT ( 'NONE',  ( -13.47759471619014882, -12.17759441481758742, -12.28978819810298972 ) ) ;
#590 = CARTESIAN_POINT ( 'NONE',  ( 18.69089203111877850, 38.91718063684289319, -7.342107230808387008 ) ) ;
#591 = CARTESIAN_POINT ( 'NONE',  ( -43.45297770528501502, 14.06199929808710536, -11.72474631123589717 ) ) ;
#592 = CARTESIAN_POINT ( 'NONE',  ( 37.84224116138645400, -0.6303712429920530491, -14.31540764819689926 ) ) ;
#593 = CARTESIAN_POINT ( 'NONE',  ( -21.49188013076105719, 40.26785739933409047, -3.042240027822281867 ) ) ;
#594 = ORIENTED_EDGE ( 'NONE', *, *, #2088, .F. ) ;
#595 = SURFACE_STYLE_FILL_AREA ( #1698 ) ;
#596 = FACE_OUTER_BOUND ( 'NONE', #2327, .T. ) ;
#597 = ADVANCED_FACE ( 'NONE', ( #596 ), #2324, .F. ) ;
#598 = CARTESIAN_POINT ( 'NONE',  ( 5.561772832604011008, -11.13287898800806275, -16.16728312874394646 ) ) ;
#599 =( GEOMETRIC_REPRESENTATION_CONTEXT ( 3 ) GLOBAL_UNCERTAINTY_ASSIGNED_CONTEXT ( ( #1744 ) ) GLOBAL_UNIT_ASSIGNED_CONTEXT ( ( #2241, #2949, #1743 ) ) REPRESENTATION_CONTEXT ( 'NONE', 'WORKASPACE' ) );
#600 = CARTESIAN_POINT ( 'NONE',  ( -7.501855457629312163, 42.52596677912576695, 3.469446951953614189E-15 ) ) ;
#601 = AXIS2_PLACEMENT_3D ( 'NONE', #2210, #268, #2550 ) ;
#602 = CARTESIAN_POINT ( 'NONE',  ( -30.81243684218990353, -8.167476786261246957, -15.64440271191676679 ) ) ;
#603 = VECTOR ( 'NONE', #713, 1000.000000000000114 ) ;
#604 = FILL_AREA_STYLE ('',( #3127 ) ) ;
#605 = VERTEX_POINT ( 'NONE', #1606 ) ;
#606 = CARTESIAN_POINT ( 'NONE',  ( 14.29266873927949888, 40.52522988774386903, -7.058564761566509027 ) ) ;
#607 =( GEOMETRIC_REPRESENTATION_CONTEXT ( 3 ) GLOBAL_UNCERTAINTY_ASSIGNED_CONTEXT ( ( #2301 ) ) GLOBAL_UNIT_ASSIGNED_CONTEXT ( ( #766, #692, #1330 ) ) REPRESENTATION_CONTEXT ( 'NONE', 'WORKASPACE' ) );
#608 = CARTESIAN_POINT ( 'NONE',  ( -43.32812307752146808, 14.94838529271779137, -11.56845254506028553 ) ) ;
#609 = CARTESIAN_POINT ( 'NONE',  ( 19.68373473979638533, -10.19693478333342185, -16.00225091302206692 ) ) ;
#610 = CARTESIAN_POINT ( 'NONE',  ( 8.039574571549039206, 6.685837765422555812, 0.000000000000000000 ) ) ;
#611 = ORIENTED_EDGE ( 'NONE', *, *, #683, .F. ) ;
#612 =( LENGTH_UNIT ( ) NAMED_UNIT ( * ) SI_UNIT ( .MILLI., .METRE. ) );
#613 =( NAMED_UNIT ( * ) SI_UNIT ( $, .STERADIAN. ) SOLID_ANGLE_UNIT ( ) );
#614 = CARTESIAN_POINT ( 'NONE',  ( 22.78979704205083934, 36.72881828243870217, -7.727974557457468308 ) ) ;
#615 = SURFACE_STYLE_FILL_AREA ( #886 ) ;
#616 = VECTOR ( 'NONE', #2538, 1000.000000000000114 ) ;
#617 = CARTESIAN_POINT ( 'NONE',  ( 12.70886445697977685, 40.98553966158154793, -16.31602583597862477 ) ) ;
#618 = CARTESIAN_POINT ( 'NONE',  ( -4.752433747339440018, -11.43570045806985114, -16.22067872425360591 ) ) ;
#619 = VECTOR ( 'NONE', #1108, 1000.000000000000114 ) ;
#620 = EDGE_CURVE ( 'NONE', #1629, #2472, #1694, .T. ) ;
#621 = CARTESIAN_POINT ( 'NONE',  ( -41.09066294655125517, 21.52714521037154327, -10.40843967197140429 ) ) ;
#622 = CARTESIAN_POINT ( 'NONE',  ( 8.731490118151407742, 41.98454195199089867, -6.801248671366530552 ) ) ;
#623 = CARTESIAN_POINT ( 'NONE',  ( -3.994222698720575782, -12.11525528276082042, -12.27879612716743551 ) ) ;
#624 = CARTESIAN_POINT ( 'NONE',  ( -43.60373706464623211, 9.890322389195274511, -12.46032550507255010 ) ) ;
#625 = CARTESIAN_POINT ( 'NONE',  ( -20.13321582687193256, 14.30445431023033009, -7.000000000000000000 ) ) ;
#626 = CARTESIAN_POINT ( 'NONE',  ( -4.311045049232105519, -11.42455542746721697, -16.21871355465071574 ) ) ;
#627 = DIRECTION ( 'NONE',  ( 1.000000000000000000, 0.000000000000000000, 0.000000000000000000 ) ) ;
#628 = VERTEX_POINT ( 'NONE', #2011 ) ;
#629 =( NAMED_UNIT ( * ) PLANE_ANGLE_UNIT ( ) SI_UNIT ( $, .RADIAN. ) );
#630 = CARTESIAN_POINT ( 'NONE',  ( 37.77452615621946563, 22.77233513351236383, -10.18887909241813183 ) ) ;
#631 = CARTESIAN_POINT ( 'NONE',  ( -5.174302667817006096, -11.44541722977313469, -16.22239205327027278 ) ) ;
#632 = CARTESIAN_POINT ( 'NONE',  ( -17.88321582687193256, 14.30445431023033009, -11.68199495098381036 ) ) ;
#633 = CARTESIAN_POINT ( 'NONE',  ( 6.856492649253532079, 42.34511666264386065, -6.737669621317206037 ) ) ;
#634 = CARTESIAN_POINT ( 'NONE',  ( -34.98240140886445460, -6.679524869970040690, -11.32033019553485786 ) ) ;
#635 = EDGE_CURVE ( 'NONE', #32, #3588, #562, .T. ) ;
#636 = CARTESIAN_POINT ( 'NONE',  ( 1.841054344941284615, 42.94859519105889945, -6.631260074479381039 ) ) ;
#637 = CARTESIAN_POINT ( 'NONE',  ( 38.32795086923383820, 21.20631324811931151, -6.403304555647127749 ) ) ;
#638 = CARTESIAN_POINT ( 'NONE',  ( -43.52057943667209372, 13.38567467167309566, -11.84400059059034760 ) ) ;
#639 = CARTESIAN_POINT ( 'NONE',  ( 24.24385634747544671, -9.461916437709058769, -15.87264734737273919 ) ) ;
#640 = FILL_AREA_STYLE ('',( #3541 ) ) ;
#641 = CARTESIAN_POINT ( 'NONE',  ( -21.01642538170067098, 5.572101684068612393, -13.22174432404105282 ) ) ;
#642 = ORIENTED_EDGE ( 'NONE', *, *, #2812, .F. ) ;
#643 =( LENGTH_UNIT ( ) NAMED_UNIT ( * ) SI_UNIT ( .MILLI., .METRE. ) );
#644 = CARTESIAN_POINT ( 'NONE',  ( 22.79962420905108189, 36.72280886251239451, -7.729034180328882897 ) ) ;
#645 = CARTESIAN_POINT ( 'NONE',  ( 6.689711892552264949, 42.37341270745366728, -16.31602583597862122 ) ) ;
#646 = CARTESIAN_POINT ( 'NONE',  ( 5.507225333385718180, -11.13457102740463966, -16.16758148094197978 ) ) ;
#647 = CARTESIAN_POINT ( 'NONE',  ( 36.63704365288410258, 24.40564764831280442, 0.000000000000000000 ) ) ;
#648 = SURFACE_STYLE_USAGE ( .BOTH. , #366 ) ;
#649 = CARTESIAN_POINT ( 'NONE',  ( -27.51591930616413606, 35.80728292827402015, -7.890466104072582532 ) ) ;
#650 = DIRECTION ( 'NONE',  ( 0.000000000000000000, -0.9848077530121863710, -0.1736481776670531219 ) ) ;
#651 = CARTESIAN_POINT ( 'NONE',  ( 40.65457861655462324, 15.83739310355208829, -7.349990034403522721 ) ) ;
#652 = CARTESIAN_POINT ( 'NONE',  ( -30.76131024048080320, 33.59217033059033497, -8.281050220352266678 ) ) ;
#653 = AXIS2_PLACEMENT_3D ( 'NONE', #3158, #237, #2517 ) ;
#654 = ADVANCED_FACE ( 'NONE', ( #1391 ), #1136, .F. ) ;
#655 = CARTESIAN_POINT ( 'NONE',  ( 33.45738118456063148, -5.542063927601959428, -15.18147158944262110 ) ) ;
#656 = CIRCLE ( 'NONE', #2343, 5.000000000000000888 ) ;
#657 = CARTESIAN_POINT ( 'NONE',  ( -4.311045049232105519, -11.42455542746721697, -16.21871355465071574 ) ) ;
#658 = ORIENTED_EDGE ( 'NONE', *, *, #357, .T. ) ;
#659 = DIRECTION ( 'NONE',  ( -0.000000000000000000, -1.497534851276745554E-16, -1.000000000000000000 ) ) ;
#660 = CARTESIAN_POINT ( 'NONE',  ( -8.039574571549040982, -6.685837765422562029, 0.000000000000000000 ) ) ;
#661 = PRESENTATION_LAYER_ASSIGNMENT (  '', '', ( #1198 ) ) ;
#662 = CARTESIAN_POINT ( 'NONE',  ( -23.58688773021488316, 37.17271890615536734, -3.587996453199072899 ) ) ;
#663 = CARTESIAN_POINT ( 'NONE',  ( 27.88740101014365180, 33.27680624154067601, -8.336657417998768693 ) ) ;
#664 = VECTOR ( 'NONE', #2643, 1000.000000000000000 ) ;
#665 = CARTESIAN_POINT ( 'NONE',  ( -37.03452782673477373, -4.312468711462593696, 0.000000000000000000 ) ) ;
#666 = CARTESIAN_POINT ( 'NONE',  ( -15.13321582687193256, 14.30445431023033009, -33.14213562373095101 ) ) ;
#667 = CARTESIAN_POINT ( 'NONE',  ( 29.48248618637749630, 32.05830331402648881, 3.469446951953614189E-15 ) ) ;
#668 = DIRECTION ( 'NONE',  ( 0.000000000000000000, 0.9848077530121863710, 0.1736481776670530663 ) ) ;
#669 = CARTESIAN_POINT ( 'NONE',  ( 15.64756977693080131, 40.08270905868845801, -7.136593123254892035 ) ) ;
#670 = VECTOR ( 'NONE', #194, 1000.000000000000114 ) ;
#671 = CARTESIAN_POINT ( 'NONE',  ( -38.11583901818007547, -3.977480554623324061, -10.84388687966929865 ) ) ;
#672 = AXIS2_PLACEMENT_3D ( 'NONE', #61, #1199, #1862 ) ;
#673 = CARTESIAN_POINT ( 'NONE',  ( -18.38709930417663685, 39.94403938284443001, -7.161044328512042867 ) ) ;
#674 = CARTESIAN_POINT ( 'NONE',  ( 23.20775615056937724, -9.665697105096601405, -15.90857937717995974 ) ) ;
#675 = CARTESIAN_POINT ( 'NONE',  ( 29.70166401508039655, -7.766785192492025480, -15.57374997299225505 ) ) ;
#676 = ORIENTED_EDGE ( 'NONE', *, *, #3509, .T. ) ;
#677 = SURFACE_STYLE_USAGE ( .BOTH. , #3563 ) ;
#678 = CARTESIAN_POINT ( 'NONE',  ( 0.3830095552152145699, -11.28896019905456960, 1.301042606982605124E-15 ) ) ;
#679 = CARTESIAN_POINT ( 'NONE',  ( -16.98549417784315452, 39.71993519556410490, -3.138853495676209970 ) ) ;
#680 = CARTESIAN_POINT ( 'NONE',  ( 31.71001668348621294, 30.06700828247593904, -8.902631400805287143 ) ) ;
#681 = FACE_OUTER_BOUND ( 'NONE', #127, .T. ) ;
#682 = CARTESIAN_POINT ( 'NONE',  ( 18.69089203111877850, 38.22258792617517997, -3.402876218759625981 ) ) ;
#683 = EDGE_CURVE ( 'NONE', #2216, #537, #255, .T. ) ;
#684 = CARTESIAN_POINT ( 'NONE',  ( 22.81645590359288889, 36.73105605007887675, 3.469446951953614189E-15 ) ) ;
#685 = CARTESIAN_POINT ( 'NONE',  ( -26.04306835435570378, -9.766553393911282299, -15.92636306207173824 ) ) ;
#686 = CARTESIAN_POINT ( 'NONE',  ( 34.47783250310131820, 27.15282986585152969, 3.469446951953614189E-15 ) ) ;
#687 = LINE ( 'NONE', #3007, #3391 ) ;
#688 = CARTESIAN_POINT ( 'NONE',  ( 13.00137706366531987, 40.89977285186722611, -6.992522731557350824 ) ) ;
#689 = VERTEX_POINT ( 'NONE', #921 ) ;
#690 = CARTESIAN_POINT ( 'NONE',  ( -41.26510225113455022, 0.2571884599983719766, -10.09720047802136023 ) ) ;
#691 = DIRECTION ( 'NONE',  ( 0.000000000000000000, 0.000000000000000000, 1.000000000000000000 ) ) ;
#692 =( NAMED_UNIT ( * ) PLANE_ANGLE_UNIT ( ) SI_UNIT ( $, .RADIAN. ) );
#693 = CARTESIAN_POINT ( 'NONE',  ( 39.33133931965811314, 2.119930499125461942, -13.83045524596633058 ) ) ;
#694 = DIRECTION ( 'NONE',  ( 0.000000000000000000, 0.000000000000000000, 1.000000000000000000 ) ) ;
#695 =( BOUNDED_CURVE ( )  B_SPLINE_CURVE ( 3, ( #774, #509, #3350, #3021 ),
 .UNSPECIFIED., .F., .T. ) 
 B_SPLINE_CURVE_WITH_KNOTS ( ( 4, 4 ),
 ( 1.570796326794896558, 4.712388980384689674 ),
 .UNSPECIFIED. ) 
 CURVE ( )  GEOMETRIC_REPRESENTATION_ITEM ( )  RATIONAL_B_SPLINE_CURVE ( ( 1.000000000000000000, 0.3333333333333333703, 0.3333333333333333703, 1.000000000000000000 ) ) 
 REPRESENTATION_ITEM ( '' )  );
#696 = CARTESIAN_POINT ( 'NONE',  ( 11.95604765870735164, -6.685837765422559364, -15.38314977687250362 ) ) ;
#697 = VERTEX_POINT ( 'NONE', #857 ) ;
#698 = CARTESIAN_POINT ( 'NONE',  ( 26.29331124516313878, 9.761002632291306824, -8.421421619810873338 ) ) ;
#699 = CARTESIAN_POINT ( 'NONE',  ( 28.29169684719287758, -8.315304483509780908, 1.301042606982603546E-15 ) ) ;
#700 = FACE_OUTER_BOUND ( 'NONE', #2722, .T. ) ;
#701 = CARTESIAN_POINT ( 'NONE',  ( 40.79686463575404076, 16.03965824204783530, -11.37603168077661486 ) ) ;
#702 = CARTESIAN_POINT ( 'NONE',  ( -17.32311836270490701, -11.24996095960915099, 2.602085213965220502E-15 ) ) ;
#703 = SURFACE_STYLE_USAGE ( .BOTH. , #1050 ) ;
#704 = CARTESIAN_POINT ( 'NONE',  ( -15.60452834185845816, -11.35542792419982128, -16.20652451072239231 ) ) ;
#705 = ORIENTED_EDGE ( 'NONE', *, *, #528, .T. ) ;
#706 = EDGE_CURVE ( 'NONE', #1697, #557, #3089, .T. ) ;
#707 = CARTESIAN_POINT ( 'NONE',  ( -14.17878932660098279, 0.5345771126602505419, -10.04828937441982006 ) ) ;
#708 = CARTESIAN_POINT ( 'NONE',  ( -36.68339096063130000, -4.657892146140431677, 0.000000000000000000 ) ) ;
#709 = ORIENTED_EDGE ( 'NONE', *, *, #1451, .T. ) ;
#710 = CARTESIAN_POINT ( 'NONE',  ( -43.03281270835104522, 16.35937723277956124, -11.31965659646201061 ) ) ;
#711 = ORIENTED_EDGE ( 'NONE', *, *, #2860, .T. ) ;
#712 = CARTESIAN_POINT ( 'NONE',  ( -43.66039810569483848, 10.43599146231747987, -8.302402877396172443 ) ) ;
#713 = DIRECTION ( 'NONE',  ( -7.677518879091898399E-15, 0.1736481776670532051, -0.9848077530121863710 ) ) ;
#714 = CARTESIAN_POINT ( 'NONE',  ( -14.78646179543674499, 41.03156941189141804, -6.969283442060282496 ) ) ;
#715 = DIRECTION ( 'NONE',  ( 7.677592639748477717E-15, -0.1736481776670532051, 0.9848077530121864820 ) ) ;
#716 = DIRECTION ( 'NONE',  ( 0.000000000000000000, 0.000000000000000000, 1.000000000000000000 ) ) ;
#717 = ORIENTED_EDGE ( 'NONE', *, *, #548, .F. ) ;
#718 = SURFACE_SIDE_STYLE ('',( #1517 ) ) ;
#719 = CARTESIAN_POINT ( 'NONE',  ( 5.076976774320421271, -11.14750443035318739, 1.301042606982605912E-15 ) ) ;
#720 = CARTESIAN_POINT ( 'NONE',  ( -8.143241651255193503, 15.09632509906012388, -11.54236676568161002 ) ) ;
#721 = CIRCLE ( 'NONE', #2644, 4.999999999999997335 ) ;
#722 =( GEOMETRIC_REPRESENTATION_CONTEXT ( 3 ) GLOBAL_UNCERTAINTY_ASSIGNED_CONTEXT ( ( #246 ) ) GLOBAL_UNIT_ASSIGNED_CONTEXT ( ( #2536, #3412, #613 ) ) REPRESENTATION_CONTEXT ( 'NONE', 'WORKASPACE' ) );
#723 = CARTESIAN_POINT ( 'NONE',  ( -31.60921320434897908, -7.836213199691813180, 6.291371151664879602E-30 ) ) ;
#724 = CARTESIAN_POINT ( 'NONE',  ( 26.29331124516313878, 11.86100263228771468, -10.52142161980727586 ) ) ;
#725 = CARTESIAN_POINT ( 'NONE',  ( -18.91170720059442445, -11.09109878847141317, -16.15991615230605305 ) ) ;
#726 = EDGE_LOOP ( 'NONE', ( #1132, #1863, #1791, #266 ) ) ;
#727 = CARTESIAN_POINT ( 'NONE',  ( 18.05823265348759321, 20.75871820255888522, -6.482227638613637488 ) ) ;
#728 = CARTESIAN_POINT ( 'NONE',  ( -40.72963172882242588, -0.08515235910216591153, -3.469446951953614189E-15 ) ) ;
#729 = ORIENTED_EDGE ( 'NONE', *, *, #2446, .T. ) ;
#730 = ORIENTED_EDGE ( 'NONE', *, *, #23, .T. ) ;
#731 = EDGE_CURVE ( 'NONE', #2432, #1728, #1454, .T. ) ;
#732 = MECHANICAL_DESIGN_GEOMETRIC_PRESENTATION_REPRESENTATION (  '', ( #2658 ), #2185 ) ;
#733 = CARTESIAN_POINT ( 'NONE',  ( -43.58042406869755325, 8.685377875359282740, -8.611083285571726975 ) ) ;
#734 = CARTESIAN_POINT ( 'NONE',  ( 20.83570397603828184, -10.74837053811836007, -12.03777746716816921 ) ) ;
#735 = CARTESIAN_POINT ( 'NONE',  ( 17.03978116379860452, 0.9413390263828076421, -9.976566274306115645 ) ) ;
#736 =( GEOMETRIC_REPRESENTATION_CONTEXT ( 3 ) GLOBAL_UNCERTAINTY_ASSIGNED_CONTEXT ( ( #3481 ) ) GLOBAL_UNIT_ASSIGNED_CONTEXT ( ( #3142, #1731, #1711 ) ) REPRESENTATION_CONTEXT ( 'NONE', 'WORKASPACE' ) );
#737 = SURFACE_SIDE_STYLE ('',( #2693 ) ) ;
#738 = CARTESIAN_POINT ( 'NONE',  ( 1.841054344941284615, 42.94859519105889945, -16.34271213963313230 ) ) ;
#739 = CARTESIAN_POINT ( 'NONE',  ( 32.52282583539786032, -6.237472940837218260, 1.301042606982604138E-15 ) ) ;
#740 = CARTESIAN_POINT ( 'NONE',  ( 10.87929886513627942, 40.79865498441621696, -2.948646092277445341 ) ) ;
#741 = CARTESIAN_POINT ( 'NONE',  ( -20.00164517401959685, -10.96689464576106054, -16.13801561083042913 ) ) ;
#742 = DIRECTION ( 'NONE',  ( 0.000000000000000000, 0.1736481776669306920, -0.9848077530122080203 ) ) ;
#743 = CARTESIAN_POINT ( 'NONE',  ( -28.51261497610485662, -9.013198143289955055, -3.469446951953614189E-15 ) ) ;
#744 = VERTEX_POINT ( 'NONE', #2576 ) ;
#745 = CARTESIAN_POINT ( 'NONE',  ( -29.70128410366053373, 33.70033969363841209, -4.200270595617026537 ) ) ;
#746 = CARTESIAN_POINT ( 'NONE',  ( 25.48549860493971053, -9.871924863771985414, -11.88323644765567622 ) ) ;
#747 = CYLINDRICAL_SURFACE ( 'NONE', #319, 2.749999999999997335 ) ;
#748 = CARTESIAN_POINT ( 'NONE',  ( 8.618707698641584258, 25.85871820260354426, -33.14213562373095101 ) ) ;
#749 = EDGE_CURVE ( 'NONE', #605, #3178, #3398, .T. ) ;
#750 = CARTESIAN_POINT ( 'NONE',  ( 8.039574571549053417, -6.685837765422565582, -6.700000000000000178 ) ) ;
#751 = CARTESIAN_POINT ( 'NONE',  ( 33.92022174376707255, 27.79390061915359667, -9.303441611902414365 ) ) ;
#752 = CARTESIAN_POINT ( 'NONE',  ( -23.70447631712219660, 37.86833925681073509, -16.34271213963313585 ) ) ;
#753 = CARTESIAN_POINT ( 'NONE',  ( -1.325295961663925937, 43.06292453269674070, -6.611100726861926624 ) ) ;
#754 = CARTESIAN_POINT ( 'NONE',  ( -19.41727653173549939, 39.58315414723721659, 1.301042606982605321E-15 ) ) ;
#755 = FILL_AREA_STYLE_COLOUR ( '', #2909 ) ;
#756 = CARTESIAN_POINT ( 'NONE',  ( -3.697951401862455523, 42.28048280621243293, -2.687359866530317554 ) ) ;
#757 = DIRECTION ( 'NONE',  ( 0.000000000000000000, 0.000000000000000000, 1.000000000000000000 ) ) ;
#758 = CARTESIAN_POINT ( 'NONE',  ( -22.64613694355146833, -10.54880241044270583, -16.06429466931902539 ) ) ;
#759 = ORIENTED_EDGE ( 'NONE', *, *, #1072, .T. ) ;
#760 = CARTESIAN_POINT ( 'NONE',  ( 11.41050865152905125, -11.60166256930579998, -12.18823587469004366 ) ) ;
#761 = CARTESIAN_POINT ( 'NONE',  ( -21.91869918068293188, -10.73658861600907422, 0.000000000000000000 ) ) ;
#762 = ORIENTED_EDGE ( 'NONE', *, *, #1213, .F. ) ;
#763 = CARTESIAN_POINT ( 'NONE',  ( -43.16464784033112778, 15.08575113351072794, -7.482524793554677700 ) ) ;
#764 = CARTESIAN_POINT ( 'NONE',  ( 32.54458768170313476, -6.189289204161304347, -15.29559486829010773 ) ) ;
#765 = CARTESIAN_POINT ( 'NONE',  ( 37.71278012446699535, -0.8887621268875836034, -16.31602583597862122 ) ) ;
#766 =( LENGTH_UNIT ( ) NAMED_UNIT ( * ) SI_UNIT ( .MILLI., .METRE. ) );
#767 = DIRECTION ( 'NONE',  ( 0.000000000000000000, 0.000000000000000000, 1.000000000000000000 ) ) ;
#768 = CARTESIAN_POINT ( 'NONE',  ( 39.74963986122278925, 19.04812695194873839, -10.84555747660024849 ) ) ;
#769 = CARTESIAN_POINT ( 'NONE',  ( -3.103590013251167790, 43.01339472761022620, -6.619834167847910678 ) ) ;
#770 = CARTESIAN_POINT ( 'NONE',  ( -29.32206201645797350, 34.65568163575077421, -1.301042606982605321E-15 ) ) ;
#771 = EDGE_CURVE ( 'NONE', #991, #1857, #1086, .T. ) ;
#772 = CARTESIAN_POINT ( 'NONE',  ( -27.32274078162818043, 9.204454310215432145, -8.519556105060527074 ) ) ;
#773 = CARTESIAN_POINT ( 'NONE',  ( 39.87226118195352598, 18.05326359220190113, -6.959272281498909862 ) ) ;
#774 = CARTESIAN_POINT ( 'NONE',  ( 23.54331124516314233, 14.86100263228771823, -11.58386046573706452 ) ) ;
#775 = CIRCLE ( 'NONE', #2962, 2.749999999999997335 ) ;
#776 = VECTOR ( 'NONE', #3461, 1000.000000000000227 ) ;
#777 = CARTESIAN_POINT ( 'NONE',  ( -35.85346458208058351, -5.295809616182357793, -15.13805031022299374 ) ) ;
#778 = AXIS2_PLACEMENT_3D ( 'NONE', #2254, #1373, #2234 ) ;
#779 = VECTOR ( 'NONE', #966, 1000.000000000000114 ) ;
#780 = CARTESIAN_POINT ( 'NONE',  ( 26.29331124516313878, 17.86100263228771823, -11.05487952361496795 ) ) ;
#781 = CARTESIAN_POINT ( 'NONE',  ( -9.098881540030015813, -11.52053985986837681, -16.34271213963313230 ) ) ;
#782 = ORIENTED_EDGE ( 'NONE', *, *, #2419, .F. ) ;
#783 = CARTESIAN_POINT ( 'NONE',  ( -31.90290161193764362, -8.399496196803017511, -11.62360754650044825 ) ) ;
#784 = VECTOR ( 'NONE', #2025, 1000.000000000000000 ) ;
#785 = CARTESIAN_POINT ( 'NONE',  ( 32.54458768170313476, -6.883881914829014903, -11.35636385624134448 ) ) ;
#786 = CARTESIAN_POINT ( 'NONE',  ( 8.039574571549039206, 6.685837765422558476, -6.700000000000000178 ) ) ;
#787 = LINE ( 'NONE', #245, #2960 ) ;
#788 = LINE ( 'NONE', #750, #2853 ) ;
#789 = PRESENTATION_STYLE_ASSIGNMENT (( #1907 ) ) ;
#790 = CARTESIAN_POINT ( 'NONE',  ( 40.38776700502135952, 4.459039231118568480, -13.41800726571030289 ) ) ;
#791 =( GEOMETRIC_REPRESENTATION_CONTEXT ( 3 ) GLOBAL_UNCERTAINTY_ASSIGNED_CONTEXT ( ( #569 ) ) GLOBAL_UNIT_ASSIGNED_CONTEXT ( ( #2015, #2372, #1573 ) ) REPRESENTATION_CONTEXT ( 'NONE', 'WORKASPACE' ) );
#792 =( NAMED_UNIT ( * ) SI_UNIT ( $, .STERADIAN. ) SOLID_ANGLE_UNIT ( ) );
#793 = CARTESIAN_POINT ( 'NONE',  ( 38.08706897021031779, -0.9206299371265239673, -10.30488163980927929 ) ) ;
#794 = CARTESIAN_POINT ( 'NONE',  ( 26.29331124516313878, 14.86100263228771823, -7.000000000000000000 ) ) ;
#795 = CARTESIAN_POINT ( 'NONE',  ( -38.34275841733046519, -3.040159170858546922, -14.74031827766502367 ) ) ;
#796 = DIRECTION ( 'NONE',  ( 0.000000000000000000, 1.497534851276745554E-16, 1.000000000000000000 ) ) ;
#797 = EDGE_CURVE ( 'NONE', #1013, #27, #1389, .T. ) ;
#798 = CARTESIAN_POINT ( 'NONE',  ( -10.13321582687193256, 14.30445431023033009, -6.700000000000000178 ) ) ;
#799 = CARTESIAN_POINT ( 'NONE',  ( 11.19738807974538197, -10.91511507585528840, -16.12888547560679697 ) ) ;
#800 = CARTESIAN_POINT ( 'NONE',  ( -11.04441320858715336, 41.90682562575076986, -6.814952156524138438 ) ) ;
#801 = CARTESIAN_POINT ( 'NONE',  ( -6.169875331185184386, 17.09182493196453834, -11.19050630514108313 ) ) ;
#802 = CARTESIAN_POINT ( 'NONE',  ( 23.17831684788738400, -9.688072831878036695, -16.31602583597862477 ) ) ;
#803 = CARTESIAN_POINT ( 'NONE',  ( -2.943690872115748203, 21.58800914464991294, -6.336001270665577501 ) ) ;
#804 = LINE ( 'NONE', #2032, #619 ) ;
#805 = CARTESIAN_POINT ( 'NONE',  ( 36.14745664205751297, 25.06101469150326722, -9.785323136145652967 ) ) ;
#806 = EDGE_LOOP ( 'NONE', ( #3023, #2572, #39, #2069 ) ) ;
#807 = CARTESIAN_POINT ( 'NONE',  ( -4.712288903617555924, 42.88642428130129503, 2.602085213965210642E-15 ) ) ;
#808 = CARTESIAN_POINT ( 'NONE',  ( 39.68458673245045532, 2.855150496412597327, -13.70081612369353508 ) ) ;
#809 = CARTESIAN_POINT ( 'NONE',  ( 18.50461941338647165, 40.78899121299746611, -2.950350075914176085 ) ) ;
#810 = DIRECTION ( 'NONE',  ( -0.000000000000000000, -1.497534851276745554E-16, -1.000000000000000000 ) ) ;
#811 = CARTESIAN_POINT ( 'NONE',  ( 23.75017039119916262, -10.26035782526551365, -11.95172765896347755 ) ) ;
#812 = ORIENTED_EDGE ( 'NONE', *, *, #3698, .F. ) ;
#813 =( NAMED_UNIT ( * ) PLANE_ANGLE_UNIT ( ) SI_UNIT ( $, .RADIAN. ) );
#814 = CARTESIAN_POINT ( 'NONE',  ( -38.16568881422216464, -3.223106866786875635, -14.77257689251566219 ) ) ;
#815 = CARTESIAN_POINT ( 'NONE',  ( 20.09674767619170055, 38.26706021567624560, -3.903127820947834106E-15 ) ) ;
#816 = LINE ( 'NONE', #1392, #1574 ) ;
#817 = EDGE_CURVE ( 'NONE', #2664, #1477, #1118, .T. ) ;
#818 = DIRECTION ( 'NONE',  ( -7.677592639748479295E-15, 0.1736481776670532051, -0.9848077530121864820 ) ) ;
#819 = CARTESIAN_POINT ( 'NONE',  ( -10.86020036348274687, 41.94307866848037492, 0.000000000000000000 ) ) ;
#820 = DIRECTION ( 'NONE',  ( 1.000000000000000000, 0.000000000000000000, 0.000000000000000000 ) ) ;
#821 = CARTESIAN_POINT ( 'NONE',  ( 34.72264405927558073, -4.559208022164964014, -16.31602583597862122 ) ) ;
#822 = DIRECTION ( 'NONE',  ( 7.677085236174923462E-15, -0.1736481776670531774, 0.9848077530121863710 ) ) ;
#823 = UNCERTAINTY_MEASURE_WITH_UNIT (LENGTH_MEASURE( 1.000000000000000082E-05 ), #2062, 'distance_accuracy_value', 'NONE');
#824 = ORIENTED_EDGE ( 'NONE', *, *, #3394, .T. ) ;
#825 = CARTESIAN_POINT ( 'NONE',  ( 17.61522146164868374, 38.67447426211461448, -3.323196465520012133 ) ) ;
#826 = CARTESIAN_POINT ( 'NONE',  ( 41.64267166168949785, 9.517794031778121777, -12.52601230556491707 ) ) ;
#827 = CARTESIAN_POINT ( 'NONE',  ( -15.13321582687193079, 17.30445431023496639, -11.15301400886063909 ) ) ;
#828 = CARTESIAN_POINT ( 'NONE',  ( 39.19275331048655175, 1.147922887154653848, -9.940139965867807348 ) ) ;
#829 = ORIENTED_EDGE ( 'NONE', *, *, #574, .F. ) ;
#830 = CARTESIAN_POINT ( 'NONE',  ( 19.03960614100607884, -1.442422449659842565, 3.694786180815933463 ) ) ;
#831 = SURFACE_STYLE_FILL_AREA ( #2847 ) ;
#832 = CARTESIAN_POINT ( 'NONE',  ( -32.52315920492022627, -7.406423444167614889, -15.51020847395345825 ) ) ;
#833 = CARTESIAN_POINT ( 'NONE',  ( -13.47759471619014882, -12.17759441481758742, -12.28978819810298972 ) ) ;
#834 = CARTESIAN_POINT ( 'NONE',  ( 26.08266203888647539, 34.57501077228603492, -3.903127820947819907E-15 ) ) ;
#835 = ORIENTED_EDGE ( 'NONE', *, *, #635, .F. ) ;
#836 = MECHANICAL_DESIGN_GEOMETRIC_PRESENTATION_REPRESENTATION (  '', ( #3378 ), #2705 ) ;
#837 = COLOUR_RGB ( '',0.000000000000000000, 1.000000000000000000, 0.000000000000000000 ) ;
#838 = CARTESIAN_POINT ( 'NONE',  ( -8.039574571549039206, 6.685837765422565582, -6.700000000000000178 ) ) ;
#839 = CARTESIAN_POINT ( 'NONE',  ( -14.28847686523496385, 41.17436271919378754, -16.34271213963313230 ) ) ;
#840 = CARTESIAN_POINT ( 'NONE',  ( -4.409279717584542624, 42.91157454393017190, -6.637787813411315518 ) ) ;
#841 = EDGE_CURVE ( 'NONE', #1004, #2472, #1604, .T. ) ;
#842 = CARTESIAN_POINT ( 'NONE',  ( 23.80196290877792720, 36.10555355882135586, -16.31602583597862122 ) ) ;
#843 = CARTESIAN_POINT ( 'NONE',  ( 14.72541233697160123, 3.916473087158304001, -13.51367631570432692 ) ) ;
#844 = DIRECTION ( 'NONE',  ( 1.000000000000000000, 0.000000000000000000, 0.000000000000000000 ) ) ;
#845 = MECHANICAL_DESIGN_GEOMETRIC_PRESENTATION_REPRESENTATION (  '', ( #1456 ), #1513 ) ;
#846 = CARTESIAN_POINT ( 'NONE',  ( 11.10723006039811800, 41.43124705290283316, -6.898809490364051555 ) ) ;
#847 = ORIENTED_EDGE ( 'NONE', *, *, #1906, .F. ) ;
#848 = CARTESIAN_POINT ( 'NONE',  ( 39.45404141231861672, 2.376645541049661858, -13.78518945772677817 ) ) ;
#849 = VECTOR ( 'NONE', #1432, 1000.000000000000000 ) ;
#850 = CYLINDRICAL_SURFACE ( 'NONE', #2838, 2.000000000000000444 ) ;
#851 = CARTESIAN_POINT ( 'NONE',  ( 39.16102108746271426, 19.66550392060179320, -6.674990812215732205 ) ) ;
#852 = VERTEX_POINT ( 'NONE', #1003 ) ;
#853 = CARTESIAN_POINT ( 'NONE',  ( 3.118707698641588699, 25.85871820260354426, -9.644666484532795181 ) ) ;
#854 = CARTESIAN_POINT ( 'NONE',  ( -35.70122453865943868, -5.414554952763526607, -15.15898831689557191 ) ) ;
#855 = VECTOR ( 'NONE', #262, 1000.000000000000000 ) ;
#856 = PRESENTATION_STYLE_ASSIGNMENT (( #2888 ) ) ;
#857 = CARTESIAN_POINT ( 'NONE',  ( -20.98335206027896760, 3.110297756292059290, -13.65582677772244935 ) ) ;
#858 = VERTEX_POINT ( 'NONE', #641 ) ;
#859 = CARTESIAN_POINT ( 'NONE',  ( -2.872584845484162042, 43.02515232292329728, -6.617760986566025849 ) ) ;
#860 = CARTESIAN_POINT ( 'NONE',  ( 35.57850087414806950, 25.79577360827424570, 0.000000000000000000 ) ) ;
#861 = SURFACE_STYLE_USAGE ( .BOTH. , #1147 ) ;
#862 = UNCERTAINTY_MEASURE_WITH_UNIT (LENGTH_MEASURE( 1.000000000000000082E-05 ), #433, 'distance_accuracy_value', 'NONE');
#863 = SURFACE_STYLE_USAGE ( .BOTH. , #2276 ) ;
#864 = ORIENTED_EDGE ( 'NONE', *, *, #1830, .F. ) ;
#865 = CARTESIAN_POINT ( 'NONE',  ( 27.68968580693253756, 33.44016582466860399, -8.307852715934622267 ) ) ;
#866 = CARTESIAN_POINT ( 'NONE',  ( -40.09349461556136163, 23.28238303796791442, -10.09894388540812926 ) ) ;
#867 = EDGE_CURVE ( 'NONE', #1780, #3302, #1610, .T. ) ;
#868 = CARTESIAN_POINT ( 'NONE',  ( 38.49582338961526773, 0.5175226495865249410, -14.11300298394469088 ) ) ;
#869 = CARTESIAN_POINT ( 'NONE',  ( 12.59357422083296996, -11.53021089774571983, -12.17563701718071556 ) ) ;
#870 = ORIENTED_EDGE ( 'NONE', *, *, #2419, .T. ) ;
#871 = SURFACE_SIDE_STYLE ('',( #595 ) ) ;
#872 = CARTESIAN_POINT ( 'NONE',  ( -4.056829594713781795, 42.94750062084734310, -6.631453076739952657 ) ) ;
#873 = CARTESIAN_POINT ( 'NONE',  ( -2.412850133589859780, 43.04357401968837138, 0.000000000000000000 ) ) ;
#874 = CARTESIAN_POINT ( 'NONE',  ( -20.57060859968260402, -10.90103535802526658, -16.12640284146566216 ) ) ;
#875 =( NAMED_UNIT ( * ) PLANE_ANGLE_UNIT ( ) SI_UNIT ( $, .RADIAN. ) );
#876 = VERTEX_POINT ( 'NONE', #3241 ) ;
#877 = CARTESIAN_POINT ( 'NONE',  ( 3.953240331400393437, 42.76799623127394767, -6.663104543777285116 ) ) ;
#878 = CARTESIAN_POINT ( 'NONE',  ( -41.69939282352316212, 20.18631689491176928, -10.64486388048731058 ) ) ;
#879 = CARTESIAN_POINT ( 'NONE',  ( 21.84659892023809746, -9.901622708237336923, -15.95017942645360698 ) ) ;
#880 = CARTESIAN_POINT ( 'NONE',  ( 3.118707698641588255, 20.35871820260355136, -10.61446487842935404 ) ) ;
#881 = EDGE_LOOP ( 'NONE', ( #429, #2535, #759, #730 ) ) ;
#882 =( NAMED_UNIT ( * ) SI_UNIT ( $, .STERADIAN. ) SOLID_ANGLE_UNIT ( ) );
#883 = FILL_AREA_STYLE ('',( #50 ) ) ;
#884 = EDGE_CURVE ( 'NONE', #1884, #1013, #1224, .T. ) ;
#885 = CARTESIAN_POINT ( 'NONE',  ( -37.36131498032370502, 27.17803775122135690, -9.412034851935288771 ) ) ;
#886 = FILL_AREA_STYLE ('',( #3211 ) ) ;
#887 = PRESENTATION_LAYER_ASSIGNMENT (  '', '', ( #1024 ) ) ;
#888 = DIRECTION ( 'NONE',  ( 0.000000000000000000, -1.000000000000000000, 0.000000000000000000 ) ) ;
#889 = CARTESIAN_POINT ( 'NONE',  ( -40.22745132677338376, 23.06834213144334811, -10.13668507220162773 ) ) ;
#890 = CARTESIAN_POINT ( 'NONE',  ( -41.08422478656243015, 21.49824810179347523, -16.34271213963313940 ) ) ;
#891 = EDGE_LOOP ( 'NONE', ( #3454, #2248, #1173, #3611 ) ) ;
#892 = MECHANICAL_DESIGN_GEOMETRIC_PRESENTATION_REPRESENTATION (  '', ( #2595 ), #3444 ) ;
#893 = CARTESIAN_POINT ( 'NONE',  ( -30.25670156293456969, -9.077422019641726791, -11.74314415998590100 ) ) ;
#894 = UNCERTAINTY_MEASURE_WITH_UNIT (LENGTH_MEASURE( 1.000000000000000082E-05 ), #3440, 'distance_accuracy_value', 'NONE');
#895 = COLOUR_RGB ( '',0.000000000000000000, 1.000000000000000000, 0.000000000000000000 ) ;
#896 = CARTESIAN_POINT ( 'NONE',  ( 19.22091778906847281, 37.98033793858760987, -3.445591427647603844 ) ) ;
#897 = AXIS2_PLACEMENT_3D ( 'NONE', #3358, #1001, #2174 ) ;
#898 = CARTESIAN_POINT ( 'NONE',  ( -35.87302304115010543, 28.87234164336078379, -9.113283362233218554 ) ) ;
#899 = CARTESIAN_POINT ( 'NONE',  ( 3.118707698641588699, 25.85871820260354426, -9.644666484532795181 ) ) ;
#900 =( GEOMETRIC_REPRESENTATION_CONTEXT ( 3 ) GLOBAL_UNCERTAINTY_ASSIGNED_CONTEXT ( ( #3518 ) ) GLOBAL_UNIT_ASSIGNED_CONTEXT ( ( #2885, #629, #1426 ) ) REPRESENTATION_CONTEXT ( 'NONE', 'WORKASPACE' ) );
#901 = CARTESIAN_POINT ( 'NONE',  ( -21.01642538170063901, 4.877508973400397352, -9.282513311992302008 ) ) ;
#902 = ORIENTED_EDGE ( 'NONE', *, *, #3122, .F. ) ;
#903 = CARTESIAN_POINT ( 'NONE',  ( 8.618707698641584258, 25.85871820260354426, -9.644666484532795181 ) ) ;
#904 =( GEOMETRIC_REPRESENTATION_CONTEXT ( 3 ) GLOBAL_UNCERTAINTY_ASSIGNED_CONTEXT ( ( #1474 ) ) GLOBAL_UNIT_ASSIGNED_CONTEXT ( ( #3464, #1008, #3114 ) ) REPRESENTATION_CONTEXT ( 'NONE', 'WORKASPACE' ) );
#905 = CARTESIAN_POINT ( 'NONE',  ( 36.39644640860807101, 24.73241145238994676, -9.843264753152022095 ) ) ;
#906 = CARTESIAN_POINT ( 'NONE',  ( 11.86870769864159847, 22.85871820261570164, -10.17364742665859723 ) ) ;
#907 = COLOUR_RGB ( '',0.000000000000000000, 1.000000000000000000, 0.000000000000000000 ) ;
#908 = CARTESIAN_POINT ( 'NONE',  ( 0.4123090539524447706, -11.28891055477644123, -16.19479570380740441 ) ) ;
#909 = PRESENTATION_LAYER_ASSIGNMENT (  '', '', ( #2542 ) ) ;
#910 = EDGE_CURVE ( 'NONE', #448, #3128, #3511, .T. ) ;
#911 = SURFACE_STYLE_USAGE ( .BOTH. , #2049 ) ;
#912 = CARTESIAN_POINT ( 'NONE',  ( -43.33209101040198874, 14.88799896108120180, -11.57910028459067320 ) ) ;
#913 = DIRECTION ( 'NONE',  ( 1.000000000000000000, 0.000000000000000000, 0.000000000000000000 ) ) ;
#914 = ORIENTED_EDGE ( 'NONE', *, *, #932, .F. ) ;
#915 = CARTESIAN_POINT ( 'NONE',  ( -0.4393433981485057593, -11.31593285485230460, -16.19956046438467467 ) ) ;
#916 = CARTESIAN_POINT ( 'NONE',  ( -41.77069082027929170, 1.319165997636610133, -9.909945185229400266 ) ) ;
#917 = CARTESIAN_POINT ( 'NONE',  ( 41.14155398223267923, 14.15344216736002991, -7.646916018643461932 ) ) ;
#918 = CARTESIAN_POINT ( 'NONE',  ( -41.89818641975571722, 19.72767490166155469, -10.72573483838329444 ) ) ;
#919 = CARTESIAN_POINT ( 'NONE',  ( 30.19062346837617028, -7.503741821335378148, -15.52736832956740010 ) ) ;
#920 = CARTESIAN_POINT ( 'NONE',  ( -37.04679778820091940, -4.301312803191225775, -14.96269368985829296 ) ) ;
#921 = CARTESIAN_POINT ( 'NONE',  ( 23.54331124516314233, 14.86100263228771823, -7.000000000000000000 ) ) ;
#922 = LINE ( 'NONE', #1250, #3331 ) ;
#923 = EDGE_LOOP ( 'NONE', ( #1516, #2629 ) ) ;
#924 = CARTESIAN_POINT ( 'NONE',  ( 32.33486218322599370, 29.46002802571971202, -9.009658396828843507 ) ) ;
#925 = LINE ( 'NONE', #1498, #664 ) ;
#926 = CARTESIAN_POINT ( 'NONE',  ( 16.51109275598811266, 39.79689526136760946, -16.31602583597862477 ) ) ;
#927 = CARTESIAN_POINT ( 'NONE',  ( -6.755197446803321348, -11.47763094999589306, -16.22807220129452688 ) ) ;
#928 = ORIENTED_EDGE ( 'NONE', *, *, #2812, .T. ) ;
#929 = CARTESIAN_POINT ( 'NONE',  ( 38.57402112392600202, 0.6547972762794205259, 6.938893903907228378E-15 ) ) ;
#930 = CARTESIAN_POINT ( 'NONE',  ( -43.42740263263936384, 7.899742980005767023, -12.81131836215160646 ) ) ;
#931 = CARTESIAN_POINT ( 'NONE',  ( 17.22563886236699560, 39.51778131964537977, -7.236205125798907289 ) ) ;
#932 = EDGE_CURVE ( 'NONE', #2679, #1004, #2713, .T. ) ;
#933 = CARTESIAN_POINT ( 'NONE',  ( 6.670280650915536569, -11.09857123541285873, -16.16123374630701193 ) ) ;
#934 = CARTESIAN_POINT ( 'NONE',  ( 41.17025769109046962, 6.046074540728866964, -9.076463673740891025 ) ) ;
#935 = CARTESIAN_POINT ( 'NONE',  ( -41.73839326517008885, 20.09786103200465845, -10.66046103571969361 ) ) ;
#936 = CARTESIAN_POINT ( 'NONE',  ( 35.29396774467526399, -3.977199962202123462, -14.90554385120400305 ) ) ;
#937 = CARTESIAN_POINT ( 'NONE',  ( -29.97989427524100137, -8.488548030977131731, -15.70101623508990052 ) ) ;
#938 = CARTESIAN_POINT ( 'NONE',  ( 40.07955083487510706, 3.712270637117645489, -13.54968271717327255 ) ) ;
#939 = ORIENTED_EDGE ( 'NONE', *, *, #2935, .T. ) ;
#940 = CARTESIAN_POINT ( 'NONE',  ( 31.29331124516313878, 14.86100263228771823, -6.700000000000000178 ) ) ;
#941 = DIRECTION ( 'NONE',  ( -1.000000000000000000, 4.315460875543731705E-16, 0.000000000000000000 ) ) ;
#942 = CARTESIAN_POINT ( 'NONE',  ( 19.72856420140868394, 38.42516414979488104, -7.428863012429027357 ) ) ;
#943 = DIRECTION ( 'NONE',  ( 0.000000000000000000, 0.000000000000000000, 1.000000000000000000 ) ) ;
#944 = CARTESIAN_POINT ( 'NONE',  ( 8.409501200524651665, 42.05356941156045991, -16.31602583597862477 ) ) ;
#945 = CARTESIAN_POINT ( 'NONE',  ( 5.494608137371525203, -11.13496185240176040, -16.16765039393371595 ) ) ;
#946 = CARTESIAN_POINT ( 'NONE',  ( 41.72966501085986835, 12.51969421927051229, -16.31602583597862477 ) ) ;
#947 = CYLINDRICAL_SURFACE ( 'NONE', #2971, 2.000000000000000888 ) ;
#948 = CARTESIAN_POINT ( 'NONE',  ( -37.92712576475126696, 26.46964514049580686, -9.536943582140786191 ) ) ;
#949 = ORIENTED_EDGE ( 'NONE', *, *, #383, .F. ) ;
#950 = CARTESIAN_POINT ( 'NONE',  ( -36.83045041964723509, -5.187569298229670167, -11.05725817421870438 ) ) ;
#951 = EDGE_CURVE ( 'NONE', #3411, #165, #2226, .T. ) ;
#952 = CIRCLE ( 'NONE', #1331, 2.750000000000000888 ) ;
#953 = CARTESIAN_POINT ( 'NONE',  ( 38.92457064703619096, 1.321372107962492048, -13.97126263599943741 ) ) ;
#954 = CARTESIAN_POINT ( 'NONE',  ( -22.52401564541157342, 38.33334717369510258, -7.445052822602164611 ) ) ;
#955 = CIRCLE ( 'NONE', #202, 5.000000000000000888 ) ;
#956 = CARTESIAN_POINT ( 'NONE',  ( 33.08965656150203216, -5.807343298996870296, -15.22824750004495797 ) ) ;
#957 = CIRCLE ( 'NONE', #3085, 4.999999999999997335 ) ;
#958 = EDGE_CURVE ( 'NONE', #27, #2167, #1819, .T. ) ;
#959 = CARTESIAN_POINT ( 'NONE',  ( -33.22218834181673230, -7.055928942839733153, -15.44840683677331761 ) ) ;
#960 = CARTESIAN_POINT ( 'NONE',  ( 41.50884138705325910, 12.86226541872411211, -11.93629176383437063 ) ) ;
#961 = ORIENTED_EDGE ( 'NONE', *, *, #3311, .F. ) ;
#962 = CARTESIAN_POINT ( 'NONE',  ( -8.039574571549039206, 6.685837765422565582, -13.02536260350531983 ) ) ;
#963 = MECHANICAL_DESIGN_GEOMETRIC_PRESENTATION_REPRESENTATION (  '', ( #2908 ), #722 ) ;
#964 = CARTESIAN_POINT ( 'NONE',  ( 0.8687076986415853685, 25.85871820260354426, 0.000000000000000000 ) ) ;
#965 = CARTESIAN_POINT ( 'NONE',  ( 18.81564853853945962, 38.85763219083796116, -7.352607228498934333 ) ) ;
#966 = DIRECTION ( 'NONE',  ( -0.01322932856868109727, 0.9847215711106220848, 0.1736329814725586229 ) ) ;
#967 = CARTESIAN_POINT ( 'NONE',  ( 17.61130853270158170, 39.39002266893952964, 3.469446951953614189E-15 ) ) ;
#968 = CARTESIAN_POINT ( 'NONE',  ( 0.6715063451841638553, -11.28071957413053994, -16.19335141292108560 ) ) ;
#969 = CARTESIAN_POINT ( 'NONE',  ( 40.81654745838774545, 5.500622918910011094, -16.31602583597861766 ) ) ;
#970 = COLOUR_RGB ( '',0.000000000000000000, 1.000000000000000000, 0.000000000000000000 ) ;
#971 = CARTESIAN_POINT ( 'NONE',  ( -15.13321582687193256, 14.30445431023033009, -7.000000000000000000 ) ) ;
#972 = CARTESIAN_POINT ( 'NONE',  ( -42.69397536359475254, 4.458706228713435138, -13.41806598301384490 ) ) ;
#973 = ORIENTED_EDGE ( 'NONE', *, *, #3141, .F. ) ;
#974 = AXIS2_PLACEMENT_3D ( 'NONE', #3660, #715, #3386 ) ;
#975 = ORIENTED_EDGE ( 'NONE', *, *, #1451, .F. ) ;
#976 = MECHANICAL_DESIGN_GEOMETRIC_PRESENTATION_REPRESENTATION (  '', ( #1097 ), #1099 ) ;
#977 = DIRECTION ( 'NONE',  ( 7.677592639748479295E-15, -0.1736481776670532051, 0.9848077530121864820 ) ) ;
#978 = CARTESIAN_POINT ( 'NONE',  ( 38.92457064703619096, 0.6267793972947816039, -10.03203162395067416 ) ) ;
#979 = CARTESIAN_POINT ( 'NONE',  ( -27.75280508257631595, 35.64207439827127644, -7.919596825355845304 ) ) ;
#980 = CARTESIAN_POINT ( 'NONE',  ( 25.19973404926343363, -9.248404285318166274, -15.83499939419030156 ) ) ;
#981 = DIRECTION ( 'NONE',  ( 0.000000000000000000, 0.000000000000000000, 1.000000000000000000 ) ) ;
#982 = EDGE_LOOP ( 'NONE', ( #3174, #3205 ) ) ;
#983 = PRESENTATION_STYLE_ASSIGNMENT (( #677 ) ) ;
#984 = CARTESIAN_POINT ( 'NONE',  ( 41.17071029608856492, 6.745800013692655028, -1.925929944387191406E-31 ) ) ;
#985 = CARTESIAN_POINT ( 'NONE',  ( -23.58688773021488316, 37.86731161682308056, -7.527227465247833926 ) ) ;
#986 = EDGE_CURVE ( 'NONE', #2277, #1975, #1989, .T. ) ;
#987 = CARTESIAN_POINT ( 'NONE',  ( 40.37912509320840826, 17.36125535614819171, -11.14299845193410121 ) ) ;
#988 = B_SPLINE_CURVE_WITH_KNOTS ( 'NONE', 3,
 ( #2581, #1992, #1141, #3456, #859, #872, #2522, #1090, #2236, #3400, #800, #1949, #258, #1394, #337, #3252, #2084, #1533, #1469, #57, #2687, #2990, #649, #1238, #1488, #1193, #2130, #2388, #2615, #41, #1175, #3551, #948, #2329, #2651, #2105, #889, #621, #2347, #3275, #1779, #409, #912, #2933, #120, #2412, #79, #1504, #930, #3576, #352, #972, #2068, #3232, #1798, #1218, #2946, #367, #2369, #3532, #1855, #3008, #426, #3523, #920, #109, #1788, #3602, #1002, #959, #2153, #151, #3559, #937, #1539, #1291, #90, #3013, #2677, #1492, #1825, #2076, #2118, #65, #2720, #2976, #376, #626 ),
 .UNSPECIFIED., .F., .F.,
 ( 4, 2, 2, 2, 2, 2, 2, 2, 2, 2, 2, 2, 2, 2, 2, 2, 2, 2, 2, 2, 2, 2, 2, 2, 2, 2, 2, 2, 2, 2, 2, 2, 2, 2, 2, 2, 2, 2, 2, 2, 2, 2, 2, 4 ),
 ( 0.09668986320596445472, 0.1002328676588541828, 0.1020043698852990538, 0.1037758721117439248, 0.1073188765646336529, 0.1108618810175233810, 0.1144048854704131091, 0.1161763876968579801, 0.1179478899233028372, 0.1214908943761925653, 0.1250338988290822795, 0.1285769032819720215, 0.1303484055084168647, 0.1321199077348617634, 0.1356629121877514776, 0.1392059166406412196, 0.1427489210935309338, 0.1445204233199758326, 0.1462919255464206758, 0.1498349299993104178, 0.1533779344522001320, 0.1551494366786450030, 0.1569209389050898740, 0.1604639433579795882, 0.1622354455844244869, 0.1640069478108693302, 0.1675499522637590721, 0.1693214544902039154, 0.1702072056034263647, 0.1710929567166488141, 0.1728644589430936573, 0.1746359611695385283, 0.1764074633959833993, 0.1781789656224282425, 0.1799504678488731413, 0.1817219700753179845, 0.1834934723017628833, 0.1852649745282077265, 0.1888079789810974685, 0.1923509834339872104, 0.1958939878868769524, 0.1994369923397666666, 0.2029799967926564086, 0.2100660056984358925 ),
 .UNSPECIFIED. ) ;
#989 = CARTESIAN_POINT ( 'NONE',  ( -43.47082759458449175, 13.91686230282151193, -3.851859888774471706E-31 ) ) ;
#990 = CARTESIAN_POINT ( 'NONE',  ( -15.35621336846417329, -11.36926484248799696, -16.20896433274645076 ) ) ;
#991 = VERTEX_POINT ( 'NONE', #2939 ) ;
#992 = DIRECTION ( 'NONE',  ( 0.000000000000000000, 0.000000000000000000, 1.000000000000000000 ) ) ;
#993 = CARTESIAN_POINT ( 'NONE',  ( -39.39014882007432305, -1.886344848254605910, 3.469446951953614189E-15 ) ) ;
#994 = CARTESIAN_POINT ( 'NONE',  ( 9.482338732469049347, 41.81831964899132714, -6.830558148180878142 ) ) ;
#995 = ORIENTED_EDGE ( 'NONE', *, *, #1475, .F. ) ;
#996 = VERTEX_POINT ( 'NONE', #899 ) ;
#997 = CARTESIAN_POINT ( 'NONE',  ( -34.98240140886445460, -6.679524869970040690, -11.32033019553485786 ) ) ;
#998 = CARTESIAN_POINT ( 'NONE',  ( 4.179246428245292577, 42.74146301469453846, -6.667783065745284787 ) ) ;
#999 = CARTESIAN_POINT ( 'NONE',  ( 41.66199302982879260, 11.36871968485409745, -12.19964417363762621 ) ) ;
#1000 = CARTESIAN_POINT ( 'NONE',  ( -25.11398571469506891, 37.10788535113012898, -7.661134805748675447 ) ) ;
#1001 = DIRECTION ( 'NONE',  ( -0.000000000000000000, -1.497534851276745554E-16, -1.000000000000000000 ) ) ;
#1002 = CARTESIAN_POINT ( 'NONE',  ( -34.23378248531798107, -6.458625465713155656, -15.34308611808492095 ) ) ;
#1003 = CARTESIAN_POINT ( 'NONE',  ( 8.618707698641584258, 25.85871820260354426, -7.000000000000000000 ) ) ;
#1004 = VERTEX_POINT ( 'NONE', #1222 ) ;
#1005 = FILL_AREA_STYLE_COLOUR ( '', #2117 ) ;
#1006 = CARTESIAN_POINT ( 'NONE',  ( 41.54125833648073041, 8.491327253755704518, -1.301042606982605912E-15 ) ) ;
#1007 = DIRECTION ( 'NONE',  ( 1.000000000000000000, 0.000000000000000000, 0.000000000000000000 ) ) ;
#1008 =( NAMED_UNIT ( * ) PLANE_ANGLE_UNIT ( ) SI_UNIT ( $, .RADIAN. ) );
#1009 = EDGE_CURVE ( 'NONE', #2033, #3128, #2375, .T. ) ;
#1010 = CARTESIAN_POINT ( 'NONE',  ( -41.66351193055815827, 1.772770278113125153, 2.602085213965211036E-15 ) ) ;
#1011 = CARTESIAN_POINT ( 'NONE',  ( 30.43247857120258359, 30.55948455087875359, -4.754088099782492804 ) ) ;
#1012 = CARTESIAN_POINT ( 'NONE',  ( -31.32713999311362230, -7.949119140117884008, -15.60590036746393139 ) ) ;
#1013 = VERTEX_POINT ( 'NONE', #3224 ) ;
#1014 = CARTESIAN_POINT ( 'NONE',  ( 29.04331124516313878, 14.86100263228771823, -11.58386046573706452 ) ) ;
#1015 = CARTESIAN_POINT ( 'NONE',  ( -42.01802344554349133, 19.45405018350314208, -16.34271213963313585 ) ) ;
#1016 = EDGE_LOOP ( 'NONE', ( #3436, #1425, #2051, #3010 ) ) ;
#1017 = VERTEX_POINT ( 'NONE', #625 ) ;
#1018 = CARTESIAN_POINT ( 'NONE',  ( -32.49385060326741836, 31.50630567432980556, -4.587137989813373729 ) ) ;
#1019 = CARTESIAN_POINT ( 'NONE',  ( -43.29140997500535804, 7.041108319768701662, -12.96271881932277026 ) ) ;
#1020 = CARTESIAN_POINT ( 'NONE',  ( 30.48565666838499411, -8.062825230374889074, -11.56424337149797488 ) ) ;
#1021 = CARTESIAN_POINT ( 'NONE',  ( 26.29331124516313878, 14.86100263228771823, -33.14213562373095101 ) ) ;
#1022 = CARTESIAN_POINT ( 'NONE',  ( 8.039574571549039206, 6.685837765422558476, -13.02536260350532160 ) ) ;
#1023 = FACE_BOUND ( 'NONE', #2096, .T. ) ;
#1024 = STYLED_ITEM ( 'NONE', ( #1379 ), #1289 ) ;
#1025 = CARTESIAN_POINT ( 'NONE',  ( -14.26477996229742295, 6.935267324879291984, -8.919674994848188376 ) ) ;
#1026 = CARTESIAN_POINT ( 'NONE',  ( -1.916735237008761139, 43.05684734537442893, -6.612172298953669980 ) ) ;
#1027 = CARTESIAN_POINT ( 'NONE',  ( 24.90270017282319870, -9.331911519274019184, -5.777789833161871336E-31 ) ) ;
#1028 = CARTESIAN_POINT ( 'NONE',  ( -20.34081881620549126, 38.55180073606406665, -3.344827117981366449 ) ) ;
#1029 = AXIS2_PLACEMENT_3D ( 'NONE', #1032, #943, #3271 ) ;
#1030 = CARTESIAN_POINT ( 'NONE',  ( 39.53702779269919176, 19.52986111252588586, -10.76061474656474282 ) ) ;
#1031 = AXIS2_PLACEMENT_3D ( 'NONE', #1261, #977, #650 ) ;
#1032 = CARTESIAN_POINT ( 'NONE',  ( 5.868707698641586035, 25.85871820260354426, -7.000000000000000000 ) ) ;
#1033 = CARTESIAN_POINT ( 'NONE',  ( 14.29266873927949888, 39.83063717707615581, -3.119333749517747556 ) ) ;
#1034 = CARTESIAN_POINT ( 'NONE',  ( -20.98335206027893562, 2.415705045623849134, -9.716595765673696761 ) ) ;
#1035 = CARTESIAN_POINT ( 'NONE',  ( -21.90209792728177973, -10.68307431239509064, -16.08797042838428837 ) ) ;
#1036 = COLOUR_RGB ( '',0.000000000000000000, 1.000000000000000000, 0.000000000000000000 ) ;
#1037 = CARTESIAN_POINT ( 'NONE',  ( -30.27118343293511060, -8.379712042272709382, -6.938893903907228378E-15 ) ) ;
#1038 = EDGE_LOOP ( 'NONE', ( #2006, #2168, #2188, #961 ) ) ;
#1039 = AXIS2_PLACEMENT_3D ( 'NONE', #3513, #2599, #3193 ) ;
#1040 = EDGE_CURVE ( 'NONE', #2951, #3737, #2200, .T. ) ;
#1041 = CARTESIAN_POINT ( 'NONE',  ( -27.46086973305262546, -10.06245318524865873, -11.91683173132111229 ) ) ;
#1042 = AXIS2_PLACEMENT_3D ( 'NONE', #3147, #3462, #549 ) ;
#1043 = CARTESIAN_POINT ( 'NONE',  ( -28.60593843482357812, 35.11020879713574772, -8.013379080946821276 ) ) ;
#1044 = DIRECTION ( 'NONE',  ( -0.000000000000000000, -1.497534851276745554E-16, -1.000000000000000000 ) ) ;
#1045 = CARTESIAN_POINT ( 'NONE',  ( 31.48035327485570889, 30.30335454793574002, -8.860957177413268937 ) ) ;
#1046 = CARTESIAN_POINT ( 'NONE',  ( -14.28847686523496385, 41.17436271919378754, 0.000000000000000000 ) ) ;
#1047 = CARTESIAN_POINT ( 'NONE',  ( -1.325295961663925937, 42.36833182202902748, -2.671869714813164265 ) ) ;
#1048 = DIRECTION ( 'NONE',  ( 1.000000000000000000, 0.000000000000000000, 0.000000000000000000 ) ) ;
#1049 = CARTESIAN_POINT ( 'NONE',  ( 12.59357422083296285, -11.53021089774630070, -12.17563701717738311 ) ) ;
#1050 = SURFACE_SIDE_STYLE ('',( #2790 ) ) ;
#1051 = CARTESIAN_POINT ( 'NONE',  ( -22.39937084914305032, -10.59460461078760396, -16.07237083301563985 ) ) ;
#1052 = CARTESIAN_POINT ( 'NONE',  ( 23.54331124516314233, 14.86100263228771823, -11.58386046573706452 ) ) ;
#1053 = CARTESIAN_POINT ( 'NONE',  ( -25.14875874082621010, -10.01606987932147597, 0.000000000000000000 ) ) ;
#1054 = FACE_OUTER_BOUND ( 'NONE', #2776, .T. ) ;
#1055 = CARTESIAN_POINT ( 'NONE',  ( -43.58042406869755325, 8.685377875359282740, -8.611083285571726975 ) ) ;
#1056 = EDGE_CURVE ( 'NONE', #2016, #3405, #2135, .T. ) ;
#1057 = CARTESIAN_POINT ( 'NONE',  ( -43.37519144576663166, 14.62016897989006203, -11.62632593651726154 ) ) ;
#1058 = CARTESIAN_POINT ( 'NONE',  ( 37.08571073103385629, -1.888491285808006737, -3.469446951953614189E-15 ) ) ;
#1059 = CARTESIAN_POINT ( 'NONE',  ( 26.29331124516313878, 19.96100263228771610, -8.421421619807279768 ) ) ;
#1060 = DIRECTION ( 'NONE',  ( 0.000000000000000000, 0.000000000000000000, 1.000000000000000000 ) ) ;
#1061 = CARTESIAN_POINT ( 'NONE',  ( -27.35969410184607398, 35.89917075384295231, -1.301042606982605518E-15 ) ) ;
#1062 = DIRECTION ( 'NONE',  ( -0.000000000000000000, -1.497534851276745554E-16, -1.000000000000000000 ) ) ;
#1063 =( LENGTH_UNIT ( ) NAMED_UNIT ( * ) SI_UNIT ( .MILLI., .METRE. ) );
#1064 = CARTESIAN_POINT ( 'NONE',  ( 41.43527497464668841, 7.184660873777930057, -8.875700183358427253 ) ) ;
#1065 = CARTESIAN_POINT ( 'NONE',  ( -31.47906585983121985, -7.891917230703001884, -16.34271213963312874 ) ) ;
#1066 = ORIENTED_EDGE ( 'NONE', *, *, #958, .T. ) ;
#1067 = CARTESIAN_POINT ( 'NONE',  ( -41.77069082027929170, 1.319165997636610355, -9.909945185229400266 ) ) ;
#1068 = PRESENTATION_STYLE_ASSIGNMENT (( #3730 ) ) ;
#1069 = CARTESIAN_POINT ( 'NONE',  ( 13.09648603449381810, -10.82180132781392956, -16.31602583597863187 ) ) ;
#1070 = DIRECTION ( 'NONE',  ( 0.000000000000000000, 0.000000000000000000, -1.000000000000000000 ) ) ;
#1071 = CARTESIAN_POINT ( 'NONE',  ( 36.84731511136157422, 24.11746609672614738, -9.951696211014411375 ) ) ;
#1072 = EDGE_CURVE ( 'NONE', #628, #852, #1290, .T. ) ;
#1073 = CARTESIAN_POINT ( 'NONE',  ( 41.62519666154211251, 9.308421775411435561, -12.56293028337420026 ) ) ;
#1074 = MECHANICAL_DESIGN_GEOMETRIC_PRESENTATION_REPRESENTATION (  '', ( #370 ), #132 ) ;
#1075 = PRESENTATION_STYLE_ASSIGNMENT (( #1645 ) ) ;
#1076 = FILL_AREA_STYLE ('',( #755 ) ) ;
#1077 = CARTESIAN_POINT ( 'NONE',  ( 39.41026274881443214, 19.13522104096825771, -6.768493991302904966 ) ) ;
#1078 = EDGE_LOOP ( 'NONE', ( #1666, #184 ) ) ;
#1079 = CARTESIAN_POINT ( 'NONE',  ( 26.29331124516313878, 9.761002632287716807, -8.421421619807279768 ) ) ;
#1080 = VECTOR ( 'NONE', #1983, 1000.000000000000000 ) ;
#1081 =( GEOMETRIC_REPRESENTATION_CONTEXT ( 3 ) GLOBAL_UNCERTAINTY_ASSIGNED_CONTEXT ( ( #2950 ) ) GLOBAL_UNIT_ASSIGNED_CONTEXT ( ( #1154, #399, #2401 ) ) REPRESENTATION_CONTEXT ( 'NONE', 'WORKASPACE' ) );
#1082 = CARTESIAN_POINT ( 'NONE',  ( -41.51342463500398594, 1.465388366477857751, -13.94586868396743640 ) ) ;
#1083 = CIRCLE ( 'NONE', #203, 2.000000000000000444 ) ;
#1084 = DIRECTION ( 'NONE',  ( -2.602085213965211036E-15, -0.9848077530121864820, -0.1736481776670531774 ) ) ;
#1085 = CARTESIAN_POINT ( 'NONE',  ( 10.00393202960070305, 41.71090032635425615, 1.251854463851703304E-29 ) ) ;
#1086 =( BOUNDED_CURVE ( )  B_SPLINE_CURVE ( 3, ( #3741, #1414, #2540, #3706 ),
 .UNSPECIFIED., .F., .F. ) 
 B_SPLINE_CURVE_WITH_KNOTS ( ( 4, 4 ),
 ( 1.570796326794896558, 4.712388980384689674 ),
 .UNSPECIFIED. ) 
 CURVE ( )  GEOMETRIC_REPRESENTATION_ITEM ( )  RATIONAL_B_SPLINE_CURVE ( ( 1.000000000000000000, 0.3333333333333333703, 0.3333333333333333703, 1.000000000000000000 ) ) 
 REPRESENTATION_ITEM ( '' )  );
#1087 = STYLED_ITEM ( 'NONE', ( #1312 ), #1145 ) ;
#1088 = DIRECTION ( 'NONE',  ( 1.000000000000000000, 0.000000000000000000, 0.000000000000000000 ) ) ;
#1089 = STYLED_ITEM ( 'NONE', ( #856 ), #2319 ) ;
#1090 = CARTESIAN_POINT ( 'NONE',  ( -6.405224669539672178, 42.69422394917769736, -6.676112587539360987 ) ) ;
#1091 = FILL_AREA_STYLE ('',( #1659 ) ) ;
#1092 = MECHANICAL_DESIGN_GEOMETRIC_PRESENTATION_REPRESENTATION (  '', ( #1344 ), #3214 ) ;
#1093 = FACE_OUTER_BOUND ( 'NONE', #881, .T. ) ;
#1094 = COLOUR_RGB ( '',0.000000000000000000, 1.000000000000000000, 0.000000000000000000 ) ;
#1095 = ORIENTED_EDGE ( 'NONE', *, *, #2464, .T. ) ;
#1096 = CARTESIAN_POINT ( 'NONE',  ( -2.960670134298629019, 43.01696099772845372, -2.602085213965211430E-15 ) ) ;
#1097 = STYLED_ITEM ( 'NONE', ( #2592 ), #3530 ) ;
#1098 = CARTESIAN_POINT ( 'NONE',  ( 36.84345393158950088, -2.150841892500387154, -14.58350764708073832 ) ) ;
#1099 =( GEOMETRIC_REPRESENTATION_CONTEXT ( 3 ) GLOBAL_UNCERTAINTY_ASSIGNED_CONTEXT ( ( #2333 ) ) GLOBAL_UNIT_ASSIGNED_CONTEXT ( ( #2882, #3470, #2022 ) ) REPRESENTATION_CONTEXT ( 'NONE', 'WORKASPACE' ) );
#1100 = DIRECTION ( 'NONE',  ( 0.01302837971930288948, -0.9999151270592366858, 0.000000000000000000 ) ) ;
#1101 = ORIENTED_EDGE ( 'NONE', *, *, #2689, .T. ) ;
#1102 = SURFACE_STYLE_FILL_AREA ( #1446 ) ;
#1103 = DIRECTION ( 'NONE',  ( -7.677592639748479295E-15, 0.1736481776670532051, -0.9848077530121864820 ) ) ;
#1104 = CARTESIAN_POINT ( 'NONE',  ( -28.41916009976002044, 35.23339462613265738, 3.469446951953614189E-15 ) ) ;
#1105 = SURFACE_STYLE_USAGE ( .BOTH. , #3711 ) ;
#1106 = CARTESIAN_POINT ( 'NONE',  ( -3.074035700463168208, -11.39389245733193157, -16.31602583597862477 ) ) ;
#1107 = LINE ( 'NONE', #2299, #776 ) ;
#1108 = DIRECTION ( 'NONE',  ( -7.677518917043917664E-15, 0.1736481776670532051, -0.9848077530121863710 ) ) ;
#1109 = ORIENTED_EDGE ( 'NONE', *, *, #3632, .F. ) ;
#1110 = CARTESIAN_POINT ( 'NONE',  ( 7.431868137451027145, 41.55881073589758756, -2.814610123750559190 ) ) ;
#1111 = CARTESIAN_POINT ( 'NONE',  ( 41.54175633502119780, 12.55376582180281275, -11.99068856631339841 ) ) ;
#1112 = DIRECTION ( 'NONE',  ( 0.000000000000000000, -0.9848077530121863710, -0.1736481776670531219 ) ) ;
#1113 = CARTESIAN_POINT ( 'NONE',  ( 39.96519534161006959, 2.726962351271643215, -9.661712704740548219 ) ) ;
#1114 = ORIENTED_EDGE ( 'NONE', *, *, #2368, .T. ) ;
#1115 = DIRECTION ( 'NONE',  ( 0.000000000000000000, 0.000000000000000000, 1.000000000000000000 ) ) ;
#1116 = CARTESIAN_POINT ( 'NONE',  ( -39.35962595604380709, -1.910219933795290093, -14.54107950360948287 ) ) ;
#1117 = ADVANCED_FACE ( 'NONE', ( #3305 ), #471, .F. ) ;
#1118 = LINE ( 'NONE', #1965, #3151 ) ;
#1119 = EDGE_CURVE ( 'NONE', #3243, #2827, #3601, .T. ) ;
#1120 = ADVANCED_BREP_SHAPE_REPRESENTATION ( 'Base-Dennis-Share', ( #2361, #3728, #1774 ), #3222 ) ;
#1121 = ADVANCED_FACE ( 'NONE', ( #2763 ), #2418, .F. ) ;
#1122 = CARTESIAN_POINT ( 'NONE',  ( -3.001705698736520489, 43.01843180712860715, -16.34271213963313585 ) ) ;
#1123 = LINE ( 'NONE', #2544, #3399 ) ;
#1124 = CARTESIAN_POINT ( 'NONE',  ( 25.25326238029580139, 35.13704507203826921, -16.31602583597862477 ) ) ;
#1125 = DIRECTION ( 'NONE',  ( 7.677952559960894179E-15, -0.1736481776670532329, 0.9848077530121864820 ) ) ;
#1126 = ORIENTED_EDGE ( 'NONE', *, *, #1945, .F. ) ;
#1127 = CARTESIAN_POINT ( 'NONE',  ( 34.52225741114045121, 27.10283955416865709, -9.425294322976313310 ) ) ;
#1128 = CARTESIAN_POINT ( 'NONE',  ( -34.70051618904246027, 30.12923369000231588, 2.602085213965209064E-15 ) ) ;
#1129 = CARTESIAN_POINT ( 'NONE',  ( 39.51010044045401060, 2.491696392020198658, -13.76490288854718713 ) ) ;
#1130 = CARTESIAN_POINT ( 'NONE',  ( -21.13321582687219902, 17.30445431023496639, -11.15301400886059113 ) ) ;
#1131 = CARTESIAN_POINT ( 'NONE',  ( 14.95970535944077184, -11.38730755462730038, -12.15043930215206380 ) ) ;
#1132 = ORIENTED_EDGE ( 'NONE', *, *, #2294, .F. ) ;
#1133 = DIRECTION ( 'NONE',  ( 0.01322932856868139218, -0.9847215711106220848, -0.1736329814725587617 ) ) ;
#1134 = CARTESIAN_POINT ( 'NONE',  ( -38.43043313343493139, -2.948320517736121804, -14.72412464524760800 ) ) ;
#1135 =( NAMED_UNIT ( * ) SI_UNIT ( $, .STERADIAN. ) SOLID_ANGLE_UNIT ( ) );
#1136 = CYLINDRICAL_SURFACE ( 'NONE', #2413, 5.000000000000000888 ) ;
#1137 = CARTESIAN_POINT ( 'NONE',  ( 25.48549860493971053, -9.177332153104273971, -15.82246745970444124 ) ) ;
#1138 = SURFACE_SIDE_STYLE ('',( #1966 ) ) ;
#1139 = CLOSED_SHELL ( 'NONE', ( #1, #340, #470, #2862, #2164, #3337, #1145, #1289, #2227, #2017, #3100, #1646, #316, #1121, #3530, #2470, #1522, #2391, #3724, #2319, #2142, #3369, #597, #2494, #1624, #1908, #1186, #581, #1408 ) ) ;
#1140 = AXIS2_PLACEMENT_3D ( 'NONE', #2622, #3503, #627 ) ;
#1141 = CARTESIAN_POINT ( 'NONE',  ( -0.5042115842476800891, 43.07111236902970575, -6.609656990402814181 ) ) ;
#1142 = CARTESIAN_POINT ( 'NONE',  ( -1.786141315772504568, 43.05613933518685599, -6.612297140252273664 ) ) ;
#1143 = COLOUR_RGB ( '',0.000000000000000000, 1.000000000000000000, 0.000000000000000000 ) ;
#1144 = FACE_OUTER_BOUND ( 'NONE', #1016, .T. ) ;
#1145 = ADVANCED_FACE ( 'NONE', ( #1264 ), #1602, .F. ) ;
#1146 = CARTESIAN_POINT ( 'NONE',  ( 37.97047811460419098, 22.48152476884942175, 3.469446951953614189E-15 ) ) ;
#1147 = SURFACE_SIDE_STYLE ('',( #2814 ) ) ;
#1148 = ORIENTED_EDGE ( 'NONE', *, *, #1945, .T. ) ;
#1149 = CARTESIAN_POINT ( 'NONE',  ( 23.81470704835166075, 36.12516555436815224, -7.834414820393654111 ) ) ;
#1150 = CARTESIAN_POINT ( 'NONE',  ( -42.59145192900579246, 4.204278658174450456, -13.46292842834048287 ) ) ;
#1151 = AXIS2_PLACEMENT_3D ( 'NONE', #2311, #336, #40 ) ;
#1152 = CARTESIAN_POINT ( 'NONE',  ( 39.56911471558318993, 2.613689229164540162, -13.74339225990545188 ) ) ;
#1153 = AXIS2_PLACEMENT_3D ( 'NONE', #3404, #2000, #844 ) ;
#1154 =( LENGTH_UNIT ( ) NAMED_UNIT ( * ) SI_UNIT ( .MILLI., .METRE. ) );
#1155 = VERTEX_POINT ( 'NONE', #547 ) ;
#1156 =( NAMED_UNIT ( * ) PLANE_ANGLE_UNIT ( ) SI_UNIT ( $, .RADIAN. ) );
#1157 = AXIS2_PLACEMENT_3D ( 'NONE', #3459, #3086, #2237 ) ;
#1158 =( NAMED_UNIT ( * ) SI_UNIT ( $, .STERADIAN. ) SOLID_ANGLE_UNIT ( ) );
#1159 = DIRECTION ( 'NONE',  ( 0.000000000000000000, -0.9848077530121863710, -0.1736481776670531219 ) ) ;
#1160 = CARTESIAN_POINT ( 'NONE',  ( -15.85331461358362226, 40.05599382434451883, -3.079597292322334479 ) ) ;
#1161 = CARTESIAN_POINT ( 'NONE',  ( 41.23921378401053062, 14.34078808332452581, -1.301042606982602165E-15 ) ) ;
#1162 = CARTESIAN_POINT ( 'NONE',  ( 3.115451857145985937, -11.90085990579462027, -12.24099243766913148 ) ) ;
#1163 = UNCERTAINTY_MEASURE_WITH_UNIT (LENGTH_MEASURE( 1.000000000000000082E-05 ), #2856, 'distance_accuracy_value', 'NONE');
#1164 = EDGE_CURVE ( 'NONE', #32, #3487, #1365, .T. ) ;
#1165 = VERTEX_POINT ( 'NONE', #1663 ) ;
#1166 = CARTESIAN_POINT ( 'NONE',  ( 1.617236944924499431, 42.97788923698928443, -6.626094743807674270 ) ) ;
#1167 = CARTESIAN_POINT ( 'NONE',  ( -39.76210124747744601, 23.83260973520749459, -10.00192407317861942 ) ) ;
#1168 = CARTESIAN_POINT ( 'NONE',  ( 23.71164309995112518, -9.569641666189998119, -15.89164221165692226 ) ) ;
#1169 = EDGE_LOOP ( 'NONE', ( #3562, #995 ) ) ;
#1170 = LINE ( 'NONE', #2007, #210 ) ;
#1171 = DIRECTION ( 'NONE',  ( -0.000000000000000000, -1.497534851276745554E-16, -1.000000000000000000 ) ) ;
#1172 = CARTESIAN_POINT ( 'NONE',  ( -2.336354567438388319, -11.37182079870088813, -16.20941501678840169 ) ) ;
#1173 = ORIENTED_EDGE ( 'NONE', *, *, #26, .F. ) ;
#1174 = FACE_OUTER_BOUND ( 'NONE', #1405, .T. ) ;
#1175 = CARTESIAN_POINT ( 'NONE',  ( -35.66205579896458744, 29.12553581425310867, -9.068638398545390444 ) ) ;
#1176 = CARTESIAN_POINT ( 'NONE',  ( -40.29065847520507759, 22.99264050682980809, -16.34271213963313585 ) ) ;
#1177 = CARTESIAN_POINT ( 'NONE',  ( -2.801635976872750788, 43.02345652034923518, -6.618060002313639778 ) ) ;
#1178 = CARTESIAN_POINT ( 'NONE',  ( -34.00247544654802567, -7.333488095760850811, -11.43564155663291793 ) ) ;
#1179 = CARTESIAN_POINT ( 'NONE',  ( 14.29266873927949888, 39.83063717707615581, -3.119333749517746224 ) ) ;
#1180 = CARTESIAN_POINT ( 'NONE',  ( -37.72606942036946265, 26.70120834915861963, -9.496112740715776823 ) ) ;
#1181 = CARTESIAN_POINT ( 'NONE',  ( 12.59357422083296996, -10.83561818707800128, -16.11486802922951256 ) ) ;
#1182 = CARTESIAN_POINT ( 'NONE',  ( -12.38321582687193079, 14.30445431023033009, -11.68199495098381036 ) ) ;
#1183 = ORIENTED_EDGE ( 'NONE', *, *, #1875, .F. ) ;
#1184 = DIRECTION ( 'NONE',  ( 7.677592639748477717E-15, -0.1736481776670532051, 0.9848077530121864820 ) ) ;
#1185 = CARTESIAN_POINT ( 'NONE',  ( 14.72541233697160123, -3.552713678800500929E-15, -14.20425619018891439 ) ) ;
#1186 = ADVANCED_FACE ( 'NONE', ( #302 ), #3675, .F. ) ;
#1187 = CARTESIAN_POINT ( 'NONE',  ( 18.41805877037417005, 39.03180267805542769, -7.321896272359335711 ) ) ;
#1188 = FILL_AREA_STYLE_COLOUR ( '', #1520 ) ;
#1189 = CARTESIAN_POINT ( 'NONE',  ( 12.70886445697977685, 40.98553966158154793, 0.000000000000000000 ) ) ;
#1190 = EDGE_LOOP ( 'NONE', ( #1649, #1827, #1343, #1066 ) ) ;
#1191 = AXIS2_PLACEMENT_3D ( 'NONE', #2139, #1228, #941 ) ;
#1192 = FILL_AREA_STYLE ('',( #351 ) ) ;
#1193 = CARTESIAN_POINT ( 'NONE',  ( -30.44596376931566795, 33.83652437901654508, -8.237964008768532409 ) ) ;
#1194 = CARTESIAN_POINT ( 'NONE',  ( 13.07784722174882752, 40.87770034515887829, -6.996414710021903183 ) ) ;
#1195 = COLOUR_RGB ( '',0.000000000000000000, 1.000000000000000000, 0.000000000000000000 ) ;
#1196 = CARTESIAN_POINT ( 'NONE',  ( 4.300421299986921575, -11.17192555567588741, -16.17416809212091522 ) ) ;
#1197 = UNCERTAINTY_MEASURE_WITH_UNIT (LENGTH_MEASURE( 1.000000000000000082E-05 ), #3231, 'distance_accuracy_value', 'NONE');
#1198 = STYLED_ITEM ( 'NONE', ( #2925 ), #597 ) ;
#1199 = DIRECTION ( 'NONE',  ( 0.9999124886036887538, 0.01302834534158438078, 0.002297248797702649593 ) ) ;
#1200 = CARTESIAN_POINT ( 'NONE',  ( 38.62055699600922054, 20.70145566621098965, -6.492324568752797731 ) ) ;
#1201 =( BOUNDED_CURVE ( )  B_SPLINE_CURVE ( 3, ( #1341, #3364, #2145, #2451 ),
 .UNSPECIFIED., .F., .F. ) 
 B_SPLINE_CURVE_WITH_KNOTS ( ( 4, 4 ),
 ( 3.141592653589756257, 6.283185307179532941 ),
 .UNSPECIFIED. ) 
 CURVE ( )  GEOMETRIC_REPRESENTATION_ITEM ( )  RATIONAL_B_SPLINE_CURVE ( ( 1.000000000000000000, 0.3333333333333210469, 0.3333333333333210469, 1.000000000000000000 ) ) 
 REPRESENTATION_ITEM ( '' )  );
#1202 = CARTESIAN_POINT ( 'NONE',  ( -41.79237993837999454, 19.97422628695937163, -10.68226117702420375 ) ) ;
#1203 = CARTESIAN_POINT ( 'NONE',  ( 32.55229389880321378, -6.183911185960604406, -15.29464657858508403 ) ) ;
#1204 = STYLED_ITEM ( 'NONE', ( #983 ), #2164 ) ;
#1205 = PLANE ( 'NONE',  #974 ) ;
#1206 = CARTESIAN_POINT ( 'NONE',  ( 21.13076600968539154, 37.71317631128517434, -9.116068403432786517E-30 ) ) ;
#1207 = DIRECTION ( 'NONE',  ( 0.000000000000000000, 0.000000000000000000, 1.000000000000000000 ) ) ;
#1208 = EDGE_LOOP ( 'NONE', ( #1269, #3671, #3504, #2243 ) ) ;
#1209 = SURFACE_STYLE_FILL_AREA ( #1495 ) ;
#1210 = AXIS2_PLACEMENT_3D ( 'NONE', #2326, #364, #2043 ) ;
#1211 = CARTESIAN_POINT ( 'NONE',  ( 25.62306979214861613, 34.88254821923714388, -8.053521783274488755 ) ) ;
#1212 = CIRCLE ( 'NONE', #2727, 5.000000000000000888 ) ;
#1213 = EDGE_CURVE ( 'NONE', #876, #484, #1107, .T. ) ;
#1214 = CARTESIAN_POINT ( 'NONE',  ( 19.75539176848919354, 38.43825822787801627, -16.31602583597862122 ) ) ;
#1215 = CARTESIAN_POINT ( 'NONE',  ( -5.171959724472150910, -11.44536472024012852, -16.22238279442285958 ) ) ;
#1216 = AXIS2_PLACEMENT_3D ( 'NONE', #1541, #694, #3624 ) ;
#1217 = CARTESIAN_POINT ( 'NONE',  ( 41.72966501085986835, 12.51969421927051229, 0.000000000000000000 ) ) ;
#1218 = CARTESIAN_POINT ( 'NONE',  ( -40.98077840765765245, 0.4196870870901464046, -14.13025403327997864 ) ) ;
#1219 = CARTESIAN_POINT ( 'NONE',  ( 16.80614028736085785, 39.67480844457369926, -7.208517006970934560 ) ) ;
#1220 = CARTESIAN_POINT ( 'NONE',  ( 41.43527497464668841, 7.184660873777930057, -8.875700183358427253 ) ) ;
#1221 = CARTESIAN_POINT ( 'NONE',  ( -43.63384221210012015, 10.54899692155963820, -12.34418341351109838 ) ) ;
#1222 = CARTESIAN_POINT ( 'NONE',  ( 1.841054344941284615, 42.94859519105889945, -6.631260074479381039 ) ) ;
#1223 = SURFACE_STYLE_FILL_AREA ( #640 ) ;
#1224 = LINE ( 'NONE', #456, #207 ) ;
#1225 = FACE_OUTER_BOUND ( 'NONE', #2316, .T. ) ;
#1226 = ORIENTED_EDGE ( 'NONE', *, *, #1572, .T. ) ;
#1227 = CARTESIAN_POINT ( 'NONE',  ( 26.29331124516313878, 14.86100263228771645, -10.52142161980727586 ) ) ;
#1228 = DIRECTION ( 'NONE',  ( 4.315460875543731705E-16, 1.000000000000000000, -0.000000000000000000 ) ) ;
#1229 = CARTESIAN_POINT ( 'NONE',  ( 36.95620403919807728, 23.97508609396222212, -9.976801647017639496 ) ) ;
#1230 = CARTESIAN_POINT ( 'NONE',  ( 11.86870769864159847, 28.85871820261571230, -9.115685542407030439 ) ) ;
#1231 = CARTESIAN_POINT ( 'NONE',  ( -39.49184960522898535, -1.762003331878728707, 1.301042606982605321E-15 ) ) ;
#1232 = CYLINDRICAL_SURFACE ( 'NONE', #1334, 2.750000000000000888 ) ;
#1233 = EDGE_CURVE ( 'NONE', #1893, #3588, #1972, .T. ) ;
#1234 = CARTESIAN_POINT ( 'NONE',  ( 6.086392293210435511, -11.11639624618298328, -16.16437677664413997 ) ) ;
#1235 = ORIENTED_EDGE ( 'NONE', *, *, #1320, .T. ) ;
#1236 = CARTESIAN_POINT ( 'NONE',  ( 32.09069611786023302, 29.71560861369798445, -16.31602583597862122 ) ) ;
#1237 = EDGE_CURVE ( 'NONE', #499, #2016, #1586, .T. ) ;
#1238 = CARTESIAN_POINT ( 'NONE',  ( -28.99893480256023537, 34.85592446185402338, -8.058216270027861228 ) ) ;
#1239 = CARTESIAN_POINT ( 'NONE',  ( -35.18932788261661671, 29.62892761169029399, -3.469446951953614189E-15 ) ) ;
#1240 = CARTESIAN_POINT ( 'NONE',  ( 7.725622983485839868, 42.19083337475133533, -6.764873927645091989 ) ) ;
#1241 = EDGE_CURVE ( 'NONE', #32, #3393, #2706, .T. ) ;
#1242 = EDGE_CURVE ( 'NONE', #858, #1737, #787, .T. ) ;
#1243 = CARTESIAN_POINT ( 'NONE',  ( 3.115451857145985937, -11.20626719512691061, -16.18022344971789295 ) ) ;
#1244 = CARTESIAN_POINT ( 'NONE',  ( -40.06054947059715943, -1.788760880877681370, -10.45795654798051011 ) ) ;
#1245 = CARTESIAN_POINT ( 'NONE',  ( 41.61622347791794851, 11.96169431236632974, -12.09508674793166705 ) ) ;
#1246 = CARTESIAN_POINT ( 'NONE',  ( -24.87642527920380431, 37.22773655403443627, -7.640001805006267688 ) ) ;
#1247 = CARTESIAN_POINT ( 'NONE',  ( 36.35277021382400875, -2.797815340342960866, -14.69758652173743840 ) ) ;
#1248 = CARTESIAN_POINT ( 'NONE',  ( 41.24897275983348521, 7.044932428310506367, -12.96204452580976962 ) ) ;
#1249 = CARTESIAN_POINT ( 'NONE',  ( -0.6193786144246913317, 43.07357138210739578, 0.000000000000000000 ) ) ;
#1250 = CARTESIAN_POINT ( 'NONE',  ( -8.070480344127309635, 6.575945580557664982, 5.108640805794710360 ) ) ;
#1251 = ORIENTED_EDGE ( 'NONE', *, *, #3122, .T. ) ;
#1252 = SURFACE_STYLE_FILL_AREA ( #2723 ) ;
#1253 = CARTESIAN_POINT ( 'NONE',  ( 35.94204625804508879, 25.32394092607726321, -9.738962147056591689 ) ) ;
#1254 = CARTESIAN_POINT ( 'NONE',  ( 16.82811190669966095, 17.39147687482097382, -11.13766958279392760 ) ) ;
#1255 = CARTESIAN_POINT ( 'NONE',  ( 4.300434249660170849, -11.17192591764621845, -16.17416815595297663 ) ) ;
#1256 = CARTESIAN_POINT ( 'NONE',  ( 28.56455600043804210, 32.78038745031857815, 0.000000000000000000 ) ) ;
#1257 = CARTESIAN_POINT ( 'NONE',  ( 5.868707698641586035, 20.75871820255881062, -6.482227638613555776 ) ) ;
#1258 = CARTESIAN_POINT ( 'NONE',  ( -37.62508671232767909, 26.85198599444877843, -3.469446951953614189E-15 ) ) ;
#1259 = ORIENTED_EDGE ( 'NONE', *, *, #1260, .T. ) ;
#1260 = EDGE_CURVE ( 'NONE', #689, #2897, #1756, .T. ) ;
#1261 = CARTESIAN_POINT ( 'NONE',  ( -18.98352708307158920, 3.136354446975226917, -13.65123228012703649 ) ) ;
#1262 = CARTESIAN_POINT ( 'NONE',  ( 41.00508718399175478, 5.479027789228826606, -9.176449315353439218 ) ) ;
#1263 = DIRECTION ( 'NONE',  ( 1.000000000000000000, 0.000000000000000000, 0.000000000000000000 ) ) ;
#1264 = FACE_OUTER_BOUND ( 'NONE', #1570, .T. ) ;
#1265 = VECTOR ( 'NONE', #2904, 1000.000000000000000 ) ;
#1266 = PRESENTATION_STYLE_ASSIGNMENT (( #1806 ) ) ;
#1267 = CARTESIAN_POINT ( 'NONE',  ( 37.64390578584647074, -0.9718859604353128345, -14.37562590718542310 ) ) ;
#1268 = CARTESIAN_POINT ( 'NONE',  ( 8.039574571549053417, -6.685837765422565582, -15.38314977687250540 ) ) ;
#1269 = ORIENTED_EDGE ( 'NONE', *, *, #797, .F. ) ;
#1270 =( NAMED_UNIT ( * ) PLANE_ANGLE_UNIT ( ) SI_UNIT ( $, .RADIAN. ) );
#1271 = CARTESIAN_POINT ( 'NONE',  ( 33.70709275303781993, -5.354457098107324065, 1.301042606982605321E-15 ) ) ;
#1272 = STYLED_ITEM ( 'NONE', ( #3443 ), #1186 ) ;
#1273 = CARTESIAN_POINT ( 'NONE',  ( -19.23317553945886615, 39.66109578499369803, -7.210934918831664042 ) ) ;
#1274 = CARTESIAN_POINT ( 'NONE',  ( 20.97772338223973065, 37.78656212325168440, -7.541465779643790057 ) ) ;
#1275 = CARTESIAN_POINT ( 'NONE',  ( -39.86005770783646796, -1.300154881891829151, -1.301042606982605321E-15 ) ) ;
#1276 = CARTESIAN_POINT ( 'NONE',  ( -29.57554436629659023, -8.634141807085699227, -15.72668834604733235 ) ) ;
#1277 = EDGE_LOOP ( 'NONE', ( #3183, #326, #2350, #3301 ) ) ;
#1278 = MECHANICAL_DESIGN_GEOMETRIC_PRESENTATION_REPRESENTATION (  '', ( #1089 ), #2850 ) ;
#1279 = CARTESIAN_POINT ( 'NONE',  ( 5.868707698641586035, 25.85871820260354426, -33.14213562373095101 ) ) ;
#1280 = CARTESIAN_POINT ( 'NONE',  ( -42.62500313147652520, 17.86317098287811689, -1.040834085586084257E-14 ) ) ;
#1281 = ORIENTED_EDGE ( 'NONE', *, *, #313, .T. ) ;
#1282 = PRESENTATION_LAYER_ASSIGNMENT (  '', '', ( #2916 ) ) ;
#1283 = ORIENTED_EDGE ( 'NONE', *, *, #2044, .T. ) ;
#1284 = AXIS2_PLACEMENT_3D ( 'NONE', #1560, #2400, #111 ) ;
#1285 = CARTESIAN_POINT ( 'NONE',  ( 6.502214810644576737, 42.41449983634831966, -6.725435495785914597 ) ) ;
#1286 = DIRECTION ( 'NONE',  ( -1.734723475976807094E-15, -0.9848077530121863710, -0.1736481776670535937 ) ) ;
#1287 = CARTESIAN_POINT ( 'NONE',  ( -41.77069082027929170, 2.013758708304320688, -13.84917619727815996 ) ) ;
#1288 = CARTESIAN_POINT ( 'NONE',  ( 40.47499527919452333, 17.08921786759676920, -11.19096600092634652 ) ) ;
#1289 = ADVANCED_FACE ( 'NONE', ( #568 ), #3467, .T. ) ;
#1290 = LINE ( 'NONE', #748, #1706 ) ;
#1291 = CARTESIAN_POINT ( 'NONE',  ( -27.74435463046185291, -9.277724000910231084, -15.84016925111587604 ) ) ;
#1292 = CARTESIAN_POINT ( 'NONE',  ( 39.59009042594747285, 2.646166172151458440, -13.73766569860057096 ) ) ;
#1293 = CYLINDRICAL_SURFACE ( 'NONE', #1216, 6.685837765422565582 ) ;
#1294 = CARTESIAN_POINT ( 'NONE',  ( 12.59357422083296996, -10.83561818707800128, -16.11486802922951256 ) ) ;
#1295 = ORIENTED_EDGE ( 'NONE', *, *, #2297, .T. ) ;
#1296 = CYLINDRICAL_SURFACE ( 'NONE', #1763, 3.000000000000002665 ) ;
#1297 = CARTESIAN_POINT ( 'NONE',  ( 38.64621595015029243, 0.7930529222570669168, 0.000000000000000000 ) ) ;
#1298 = FACE_OUTER_BOUND ( 'NONE', #462, .T. ) ;
#1299 = CARTESIAN_POINT ( 'NONE',  ( -43.51311832158635440, 8.607806465333569079, -1.301042606982605518E-15 ) ) ;
#1300 = CARTESIAN_POINT ( 'NONE',  ( 23.81470704835166075, 35.43057284370043902, -3.895183808344892640 ) ) ;
#1301 = B_SPLINE_SURFACE_WITH_KNOTS ( 'NONE', 3, 1, ( 
 ( #738, #473 ),
 ( #195, #1332 ),
 ( #2482, #1249 ),
 ( #22, #873 ),
 ( #1122, #3419 ),
 ( #586, #564 ),
 ( #3195, #2272 ),
 ( #1729, #298 ),
 ( #2913, #600 ),
 ( #2195, #2892 ),
 ( #1433, #819 ),
 ( #338, #3139 ),
 ( #839, #1046 ),
 ( #543, #1470 ),
 ( #3645, #3438 ),
 ( #3360, #1395 ),
 ( #752, #1950 ),
 ( #259, #3123 ),
 ( #524, #1690 ),
 ( #3163, #3709 ),
 ( #3, #1104 ),
 ( #2256, #3458 ),
 ( #1710, #1416 ),
 ( #1993, #2561 ),
 ( #2872, #3180 ),
 ( #353, #3253 ),
 ( #80, #103 ),
 ( #3299, #1239 ),
 ( #2389, #2106 ),
 ( #1554, #1258 ),
 ( #3496, #2131 ),
 ( #427, #2348 ),
 ( #1176, #3514 ),
 ( #890, #1568 ),
 ( #186, #1324 ),
 ( #1901, #1342 ),
 ( #1015, #1929 ),
 ( #2434, #1280 ),
 ( #3365, #1632 ),
 ( #2471, #1913 ),
 ( #3102, #2166 ),
 ( #3026, #1595 ),
 ( #3596, #2734 ),
 ( #1613, #2708 ),
 ( #2146, #728 ),
 ( #3670, #1305 ),
 ( #2505, #993 ),
 ( #1891, #3636 ),
 ( #3317, #142 ),
 ( #447, #708 ),
 ( #1872, #2757 ),
 ( #163, #2452 ),
 ( #2775, #3048 ),
 ( #3333, #464 ),
 ( #1065, #3613 ),
 ( #3653, #1037 ),
 ( #2795, #2187 ),
 ( #3353, #743 ),
 ( #3065, #482 ),
 ( #497, #206 ),
 ( #2490, #1053 ),
 ( #2201, #761 ),
 ( #3080, #1654 ),
 ( #224, #3376 ),
 ( #1358, #2215 ),
 ( #781, #18 ),
 ( #277, #2825 ),
 ( #1726, #2364 ) ),
 .UNSPECIFIED., .F., .F., .F.,
 ( 4, 2, 2, 2, 2, 2, 2, 2, 2, 2, 2, 2, 2, 2, 2, 2, 2, 2, 2, 2, 2, 2, 2, 2, 2, 2, 2, 2, 2, 2, 2, 2, 2, 4 ),
 ( 2, 2 ),
 ( 0.000000000000000000, 0.03125000000000031919, 0.04687500000000047878, 0.06250000000000062450, 0.09375000000000094369, 0.1250000000000012768, 0.1562500000000016376, 0.1875000000000019984, 0.2500000000000027756, 0.2656250000000029421, 0.2812500000000031086, 0.3125000000000033307, 0.3281250000000033307, 0.3437500000000033862, 0.3750000000000033862, 0.4062500000000033862, 0.4375000000000033307, 0.4531250000000032752, 0.4687500000000032196, 0.5000000000000031086, 0.5625000000000028866, 0.6250000000000025535, 0.6562500000000024425, 0.6718750000000023315, 0.6875000000000021094, 0.7187500000000018874, 0.7343750000000018874, 0.7500000000000017764, 0.7656250000000016653, 0.7812500000000016653, 0.8125000000000015543, 0.8750000000000009992, 0.9375000000000004441, 1.000000000000000000 ),
 ( 0.000000000000000000, 1.000000000000000000 ),
 .UNSPECIFIED. ) ;
#1302 = CARTESIAN_POINT ( 'NONE',  ( -31.25020069265142908, -7.981543234724634672, -15.61161761016814786 ) ) ;
#1303 = VERTEX_POINT ( 'NONE', #964 ) ;
#1304 = DIRECTION ( 'NONE',  ( 0.000000000000000000, 0.000000000000000000, 1.000000000000000000 ) ) ;
#1305 = CARTESIAN_POINT ( 'NONE',  ( -39.76022803492227808, -1.426949021133507411, -3.469446951953614189E-15 ) ) ;
#1306 = ORIENTED_EDGE ( 'NONE', *, *, #1691, .T. ) ;
#1307 = CARTESIAN_POINT ( 'NONE',  ( -40.66589380343362592, 21.63782780855352428, -6.327216896074020269 ) ) ;
#1308 = ORIENTED_EDGE ( 'NONE', *, *, #2769, .T. ) ;
#1309 = CARTESIAN_POINT ( 'NONE',  ( -36.61010454681757409, 27.37329471606719977, -5.315899333318817810 ) ) ;
#1310 = CARTESIAN_POINT ( 'NONE',  ( 24.33005708067436856, -9.446629141494831572, -15.86995178458122702 ) ) ;
#1311 = CARTESIAN_POINT ( 'NONE',  ( -33.46037779431509307, 31.30826664569116957, -8.683764061339747542 ) ) ;
#1312 = PRESENTATION_STYLE_ASSIGNMENT (( #3585 ) ) ;
#1313 = DIRECTION ( 'NONE',  ( -0.000000000000000000, -1.497534851276745554E-16, -1.000000000000000000 ) ) ;
#1314 = CARTESIAN_POINT ( 'NONE',  ( -8.039574571549039206, 6.685837765422565582, -13.02536260350531983 ) ) ;
#1315 = DIRECTION ( 'NONE',  ( 0.000000000000000000, -0.1736481776670533161, 0.9848077530121863710 ) ) ;
#1316 = DIRECTION ( 'NONE',  ( 0.000000000000000000, 0.000000000000000000, 1.000000000000000000 ) ) ;
#1317 = CARTESIAN_POINT ( 'NONE',  ( 40.17783105687999523, 17.92805320177864914, -11.04305669914194965 ) ) ;
#1318 = CARTESIAN_POINT ( 'NONE',  ( -16.13671567674376917, -11.33211990983327055, -1.301042606982614590E-15 ) ) ;
#1319 = CARTESIAN_POINT ( 'NONE',  ( 38.32795086923383820, 21.20631324811931151, -6.403304555647129526 ) ) ;
#1320 = EDGE_CURVE ( 'NONE', #2261, #3472, #952, .T. ) ;
#1321 = PRESENTATION_STYLE_ASSIGNMENT (( #703 ) ) ;
#1322 = CARTESIAN_POINT ( 'NONE',  ( -8.616873382848961427, -11.49895552336797522, -16.23183229893211532 ) ) ;
#1323 = CARTESIAN_POINT ( 'NONE',  ( -14.71377605422047985, 40.35617260859173427, -3.026667673623284482 ) ) ;
#1324 = CARTESIAN_POINT ( 'NONE',  ( -41.33264490070271080, 20.99441876209928992, -3.469446951953614189E-15 ) ) ;
#1325 = VERTEX_POINT ( 'NONE', #720 ) ;
#1326 = CARTESIAN_POINT ( 'NONE',  ( -41.99682366006685186, 1.858934984130902413, -9.814769349560792833 ) ) ;
#1327 = CARTESIAN_POINT ( 'NONE',  ( -43.37519144576663166, 13.92557626922235237, -7.687094924468500068 ) ) ;
#1328 = CARTESIAN_POINT ( 'NONE',  ( 14.95970535944077184, -10.69271484395958893, -16.08967031420082705 ) ) ;
#1329 = CARTESIAN_POINT ( 'NONE',  ( -27.78474395502757233, 35.62266951743326615, -7.923018429405022545 ) ) ;
#1330 =( NAMED_UNIT ( * ) SI_UNIT ( $, .STERADIAN. ) SOLID_ANGLE_UNIT ( ) );
#1331 = AXIS2_PLACEMENT_3D ( 'NONE', #2424, #1316, #1007 ) ;
#1332 = CARTESIAN_POINT ( 'NONE',  ( 0.6105308389687831294, 43.03507643318360465, 0.000000000000000000 ) ) ;
#1333 = CARTESIAN_POINT ( 'NONE',  ( -11.02976368825440012, 41.90944282799019760, -1.301042606982605124E-15 ) ) ;
#1334 = AXIS2_PLACEMENT_3D ( 'NONE', #666, #1834, #2143 ) ;
#1335 = AXIS2_PLACEMENT_3D ( 'NONE', #3471, #1207, #2023 ) ;
#1336 = CARTESIAN_POINT ( 'NONE',  ( 40.81146506237760008, 15.98947437188736842, -11.38488045108227986 ) ) ;
#1337 = AXIS2_PLACEMENT_3D ( 'NONE', #2613, #2121, #2624 ) ;
#1338 = DIRECTION ( 'NONE',  ( 0.000000000000000000, 0.000000000000000000, 1.000000000000000000 ) ) ;
#1339 = CARTESIAN_POINT ( 'NONE',  ( -12.05189243848968239, -11.48422094514379843, -16.22923419524180133 ) ) ;
#1340 = EDGE_LOOP ( 'NONE', ( #2710, #1614 ) ) ;
#1341 = CARTESIAN_POINT ( 'NONE',  ( 26.29331124516313878, 9.761002632291306824, -8.421421619810873338 ) ) ;
#1342 = CARTESIAN_POINT ( 'NONE',  ( -41.79916156578469355, 19.97222569737154885, -1.040834085586084257E-14 ) ) ;
#1343 = ORIENTED_EDGE ( 'NONE', *, *, #2578, .T. ) ;
#1344 = STYLED_ITEM ( 'NONE', ( #2030 ), #2470 ) ;
#1345 = CARTESIAN_POINT ( 'NONE',  ( -40.98620789225887506, -0.2652049631607267810, -10.18931253306896423 ) ) ;
#1346 = VECTOR ( 'NONE', #2815, 1000.000000000000000 ) ;
#1347 = CARTESIAN_POINT ( 'NONE',  ( -43.45522421092513099, 14.03942145785836182, -11.72872739363103278 ) ) ;
#1348 = CARTESIAN_POINT ( 'NONE',  ( 28.67348406793210458, -8.190359705383997380, -16.31602583597862477 ) ) ;
#1349 = VECTOR ( 'NONE', #526, 1000.000000000000000 ) ;
#1350 = DIRECTION ( 'NONE',  ( -1.000000000000000000, 4.315460875543732198E-16, 7.609321865501367224E-17 ) ) ;
#1351 = CARTESIAN_POINT ( 'NONE',  ( -23.21974953739972847, 38.03552053875396410, -1.301042606982605518E-15 ) ) ;
#1352 =( NAMED_UNIT ( * ) PLANE_ANGLE_UNIT ( ) SI_UNIT ( $, .RADIAN. ) );
#1353 = DIRECTION ( 'NONE',  ( 0.000000000000000000, 1.000000000000000000, 0.000000000000000000 ) ) ;
#1354 = CARTESIAN_POINT ( 'NONE',  ( 36.69603254289494032, 23.63157953198137307, -5.975664674399690846 ) ) ;
#1355 = CARTESIAN_POINT ( 'NONE',  ( -30.44772739119358818, -8.307289468557824463, -15.66905546005715344 ) ) ;
#1356 =( NAMED_UNIT ( * ) PLANE_ANGLE_UNIT ( ) SI_UNIT ( $, .RADIAN. ) );
#1357 = CARTESIAN_POINT ( 'NONE',  ( 38.28358043916580300, 21.97764232537375406, 1.301042606982602165E-15 ) ) ;
#1358 = CARTESIAN_POINT ( 'NONE',  ( -13.53609992018612829, -11.46919301429747406, -16.34271213963313940 ) ) ;
#1359 = EDGE_LOOP ( 'NONE', ( #914, #3308 ) ) ;
#1360 = ADVANCED_FACE ( 'NONE', ( #700 ), #1845, .F. ) ;
#1361 = CARTESIAN_POINT ( 'NONE',  ( -38.11583901818007547, -3.977480554623324061, -10.84388687966929865 ) ) ;
#1362 = DIRECTION ( 'NONE',  ( 0.000000000000000000, 0.000000000000000000, 1.000000000000000000 ) ) ;
#1363 = ADVANCED_FACE ( 'NONE', ( #1298 ), #3309, .F. ) ;
#1364 = CARTESIAN_POINT ( 'NONE',  ( 8.358602344145950269, -11.05216948942095456, -16.31602583597862477 ) ) ;
#1365 = LINE ( 'NONE', #2876, #3574 ) ;
#1366 = CARTESIAN_POINT ( 'NONE',  ( 37.18955201372776287, 23.64118165868082500, -10.03567800793337206 ) ) ;
#1367 = DIRECTION ( 'NONE',  ( 0.000000000000000000, 0.000000000000000000, 1.000000000000000000 ) ) ;
#1368 = CARTESIAN_POINT ( 'NONE',  ( 37.99980089818786411, 22.42134951280949551, -10.25076732718880557 ) ) ;
#1369 =( NAMED_UNIT ( * ) SI_UNIT ( $, .STERADIAN. ) SOLID_ANGLE_UNIT ( ) );
#1370 = ORIENTED_EDGE ( 'NONE', *, *, #1242, .T. ) ;
#1371 = CARTESIAN_POINT ( 'NONE',  ( -39.65621029508731965, -1.543803387597273646, -14.47647038033672118 ) ) ;
#1372 = CARTESIAN_POINT ( 'NONE',  ( 4.300421299986921575, -11.86651826634359708, -12.23493708007215375 ) ) ;
#1373 = DIRECTION ( 'NONE',  ( -7.677592639748479295E-15, 0.1736481776670532051, -0.9848077530121864820 ) ) ;
#1374 = CARTESIAN_POINT ( 'NONE',  ( 9.043693479981092409, -11.01148034424775979, -16.14587727242759740 ) ) ;
#1375 = DIRECTION ( 'NONE',  ( 8.673617379884035472E-16, -0.9848077530121863710, -0.1736481776670535937 ) ) ;
#1376 =( NAMED_UNIT ( * ) PLANE_ANGLE_UNIT ( ) SI_UNIT ( $, .RADIAN. ) );
#1377 = CARTESIAN_POINT ( 'NONE',  ( 34.39867678387254557, -4.792503732492307655, 1.301042606982605715E-15 ) ) ;
#1378 = CARTESIAN_POINT ( 'NONE',  ( 2.066776714870354414, -11.23798393574685051, 6.938893903907228378E-15 ) ) ;
#1379 = PRESENTATION_STYLE_ASSIGNMENT (( #861 ) ) ;
#1380 = CARTESIAN_POINT ( 'NONE',  ( -7.599638682632455122, 42.51133212252256754, 1.301042606982605321E-15 ) ) ;
#1381 = CARTESIAN_POINT ( 'NONE',  ( 38.27296697582311680, 0.1109708159905888059, -14.18468904126421037 ) ) ;
#1382 = CARTESIAN_POINT ( 'NONE',  ( -8.169700308392419785, 13.96135736388733584, 6.410888166838901725 ) ) ;
#1383 = SURFACE_STYLE_USAGE ( .BOTH. , #2211 ) ;
#1384 = CARTESIAN_POINT ( 'NONE',  ( 38.92457064703619096, 0.6267793972947819370, -10.03203162395067416 ) ) ;
#1385 = ORIENTED_EDGE ( 'NONE', *, *, #1970, .T. ) ;
#1386 = DIRECTION ( 'NONE',  ( 0.000000000000000000, -1.000000000000000000, 0.000000000000000000 ) ) ;
#1387 = PRESENTATION_LAYER_ASSIGNMENT (  '', '', ( #2528 ) ) ;
#1388 = CARTESIAN_POINT ( 'NONE',  ( -41.48791148984521016, 1.411373146746998097, -13.95539302457489050 ) ) ;
#1389 = CIRCLE ( 'NONE', #11, 2.000000000000000444 ) ;
#1390 = SURFACE_STYLE_USAGE ( .BOTH. , #3723 ) ;
#1391 = FACE_OUTER_BOUND ( 'NONE', #1892, .T. ) ;
#1392 = CARTESIAN_POINT ( 'NONE',  ( 5.868707698641586923, 30.95871820261570662, -6.482227638670451597 ) ) ;
#1393 = EDGE_LOOP ( 'NONE', ( #2066, #49 ) ) ;
#1394 = CARTESIAN_POINT ( 'NONE',  ( -16.18630352537434902, 40.64461840349677857, -7.037513345052602176 ) ) ;
#1395 = CARTESIAN_POINT ( 'NONE',  ( -21.32628225089153062, 38.90448010412139723, -3.469446951953614189E-15 ) ) ;
#1396 = CARTESIAN_POINT ( 'NONE',  ( -6.082275886015793276, 42.72250219694393536, -6.671126369490874453 ) ) ;
#1397 = FILL_AREA_STYLE_COLOUR ( '', #3042 ) ;
#1398 =( GEOMETRIC_REPRESENTATION_CONTEXT ( 3 ) GLOBAL_UNCERTAINTY_ASSIGNED_CONTEXT ( ( #2071 ) ) GLOBAL_UNIT_ASSIGNED_CONTEXT ( ( #3093, #1352, #792 ) ) REPRESENTATION_CONTEXT ( 'NONE', 'WORKASPACE' ) );
#1399 = CARTESIAN_POINT ( 'NONE',  ( 36.84060244549188923, -2.233683978947735849, -1.301042606982606899E-15 ) ) ;
#1400 = CARTESIAN_POINT ( 'NONE',  ( 13.09648603449381810, -10.82180132781392956, -6.938893903907228378E-15 ) ) ;
#1401 = SURFACE_STYLE_FILL_AREA ( #504 ) ;
#1402 = AXIS2_PLACEMENT_3D ( 'NONE', #2208, #1313, #3643 ) ;
#1403 = UNCERTAINTY_MEASURE_WITH_UNIT (LENGTH_MEASURE( 1.000000000000000082E-05 ), #612, 'distance_accuracy_value', 'NONE');
#1404 = CARTESIAN_POINT ( 'NONE',  ( 26.92921614384891171, 33.97470241397988389, -8.213599493063233226 ) ) ;
#1405 = EDGE_LOOP ( 'NONE', ( #870, #973, #3604, #2936 ) ) ;
#1406 = CARTESIAN_POINT ( 'NONE',  ( 18.69089203111877850, 38.22258792617517997, -3.402876218759624649 ) ) ;
#1407 = DIRECTION ( 'NONE',  ( 1.000000000000000000, 0.000000000000000000, 0.000000000000000000 ) ) ;
#1408 = ADVANCED_FACE ( 'NONE', ( #1886 ), #1866, .F. ) ;
#1409 = CARTESIAN_POINT ( 'NONE',  ( 36.87413426306105890, -2.108641341913657818, -14.57606655141153418 ) ) ;
#1410 = ORIENTED_EDGE ( 'NONE', *, *, #2465, .F. ) ;
#1411 = DIRECTION ( 'NONE',  ( 1.000000000000000000, 0.000000000000000000, 0.000000000000000000 ) ) ;
#1412 = CARTESIAN_POINT ( 'NONE',  ( -34.20084705488594068, -6.486288900377755517, -15.34796392800130604 ) ) ;
#1413 = FACE_OUTER_BOUND ( 'NONE', #2611, .T. ) ;
#1414 = CARTESIAN_POINT ( 'NONE',  ( -17.88321582687193256, 8.804454310230328318, -12.65179334488037100 ) ) ;
#1415 = EDGE_LOOP ( 'NONE', ( #3549, #3323, #1914, #3429 ) ) ;
#1416 = CARTESIAN_POINT ( 'NONE',  ( -30.77319276729248188, 33.60743154140698152, 0.000000000000000000 ) ) ;
#1417 = CARTESIAN_POINT ( 'NONE',  ( -7.479257931156528372, 42.52278611912951334, -6.706341702490841605 ) ) ;
#1418 = PLANE ( 'NONE',  #1157 ) ;
#1419 = CARTESIAN_POINT ( 'NONE',  ( 5.882529105089101762, -11.12396754944169963, 6.938893903907228378E-15 ) ) ;
#1420 = ORIENTED_EDGE ( 'NONE', *, *, #884, .T. ) ;
#1421 = CARTESIAN_POINT ( 'NONE',  ( 7.431868137451027145, 42.25340344656530078, -6.753841135799321549 ) ) ;
#1422 = CARTESIAN_POINT ( 'NONE',  ( -32.98782533091839042, 31.74677288787040297, 1.301042606982605518E-15 ) ) ;
#1423 = CARTESIAN_POINT ( 'NONE',  ( 41.53869152272228149, 12.57788938103832876, -11.98643493194945542 ) ) ;
#1424 = CARTESIAN_POINT ( 'NONE',  ( -15.13321582687193079, 9.204454310215513857, -8.519556105060607010 ) ) ;
#1425 = ORIENTED_EDGE ( 'NONE', *, *, #3260, .T. ) ;
#1426 =( NAMED_UNIT ( * ) SI_UNIT ( $, .STERADIAN. ) SOLID_ANGLE_UNIT ( ) );
#1427 = CARTESIAN_POINT ( 'NONE',  ( -32.71249729700544151, -7.311425992479890112, -15.49345786012235315 ) ) ;
#1428 = CARTESIAN_POINT ( 'NONE',  ( -20.57060859968260402, -11.59562806869297624, -12.18717182941690247 ) ) ;
#1429 = EDGE_CURVE ( 'NONE', #1837, #1884, #234, .T. ) ;
#1430 = CARTESIAN_POINT ( 'NONE',  ( -8.493017778913120708, 40.43722588877468382, -3.012375793452147565 ) ) ;
#1431 = ORIENTED_EDGE ( 'NONE', *, *, #749, .T. ) ;
#1432 = DIRECTION ( 'NONE',  ( 0.000000000000000000, 0.000000000000000000, 1.000000000000000000 ) ) ;
#1433 = CARTESIAN_POINT ( 'NONE',  ( -10.86020036348274687, 41.94307866848037492, -16.34271213963313230 ) ) ;
#1434 = CARTESIAN_POINT ( 'NONE',  ( -6.165370833113311022, 42.71152654895320211, -6.673061672362395669 ) ) ;
#1435 = DIRECTION ( 'NONE',  ( 1.000000000000000000, 0.000000000000000000, 0.000000000000000000 ) ) ;
#1436 = CARTESIAN_POINT ( 'NONE',  ( 37.97047811460419098, 22.48152476884942175, -16.31602583597862122 ) ) ;
#1437 =( NAMED_UNIT ( * ) SI_UNIT ( $, .STERADIAN. ) SOLID_ANGLE_UNIT ( ) );
#1438 = UNCERTAINTY_MEASURE_WITH_UNIT (LENGTH_MEASURE( 1.000000000000000082E-05 ), #518, 'distance_accuracy_value', 'NONE');
#1439 = SURFACE_SIDE_STYLE ('',( #530 ) ) ;
#1440 = ORIENTED_EDGE ( 'NONE', *, *, #1848, .T. ) ;
#1441 = CARTESIAN_POINT ( 'NONE',  ( 21.83514258254275475, 37.38871074106223347, -7.611617712635173838 ) ) ;
#1442 = CARTESIAN_POINT ( 'NONE',  ( 40.19027243954482032, 3.982580262698097950, -13.50201983704341657 ) ) ;
#1443 = CARTESIAN_POINT ( 'NONE',  ( 32.54458768170313476, -6.883881914829014903, -11.35636385624134448 ) ) ;
#1444 = ORIENTED_EDGE ( 'NONE', *, *, #1009, .F. ) ;
#1445 = DIRECTION ( 'NONE',  ( 0.000000000000000000, 0.1736481776670532884, -0.9848077530121863710 ) ) ;
#1446 = FILL_AREA_STYLE ('',( #2807 ) ) ;
#1447 = CARTESIAN_POINT ( 'NONE',  ( -41.04473403928898279, 0.5314821290280298260, -14.11054155108189256 ) ) ;
#1448 = PRESENTATION_LAYER_ASSIGNMENT (  '', '', ( #370 ) ) ;
#1449 = CARTESIAN_POINT ( 'NONE',  ( -18.98352708307145065, 0.03194356958119556888, 3.954756689448351015 ) ) ;
#1450 = AXIS2_PLACEMENT_3D ( 'NONE', #3125, #263, #1315 ) ;
#1451 = EDGE_CURVE ( 'NONE', #2688, #1747, #1876, .T. ) ;
#1452 = COLOUR_RGB ( '',0.000000000000000000, 1.000000000000000000, 0.000000000000000000 ) ;
#1453 = CARTESIAN_POINT ( 'NONE',  ( -1.264673718918003287, 43.05919384288526430, -6.611758548132272928 ) ) ;
#1454 = CIRCLE ( 'NONE', #778, 2.000000000000000444 ) ;
#1455 = CARTESIAN_POINT ( 'NONE',  ( 0.7455782187286721374, -11.97337512808118731, -12.25377882787032569 ) ) ;
#1456 = STYLED_ITEM ( 'NONE', ( #2958 ), #2227 ) ;
#1457 = ORIENTED_EDGE ( 'NONE', *, *, #1056, .T. ) ;
#1458 = CARTESIAN_POINT ( 'NONE',  ( 36.34638197836309104, 24.10299102388590242, -5.892542109360890734 ) ) ;
#1459 = CARTESIAN_POINT ( 'NONE',  ( -38.11628896993615712, 26.19093233637595119, -9.586088169377756429 ) ) ;
#1460 = CIRCLE ( 'NONE', #2788, 2.000000000000000444 ) ;
#1461 = CARTESIAN_POINT ( 'NONE',  ( 37.79105548458300490, -0.7154606825249181234, -14.33041121215992675 ) ) ;
#1462 = VECTOR ( 'NONE', #3715, 1000.000000000000114 ) ;
#1463 = LINE ( 'NONE', #2610, #439 ) ;
#1464 = EDGE_LOOP ( 'NONE', ( #2637, #829, #1431, #824 ) ) ;
#1465 = DIRECTION ( 'NONE',  ( 7.677952559960892601E-15, -0.1736481776670532051, 0.9848077530121863710 ) ) ;
#1466 = CARTESIAN_POINT ( 'NONE',  ( 5.868707698641586035, 28.85871820261570875, -9.115685542406984254 ) ) ;
#1467 = CARTESIAN_POINT ( 'NONE',  ( -1.531098093274903649, -11.34809533993867880, -16.20523157827894067 ) ) ;
#1468 = ORIENTED_EDGE ( 'NONE', *, *, #179, .F. ) ;
#1469 = CARTESIAN_POINT ( 'NONE',  ( -21.20821910857395665, 38.90247795213554838, -7.344699710811211091 ) ) ;
#1470 = CARTESIAN_POINT ( 'NONE',  ( -16.61081880596927007, 40.52885534404192214, -3.469446951953614189E-15 ) ) ;
#1471 = CARTESIAN_POINT ( 'NONE',  ( -4.779430893369402966, 42.87595890624734807, -6.644067811269934509 ) ) ;
#1472 = CARTESIAN_POINT ( 'NONE',  ( 26.29331124516313878, 11.86100263228771468, -12.11284140786653118 ) ) ;
#1473 = CARTESIAN_POINT ( 'NONE',  ( -31.90290161193764362, -8.399496196803017511, -11.62360754650044825 ) ) ;
#1474 = UNCERTAINTY_MEASURE_WITH_UNIT (LENGTH_MEASURE( 1.000000000000000082E-05 ), #3464, 'distance_accuracy_value', 'NONE');
#1475 = EDGE_CURVE ( 'NONE', #3472, #2261, #256, .T. ) ;
#1476 = CARTESIAN_POINT ( 'NONE',  ( 24.00946909998906165, 35.97129860144698910, -7.861545715633122988 ) ) ;
#1477 = VERTEX_POINT ( 'NONE', #3697 ) ;
#1478 = CARTESIAN_POINT ( 'NONE',  ( 23.81470704835166075, 35.43057284370043902, -3.895183808344891307 ) ) ;
#1479 =( BOUNDED_CURVE ( )  B_SPLINE_CURVE ( 3, ( #52, #906, #1230, #1466 ),
 .UNSPECIFIED., .F., .F. ) 
 B_SPLINE_CURVE_WITH_KNOTS ( ( 4, 4 ),
 ( -4.440892098500626162E-14, 3.141592653589749151 ),
 .UNSPECIFIED. ) 
 CURVE ( )  GEOMETRIC_REPRESENTATION_ITEM ( )  RATIONAL_B_SPLINE_CURVE ( ( 1.000000000000000000, 0.3333333333333332038, 0.3333333333333332038, 1.000000000000000000 ) ) 
 REPRESENTATION_ITEM ( '' )  );
#1480 = CARTESIAN_POINT ( 'NONE',  ( -43.53762319561733563, 13.20454199134493756, -11.87593916922026338 ) ) ;
#1481 = CARTESIAN_POINT ( 'NONE',  ( 19.70443036679171200, -10.19435535966555406, -16.00179609103474831 ) ) ;
#1482 = CARTESIAN_POINT ( 'NONE',  ( 5.868707698641586035, 28.85871820261570875, -9.115685542406984254 ) ) ;
#1483 = ORIENTED_EDGE ( 'NONE', *, *, #2339, .T. ) ;
#1484 = CARTESIAN_POINT ( 'NONE',  ( 5.868707698641586035, 28.85871820261570875, -9.644666484600197265 ) ) ;
#1485 = LINE ( 'NONE', #2080, #2782 ) ;
#1486 = CARTESIAN_POINT ( 'NONE',  ( 35.90743698708961062, 25.36883918645186498, -9.731045372365667134 ) ) ;
#1487 = CARTESIAN_POINT ( 'NONE',  ( -8.169700308392556565, 17.06576824128136849, -11.19510080273649244 ) ) ;
#1488 = CARTESIAN_POINT ( 'NONE',  ( -29.48624249911746631, 34.52551146700501050, -8.116476995796409355 ) ) ;
#1489 = CARTESIAN_POINT ( 'NONE',  ( 37.70521952635786533, 22.88862306481248510, -10.16837439259631637 ) ) ;
#1490 = CARTESIAN_POINT ( 'NONE',  ( -41.44638508181717640, 20.75602922827022567, -10.54440822487377005 ) ) ;
#1491 = CARTESIAN_POINT ( 'NONE',  ( 30.42832100878270296, -7.388720058405261248, -15.50708688939415580 ) ) ;
#1492 = CARTESIAN_POINT ( 'NONE',  ( -20.87033441412951262, -10.85985982543440542, -16.11914248412492512 ) ) ;
#1493 = DIRECTION ( 'NONE',  ( 1.000000000000000000, 0.000000000000000000, 0.000000000000000000 ) ) ;
#1494 = CARTESIAN_POINT ( 'NONE',  ( 26.29331124516313878, 14.86100263228771823, -7.000000000000000000 ) ) ;
#1495 = FILL_AREA_STYLE ('',( #3505 ) ) ;
#1496 = CARTESIAN_POINT ( 'NONE',  ( -39.44486114276937627, 24.35916329458146734, -9.909078473870817305 ) ) ;
#1497 = CARTESIAN_POINT ( 'NONE',  ( 33.69022038467316804, 28.02464321787850920, -9.262755466150480288 ) ) ;
#1498 = CARTESIAN_POINT ( 'NONE',  ( 3.118707698641588699, 25.85871820260354426, -33.14213562373095101 ) ) ;
#1499 = CARTESIAN_POINT ( 'NONE',  ( 17.61130853270158170, 39.39002266893952964, -16.31602583597862122 ) ) ;
#1500 = CARTESIAN_POINT ( 'NONE',  ( -0.009089181669666391780, -11.30239737542905054, -16.19717379417242853 ) ) ;
#1501 = EDGE_LOOP ( 'NONE', ( #550, #2202, #15, #2255 ) ) ;
#1502 = CARTESIAN_POINT ( 'NONE',  ( 26.68491164323379650, 34.14752571720653407, 0.000000000000000000 ) ) ;
#1503 = SURFACE_STYLE_FILL_AREA ( #1192 ) ;
#1504 = CARTESIAN_POINT ( 'NONE',  ( -43.49998722816193464, 8.486130163296472517, -12.70792248059582263 ) ) ;
#1505 = CARTESIAN_POINT ( 'NONE',  ( 16.46678062240824403, 39.79715310360697345, -7.186944342637775485 ) ) ;
#1506 = ORIENTED_EDGE ( 'NONE', *, *, #1072, .F. ) ;
#1507 = CARTESIAN_POINT ( 'NONE',  ( -0.4393433981485057593, -12.01052556552001427, -12.26032945233591320 ) ) ;
#1508 = UNCERTAINTY_MEASURE_WITH_UNIT (LENGTH_MEASURE( 1.000000000000000082E-05 ), #2660, 'distance_accuracy_value', 'NONE');
#1509 = AXIS2_PLACEMENT_3D ( 'NONE', #3659, #2206, #3342 ) ;
#1510 = CARTESIAN_POINT ( 'NONE',  ( 41.61622347791794851, 11.26710160169861830, -8.155855735882905577 ) ) ;
#1511 = CARTESIAN_POINT ( 'NONE',  ( -43.59634659554834002, 12.44285715918689306, -12.01024475592622132 ) ) ;
#1512 = CARTESIAN_POINT ( 'NONE',  ( 23.17650323866677908, -9.671474411684121364, -15.90959807220716016 ) ) ;
#1513 =( GEOMETRIC_REPRESENTATION_CONTEXT ( 3 ) GLOBAL_UNCERTAINTY_ASSIGNED_CONTEXT ( ( #86 ) ) GLOBAL_UNIT_ASSIGNED_CONTEXT ( ( #2998, #1270, #94 ) ) REPRESENTATION_CONTEXT ( 'NONE', 'WORKASPACE' ) );
#1514 = CARTESIAN_POINT ( 'NONE',  ( 21.71272144740706267, -9.928067157880485993, -15.95484229640885587 ) ) ;
#1515 = SURFACE_SIDE_STYLE ('',( #2357 ) ) ;
#1516 = ORIENTED_EDGE ( 'NONE', *, *, #2835, .F. ) ;
#1517 = SURFACE_STYLE_FILL_AREA ( #1582 ) ;
#1518 = EDGE_CURVE ( 'NONE', #2957, #1596, #1699, .T. ) ;
#1519 = CARTESIAN_POINT ( 'NONE',  ( -25.68693692341012280, 36.13232901342662018, -3.771445261743537003 ) ) ;
#1520 = COLOUR_RGB ( '',0.000000000000000000, 1.000000000000000000, 0.000000000000000000 ) ;
#1521 = CARTESIAN_POINT ( 'NONE',  ( 34.12014229494341322, 27.54838552471559510, -9.346732547225137466 ) ) ;
#1522 = ADVANCED_FACE ( 'NONE', ( #2483 ), #1642, .F. ) ;
#1523 = FACE_OUTER_BOUND ( 'NONE', #1688, .T. ) ;
#1524 = CIRCLE ( 'NONE', #3583, 1.999999999999999778 ) ;
#1525 = CARTESIAN_POINT ( 'NONE',  ( -9.039295264194075585, -11.52292178494866093, -0.000000000000000000 ) ) ;
#1526 = EDGE_CURVE ( 'NONE', #2472, #1629, #3579, .T. ) ;
#1527 = DIRECTION ( 'NONE',  ( 0.000000000000000000, 0.000000000000000000, 1.000000000000000000 ) ) ;
#1528 = CARTESIAN_POINT ( 'NONE',  ( 3.115499520078771845, -11.20768441006700122, -16.18047334295620843 ) ) ;
#1529 = ORIENTED_EDGE ( 'NONE', *, *, #3394, .F. ) ;
#1530 = CONICAL_SURFACE ( 'NONE', #392, 5.100000000000000533, 0.7853981633974320697 ) ;
#1531 = CARTESIAN_POINT ( 'NONE',  ( 33.70809352724067054, 28.03012491307094933, -16.31602583597862477 ) ) ;
#1532 =( NAMED_UNIT ( * ) PLANE_ANGLE_UNIT ( ) SI_UNIT ( $, .RADIAN. ) );
#1533 = CARTESIAN_POINT ( 'NONE',  ( -20.11253534550268540, 39.33439363369474506, -7.268541322761241652 ) ) ;
#1534 = CARTESIAN_POINT ( 'NONE',  ( -28.58488847197044436, -9.694649408819564940, -11.85197800193019724 ) ) ;
#1535 = EDGE_LOOP ( 'NONE', ( #542, #2806, #2756, #3702 ) ) ;
#1536 = CARTESIAN_POINT ( 'NONE',  ( 40.47499527919452333, 16.39462515692905953, -7.251734988877583277 ) ) ;
#1537 = CARTESIAN_POINT ( 'NONE',  ( -15.22111173158926256, 40.91495780110989244, -6.989845215304955950 ) ) ;
#1538 = CARTESIAN_POINT ( 'NONE',  ( 23.23708253159447423, -9.660260467476074808, -15.90762075128312958 ) ) ;
#1539 = CARTESIAN_POINT ( 'NONE',  ( -29.42203382966264158, -8.694010154468710283, -15.73724475097511899 ) ) ;
#1540 = CARTESIAN_POINT ( 'NONE',  ( 41.67435115926399902, 11.10082569776593786, -12.24688111153090375 ) ) ;
#1541 = CARTESIAN_POINT ( 'NONE',  ( -8.039574571549039206, 3.552713678800500929E-15, -6.700000000000000178 ) ) ;
#1542 = EDGE_LOOP ( 'NONE', ( #835, #3156, #3668, #2493 ) ) ;
#1543 = CARTESIAN_POINT ( 'NONE',  ( -10.12583515669697576, 41.41165857808577755, -2.840557019442251807 ) ) ;
#1544 = PRESENTATION_STYLE_ASSIGNMENT (( #2338 ) ) ;
#1545 =( NAMED_UNIT ( * ) SI_UNIT ( $, .STERADIAN. ) SOLID_ANGLE_UNIT ( ) );
#1546 = CARTESIAN_POINT ( 'NONE',  ( 23.94550471365986155, 36.00633310796468578, -7.855368186879206682 ) ) ;
#1547 = CARTESIAN_POINT ( 'NONE',  ( -42.34784353950365698, 3.408225152032186234, 2.602085213965204331E-15 ) ) ;
#1548 = CARTESIAN_POINT ( 'NONE',  ( 20.79318613248166869, 37.89740201614176129, 1.040834085586084257E-14 ) ) ;
#1549 = CARTESIAN_POINT ( 'NONE',  ( 0.2179129093217850033, -11.29511130239306915, -16.19588906291278008 ) ) ;
#1550 = VERTEX_POINT ( 'NONE', #3546 ) ;
#1551 = CARTESIAN_POINT ( 'NONE',  ( 35.57850087414806950, 25.79577360827424570, -16.31602583597862477 ) ) ;
#1552 = ADVANCED_FACE ( 'NONE', ( #3627 ), #1833, .F. ) ;
#1553 = CARTESIAN_POINT ( 'NONE',  ( 5.868707698641586035, 25.85871820260354426, 0.000000000000000000 ) ) ;
#1554 = CARTESIAN_POINT ( 'NONE',  ( -37.62508671232767909, 26.85198599444877843, -16.34271213963313585 ) ) ;
#1555 = ORIENTED_EDGE ( 'NONE', *, *, #1164, .T. ) ;
#1556 = CARTESIAN_POINT ( 'NONE',  ( -40.83780732432902028, 0.1699162378266488860, -14.17429537299952713 ) ) ;
#1557 = CARTESIAN_POINT ( 'NONE',  ( 41.66199302982879260, 10.67412697418638601, -8.260413161588862963 ) ) ;
#1558 = CARTESIAN_POINT ( 'NONE',  ( -14.73015005720045778, 41.04645189257941240, -6.966659259175118635 ) ) ;
#1559 = CARTESIAN_POINT ( 'NONE',  ( 37.94590403283326197, -0.4666758041403749058, -14.28654372570269082 ) ) ;
#1560 = CARTESIAN_POINT ( 'NONE',  ( 8.039574571549039206, -3.552713678800500929E-15, -6.700000000000000178 ) ) ;
#1561 = ORIENTED_EDGE ( 'NONE', *, *, #3291, .T. ) ;
#1562 = CARTESIAN_POINT ( 'NONE',  ( -32.49385060326741836, 32.20089838499751522, -8.526369001862132535 ) ) ;
#1563 = CARTESIAN_POINT ( 'NONE',  ( 25.68916794592602670, 34.83726334341474029, -8.061506728700013724 ) ) ;
#1564 = CARTESIAN_POINT ( 'NONE',  ( -40.54234732705836564, -0.3283201856472716118, -1.301042606982605518E-15 ) ) ;
#1565 = CARTESIAN_POINT ( 'NONE',  ( -22.82164138644135676, -10.51545214966778197, -16.05841411853072742 ) ) ;
#1566 = CARTESIAN_POINT ( 'NONE',  ( 41.41918498513820879, 7.790852569347761047, 0.000000000000000000 ) ) ;
#1567 = FACE_BOUND ( 'NONE', #1682, .T. ) ;
#1568 = CARTESIAN_POINT ( 'NONE',  ( -41.08422478656243015, 21.49824810179347523, -6.938893903907228378E-15 ) ) ;
#1569 = CARTESIAN_POINT ( 'NONE',  ( 17.69577431991670835, 39.33148517347902384, -7.269054162770065552 ) ) ;
#1570 = EDGE_LOOP ( 'NONE', ( #717, #121, #3078, #2060 ) ) ;
#1571 = EDGE_LOOP ( 'NONE', ( #1612, #3334 ) ) ;
#1572 = EDGE_CURVE ( 'NONE', #744, #3287, #8, .T. ) ;
#1573 =( NAMED_UNIT ( * ) SI_UNIT ( $, .STERADIAN. ) SOLID_ANGLE_UNIT ( ) );
#1574 = VECTOR ( 'NONE', #1741, 1000.000000000000000 ) ;
#1575 = CARTESIAN_POINT ( 'NONE',  ( 16.85457056383705421, 14.72744102193151861, -7.545704533690290816 ) ) ;
#1576 = CARTESIAN_POINT ( 'NONE',  ( -41.26510225113455022, 0.9517811706660821436, -14.03643149007012170 ) ) ;
#1577 = CARTESIAN_POINT ( 'NONE',  ( 41.17025769109046962, 6.740667251396577520, -13.01569468578965427 ) ) ;
#1578 = CARTESIAN_POINT ( 'NONE',  ( -32.90702080355092818, 31.81946826762423086, -8.593625422810957204 ) ) ;
#1579 = MECHANICAL_DESIGN_GEOMETRIC_PRESENTATION_REPRESENTATION (  '', ( #1198 ), #69 ) ;
#1580 = CARTESIAN_POINT ( 'NONE',  ( -0.1312923013585508003, 22.85871820261543874, -10.17364742665854749 ) ) ;
#1581 = ORIENTED_EDGE ( 'NONE', *, *, #2578, .F. ) ;
#1582 = FILL_AREA_STYLE ('',( #437 ) ) ;
#1583 = CARTESIAN_POINT ( 'NONE',  ( 31.51751170212405739, -6.845807147102484613, 1.861732279574354499E-30 ) ) ;
#1584 = MECHANICAL_DESIGN_GEOMETRIC_PRESENTATION_REPRESENTATION (  '', ( #1087 ), #3031 ) ;
#1585 = CARTESIAN_POINT ( 'NONE',  ( -31.59383675665306512, 32.96221793520381027, -8.392127824219929977 ) ) ;
#1586 =( BOUNDED_CURVE ( )  B_SPLINE_CURVE ( 3, ( #2218, #843, #2855, #1713 ),
 .UNSPECIFIED., .F., .F. ) 
 B_SPLINE_CURVE_WITH_KNOTS ( ( 4, 4 ),
 ( 4.712388980384689674, 6.283185307179586232 ),
 .UNSPECIFIED. ) 
 CURVE ( )  GEOMETRIC_REPRESENTATION_ITEM ( )  RATIONAL_B_SPLINE_CURVE ( ( 1.000000000000000000, 0.8047378541243649375, 0.8047378541243649375, 1.000000000000000000 ) ) 
 REPRESENTATION_ITEM ( '' )  );
#1587 = CARTESIAN_POINT ( 'NONE',  ( 39.91642554425174438, 18.62565183972215976, -10.92005123756693408 ) ) ;
#1588 = STYLED_ITEM ( 'NONE', ( #317 ), #2494 ) ;
#1589 = CARTESIAN_POINT ( 'NONE',  ( -20.85037525749446630, -10.86276238074935740, -1.301042606982595657E-15 ) ) ;
#1590 = CARTESIAN_POINT ( 'NONE',  ( -1.325295961663925937, 42.36833182202902748, -2.671869714813165597 ) ) ;
#1591 = CARTESIAN_POINT ( 'NONE',  ( -22.75149304832888930, -10.52883703539321480, -16.06077423501782420 ) ) ;
#1592 = EDGE_LOOP ( 'NONE', ( #2454, #2797 ) ) ;
#1593 = AXIS2_PLACEMENT_3D ( 'NONE', #2504, #796, #3099 ) ;
#1594 = LINE ( 'NONE', #2686, #3280 ) ;
#1595 = CARTESIAN_POINT ( 'NONE',  ( -43.15245416242923682, 5.757100385708862511, 0.000000000000000000 ) ) ;
#1596 = VERTEX_POINT ( 'NONE', #2984 ) ;
#1597 = CIRCLE ( 'NONE', #3286, 3.000000000000002665 ) ;
#1598 = CARTESIAN_POINT ( 'NONE',  ( -41.20917204616539919, 21.29007570576831299, -10.45024142193606309 ) ) ;
#1599 = VERTEX_POINT ( 'NONE', #1254 ) ;
#1600 = CARTESIAN_POINT ( 'NONE',  ( -41.20917204616539919, 20.59548299510060332, -6.511010409887304284 ) ) ;
#1601 = CARTESIAN_POINT ( 'NONE',  ( 23.75017039119916262, -9.565765114597802210, -15.89095867101224258 ) ) ;
#1602 = CYLINDRICAL_SURFACE ( 'NONE', #445, 3.000000000000002665 ) ;
#1603 = EDGE_CURVE ( 'NONE', #697, #858, #2406, .T. ) ;
#1604 = LINE ( 'NONE', #3586, #1758 ) ;
#1605 = VERTEX_POINT ( 'NONE', #3293 ) ;
#1606 = CARTESIAN_POINT ( 'NONE',  ( -10.13321582687193256, 14.30445431023033009, -7.000000000000000000 ) ) ;
#1607 = CARTESIAN_POINT ( 'NONE',  ( -31.59383675665306512, 32.26762522453609705, -4.452896812171168506 ) ) ;
#1608 = CARTESIAN_POINT ( 'NONE',  ( 38.00820590304103064, 22.40804724122572011, -10.25311287657373427 ) ) ;
#1609 = CARTESIAN_POINT ( 'NONE',  ( -41.73020351370248449, 20.13239887223856073, 1.301042606982608673E-15 ) ) ;
#1610 =( BOUNDED_CURVE ( )  B_SPLINE_CURVE ( 3, ( #2119, #434, #1580, #2956 ),
 .UNSPECIFIED., .F., .F. ) 
 B_SPLINE_CURVE_WITH_KNOTS ( ( 4, 4 ),
 ( 3.141592653589749151, 6.283185307179541823 ),
 .UNSPECIFIED. ) 
 CURVE ( )  GEOMETRIC_REPRESENTATION_ITEM ( )  RATIONAL_B_SPLINE_CURVE ( ( 1.000000000000000000, 0.3333333333333187154, 0.3333333333333187154, 1.000000000000000000 ) ) 
 REPRESENTATION_ITEM ( '' )  );
#1611 = CARTESIAN_POINT ( 'NONE',  ( -12.27502625393003477, -11.47995339763057387, -16.22848171147376206 ) ) ;
#1612 = ORIENTED_EDGE ( 'NONE', *, *, #23, .F. ) ;
#1613 = CARTESIAN_POINT ( 'NONE',  ( -41.20178410885750964, 0.7758132622511972887, -16.34271213963312874 ) ) ;
#1614 = ORIENTED_EDGE ( 'NONE', *, *, #1643, .T. ) ;
#1615 = CARTESIAN_POINT ( 'NONE',  ( -31.59383675665306512, 32.26762522453609705, -4.452896812171170282 ) ) ;
#1616 = LINE ( 'NONE', #168, #855 ) ;
#1617 = CARTESIAN_POINT ( 'NONE',  ( -43.66039810569483848, 11.13058417298518954, -12.24163388944493214 ) ) ;
#1618 = CARTESIAN_POINT ( 'NONE',  ( 36.45200495907432270, -3.378738120531566302, -10.73831243404386093 ) ) ;
#1619 = CARTESIAN_POINT ( 'NONE',  ( -15.72497597513251222, 40.77574603626776195, -7.014392005478672587 ) ) ;
#1620 = CARTESIAN_POINT ( 'NONE',  ( 20.29331124516300378, 11.86100263228744822, -12.11284140786653296 ) ) ;
#1621 = CARTESIAN_POINT ( 'NONE',  ( -15.13321582687193079, 17.30445431023496639, -11.15301400886063909 ) ) ;
#1622 = CARTESIAN_POINT ( 'NONE',  ( 39.19164925924089005, 1.842068278847814877, -0.000000000000000000 ) ) ;
#1623 = SURFACE_SIDE_STYLE ('',( #1918 ) ) ;
#1624 = ADVANCED_FACE ( 'NONE', ( #681 ), #3701, .F. ) ;
#1625 = CARTESIAN_POINT ( 'NONE',  ( 40.22910862986815772, 17.78602317074810202, -11.06810042568351093 ) ) ;
#1626 = CARTESIAN_POINT ( 'NONE',  ( -4.311045049232105519, -11.42455542746721697, 1.301042606982605321E-15 ) ) ;
#1627 =( NAMED_UNIT ( * ) PLANE_ANGLE_UNIT ( ) SI_UNIT ( $, .RADIAN. ) );
#1628 = CARTESIAN_POINT ( 'NONE',  ( -8.718249858277468789, -11.49967004160960116, -16.23195828777632244 ) ) ;
#1629 = VERTEX_POINT ( 'NONE', #1626 ) ;
#1630 = LINE ( 'NONE', #2773, #2914 ) ;
#1631 = CARTESIAN_POINT ( 'NONE',  ( 39.86645930201621724, 18.82051017977635965, 6.066679324819666820E-30 ) ) ;
#1632 = CARTESIAN_POINT ( 'NONE',  ( -42.96155918800102569, 16.75431636212001152, -3.469446951953614189E-15 ) ) ;
#1633 = CARTESIAN_POINT ( 'NONE',  ( -42.15819656105880853, 18.45880187419188445, -6.887764940673916314 ) ) ;
#1634 = ORIENTED_EDGE ( 'NONE', *, *, #3655, .T. ) ;
#1635 = CARTESIAN_POINT ( 'NONE',  ( -40.06054947059715943, -1.788760880877681370, -10.45795654798051011 ) ) ;
#1636 = CARTESIAN_POINT ( 'NONE',  ( 31.01065926136155326, -7.097567637791326156, -15.45574886213470478 ) ) ;
#1637 = CARTESIAN_POINT ( 'NONE',  ( 35.58913537122949577, -3.730187504907565899, 0.000000000000000000 ) ) ;
#1638 = SURFACE_STYLE_USAGE ( .BOTH. , #2152 ) ;
#1639 = FACE_BOUND ( 'NONE', #923, .T. ) ;
#1640 = PRESENTATION_LAYER_ASSIGNMENT (  '', '', ( #2641 ) ) ;
#1641 = CARTESIAN_POINT ( 'NONE',  ( -21.05710398537883421, 38.95307944124054700, -1.301042606982605321E-15 ) ) ;
#1642 = CONICAL_SURFACE ( 'NONE', #2645, 5.100000000000000533, 0.7853981633974320697 ) ;
#1643 = EDGE_CURVE ( 'NONE', #1017, #605, #2110, .T. ) ;
#1644 = VECTOR ( 'NONE', #240, 1000.000000000000000 ) ;
#1645 = SURFACE_STYLE_USAGE ( .BOTH. , #3073 ) ;
#1646 = ADVANCED_FACE ( 'NONE', ( #507 ), #2515, .F. ) ;
#1647 = SURFACE_STYLE_FILL_AREA ( #1076 ) ;
#1648 = CARTESIAN_POINT ( 'NONE',  ( -8.497917928679239452, -11.49805314741075968, -16.23167318570411410 ) ) ;
#1649 = ORIENTED_EDGE ( 'NONE', *, *, #3006, .T. ) ;
#1650 = EDGE_CURVE ( 'NONE', #3374, #2033, #2596, .T. ) ;
#1651 = LINE ( 'NONE', #2214, #616 ) ;
#1652 = B_SPLINE_CURVE_WITH_KNOTS ( 'NONE', 3,
 ( #2890, #3137, #799, #1687, #1671, #297, #1947, #2826, #1727, #2870, #584, #1374, #2541, #3707, #3688, #1234, #365, #334, #598, #2385, #646, #945, #1255, #1528, #2345, #54, #968, #908, #3548, #1549, #2930, #3572, #2407, #3192, #1500, #2944, #2366, #1757, #3492, #1467, #2614, #350, #75, #38, #1172, #1796, #2047, #618, #2065, #2647, #3230, #1777, #2628, #1215, #631, #3528, #927, #1813, #2965, #1648, #1322, #3650, #2162, #1628, #2488, #3045, #3296, #3329, #1869, #1339, #1911, #461, #1888, #1611, #423, #2755, #183, #2771, #990, #704, #3004, #3667, #2126, #2198, #492, #200, #2468, #725, #3022, #3362, #3351, #2449, #443, #741, #3063, #1035, #1051, #758, #1591, #1565, #3631, #2503, #2184, #3077, #2703, #685, #2730, #2791, #138, #3594, #2144, #1899, #1276, #3314, #479, #221, #1852, #1355, #2430, #160, #1302, #3610, #1012, #1963, #2009, #1723, #1705, #832, #1427, #2251, #3432, #2848, #1412, #1669, #2887, #854, #3097, #777, #293, #1985, #2556, #3452, #2573, #3413, #560, #3740, #3134, #1926, #814, #795, #1134, #3176, #539, #273, #3722, #510, #1116, #2267, #2289, #3684, #3396, #1371, #2597, #2808, #582, #1740, #312, #3159, #1447, #3118, #238, #2518, #1388, #519, #1082, #2232, #1684, #2822, #253, #3704, #2588, #1150, #2880, #29, #2019, #3468, #45, #306, #1766, #1786, #624, #1221, #3484, #1511, #88, #1480, #2938, #638, #372, #591, #608, #2953, #12, #2374, #2657, #3539, #1803, #2305, #1749, #343, #918, #1202, #935, #358, #878, #3223, #1490, #2035, #2055, #2091, #2633, #2620, #866, #3185, #1167, #573, #3200, #3521, #2899, #327, #1459, #2608, #2318, #1180, #2334, #3499, #62, #2920, #2353, #898, #2074, #3238, #469, #2973, #1860, #1311, #1896, #2134, #1578, #2417, #2396, #3557, #2718, #652, #2479, #3641, #3600, #1043, #2762, #2438, #3054, #1329, #979, #3012, #3281, #3620, #2675, #1000, #1246, #2151, #1822, #3341, #3304, #2993, #3258, #954, #2457, #192, #394, #149, #2114, #3321, #673, #1840, #2173, #453, #1619, #1537, #107, #413, #714, #1880, #1558, #3035 ),
 .UNSPECIFIED., .F., .F.,
 ( 4, 1, 1, 1, 1, 1, 1, 1, 2, 2, 1, 1, 1, 1, 1, 1, 2, 2, 2, 1, 1, 1, 1, 1, 1, 2, 2, 1, 1, 1, 1, 1, 1, 2, 2, 1, 1, 1, 1, 1, 1, 1, 2, 2, 1, 1, 1, 1, 1, 1, 2, 2, 1, 1, 1, 1, 1, 1, 2, 2, 1, 1, 1, 1, 1, 2, 2, 1, 1, 1, 1, 1, 2, 2, 1, 1, 1, 1, 2, 2, 1, 1, 2, 2, 1, 1, 1, 1, 1, 2, 2, 1, 1, 1, 1, 1, 2, 2, 1, 1, 2, 2, 1, 1, 1, 1, 1, 2, 2, 1, 1, 2, 2, 1, 1, 1, 1, 2, 2, 1, 1, 1, 1, 2, 2, 1, 2, 2, 1, 1, 1, 1, 2, 2, 1, 2, 2, 2, 2, 1, 1, 1, 2, 2, 1, 1, 1, 1, 2, 2, 1, 1, 1, 1, 2, 2, 1, 1, 1, 1, 1, 2, 2, 1, 1, 1, 1, 2, 2, 1, 1, 1, 1, 1, 2, 2, 1, 1, 1, 2, 2, 1, 1, 1, 1, 2, 2, 1, 1, 1, 2, 2, 1, 1, 1, 1, 1, 2, 2, 1, 1, 1, 1, 1, 2, 2, 1, 2, 2, 1, 1, 2, 2, 1, 1, 1, 1, 1, 2, 4 ),
 ( 0.000000000000000000, 0.007812499999998031089, 0.01171874999999704750, 0.01367187499999655484, 0.01464843749999629637, 0.01513671874999615585, 0.01538085937499608473, 0.01550292968749605003, 0.01556396484374603269, 0.01562499999999601534, 0.02343749999999584013, 0.02734374999999576727, 0.02929687499999572911, 0.03027343749999570829, 0.03076171874999569095, 0.03100585937499568054, 0.03112792968749567013, 0.03124999999999565625, 0.04687499999999406725, 0.05078124999999367867, 0.05273437499999347744, 0.05371093749999337336, 0.05419921874999332478, 0.05444335937499330397, 0.05456542968749329009, 0.05462646484374328315, 0.05468749999999327621, 0.05859374999999288069, 0.06054687499999267947, 0.06152343749999257538, 0.06201171874999253375, 0.06225585937499250599, 0.06237792968749249212, 0.06243896484374248518, 0.06249999999999247824, 0.07031249999999168721, 0.07421874999999128475, 0.07617187499999110434, 0.07714843749999099332, 0.07763671874999093780, 0.07788085937499092393, 0.07800292968749091005, 0.07806396484374089617, 0.07812499999999088229, 0.08593749999998991085, 0.08984374999998942513, 0.09179687499998918920, 0.09277343749998905043, 0.09326171874998899491, 0.09350585937498896716, 0.09362792968748895328, 0.09374999999998892553, 0.1015624999999869410, 0.1054687499999859418, 0.1074218749999854283, 0.1083984374999851646, 0.1088867187499850397, 0.1091308593749849565, 0.1092529296874849287, 0.1093749999999849010, 0.1171874999999828609, 0.1210937499999818479, 0.1230468749999813205, 0.1240234374999810568, 0.1245117187499809458, 0.1247558593749808764, 0.1249999999999808209, 0.1328124999999786560, 0.1367187499999776013, 0.1386718749999770739, 0.1396484374999768241, 0.1401367187499767408, 0.1403808593749766576, 0.1406249999999766020, 0.1484374999999746036, 0.1523437499999736322, 0.1542968749999731048, 0.1552734374999728273, 0.1557617187499726885, 0.1562499999999725220, 0.1640624999999696076, 0.1679687499999681644, 0.1699218749999674427, 0.1718749999999667211, 0.1796874999999639455, 0.1835937499999625577, 0.1855468749999618361, 0.1865234374999614475, 0.1870117187499612810, 0.1872558593749611699, 0.1874999999999610312, 0.1914062499999591438, 0.1933593749999582001, 0.1943359374999577283, 0.1948242187499575340, 0.1950683593749574229, 0.1951904296874574229, 0.1953124999999574229, 0.1992187499999583111, 0.2011718749999587552, 0.2021484374999589217, 0.2031249999999591160, 0.2109374999999605871, 0.2148437499999613365, 0.2167968749999616696, 0.2177734374999618916, 0.2182617187499619471, 0.2185058593749619749, 0.2187499999999620026, 0.2226562499999635014, 0.2246093749999642786, 0.2255859374999646672, 0.2265624999999650557, 0.2304687499999663880, 0.2324218749999671374, 0.2333984374999675260, 0.2338867187499677480, 0.2341308593749679146, 0.2343749999999680811, 0.2382812499999702738, 0.2402343749999714395, 0.2412109374999720224, 0.2416992187499722722, 0.2419433593749723832, 0.2421874999999724942, 0.2460937499999739375, 0.2480468749999746869, 0.2499999999999754086, 0.2539062499999768518, 0.2558593749999775735, 0.2568359374999779621, 0.2573242187499781286, 0.2575683593749782396, 0.2578124999999783507, 0.2617187499999800160, 0.2636718749999808487, 0.2656249999999816813, 0.2734374999999851230, 0.2812499999999885092, 0.2890624999999919509, 0.2929687499999936717, 0.2949218749999945044, 0.2958984374999949485, 0.2968749999999953371, 0.3046874999999989453, 0.3085937500000007216, 0.3105468750000016098, 0.3115234375000020539, 0.3120117187500022204, 0.3125000000000024425, 0.3203125000000054956, 0.3242187500000069944, 0.3261718750000077716, 0.3271484375000081601, 0.3276367187500083267, 0.3281250000000084377, 0.3359375000000116018, 0.3398437500000131006, 0.3417968750000138778, 0.3427734375000143219, 0.3432617187500145439, 0.3435058593750145994, 0.3437500000000147105, 0.3515625000000177081, 0.3554687500000191513, 0.3574218750000198175, 0.3583984375000201505, 0.3588867187500203171, 0.3593750000000204281, 0.3671875000000229816, 0.3710937500000242584, 0.3730468750000248690, 0.3740234375000252021, 0.3745117187500253686, 0.3747558593750254241, 0.3750000000000254241, 0.3828125000000250910, 0.3867187500000248690, 0.3886718750000247025, 0.3896484375000247025, 0.3906250000000247025, 0.3984375000000239808, 0.4023437500000235922, 0.4042968750000234257, 0.4052734375000233702, 0.4057617187500233702, 0.4062500000000233702, 0.4140625000000224820, 0.4179687500000220379, 0.4199218750000219269, 0.4208984375000218159, 0.4218750000000217604, 0.4296875000000212053, 0.4335937500000209277, 0.4355468750000208167, 0.4365234375000206501, 0.4370117187500205946, 0.4372558593750205391, 0.4375000000000204836, 0.4453125000000194289, 0.4492187500000189848, 0.4511718750000187073, 0.4521484375000185407, 0.4526367187500184852, 0.4528808593750184297, 0.4531250000000183742, 0.4609375000000152101, 0.4648437500000137113, 0.4687500000000121569, 0.4765625000000089928, 0.4804687500000074940, 0.4824218750000067168, 0.4843750000000059397, 0.4921875000000029421, 0.4960937500000014988, 0.4980468750000007772, 0.4990234375000003886, 0.4995117187500001665, 0.4997558593750000555, 0.5000000000000000000 ),
 .UNSPECIFIED. ) ;
#1653 = EDGE_CURVE ( 'NONE', #1303, #1991, #656, .T. ) ;
#1654 = CARTESIAN_POINT ( 'NONE',  ( -19.84589074467731962, -11.02107292848119435, -3.469446951953614189E-15 ) ) ;
#1655 = ORIENTED_EDGE ( 'NONE', *, *, #2531, .F. ) ;
#1656 = VECTOR ( 'NONE', #3332, 1000.000000000000227 ) ;
#1657 = CARTESIAN_POINT ( 'NONE',  ( -34.21427473058360391, 29.91800123867636785, -4.867198915398005532 ) ) ;
#1658 =( GEOMETRIC_REPRESENTATION_CONTEXT ( 3 ) GLOBAL_UNCERTAINTY_ASSIGNED_CONTEXT ( ( #1163 ) ) GLOBAL_UNIT_ASSIGNED_CONTEXT ( ( #2856, #875, #1974 ) ) REPRESENTATION_CONTEXT ( 'NONE', 'WORKASPACE' ) );
#1659 = FILL_AREA_STYLE_COLOUR ( '', #1662 ) ;
#1660 = CARTESIAN_POINT ( 'NONE',  ( 27.77249607613855176, -8.521143713996087499, -15.70676373346069354 ) ) ;
#1661 = DIRECTION ( 'NONE',  ( 1.000000000000000000, 0.000000000000000000, 0.000000000000000000 ) ) ;
#1662 = COLOUR_RGB ( '',1.000000000000000000, 1.000000000000000000, 1.000000000000000000 ) ;
#1663 = CARTESIAN_POINT ( 'NONE',  ( -15.13321582687193079, 11.30445431023496106, -12.21097589311220233 ) ) ;
#1664 =( LENGTH_UNIT ( ) NAMED_UNIT ( * ) SI_UNIT ( .MILLI., .METRE. ) );
#1665 = CARTESIAN_POINT ( 'NONE',  ( 39.75288124911814691, 19.02744867369920811, -10.84920361497349184 ) ) ;
#1666 = ORIENTED_EDGE ( 'NONE', *, *, #2954, .F. ) ;
#1667 = DIRECTION ( 'NONE',  ( 1.000000000000000000, 0.000000000000000000, 0.000000000000000000 ) ) ;
#1668 = CARTESIAN_POINT ( 'NONE',  ( 5.868707698641586035, 25.85871820260354426, -7.000000000000000000 ) ) ;
#1669 = CARTESIAN_POINT ( 'NONE',  ( -35.06007525548797332, -5.894279010951851028, -15.24357661164919975 ) ) ;
#1670 = CARTESIAN_POINT ( 'NONE',  ( 6.532688305280833774, 42.40965123222051147, -1.301042606982611434E-15 ) ) ;
#1671 = CARTESIAN_POINT ( 'NONE',  ( 9.595123764882487194, -10.98865795090045694, -16.14185306871613790 ) ) ;
#1672 = EDGE_CURVE ( 'NONE', #3588, #1893, #1948, .T. ) ;
#1673 = CARTESIAN_POINT ( 'NONE',  ( -37.69759898652006314, -4.389736803715541313, -10.91657877934992626 ) ) ;
#1674 = PRESENTATION_STYLE_ASSIGNMENT (( #1105 ) ) ;
#1675 = CARTESIAN_POINT ( 'NONE',  ( -4.311045049232105519, -11.42455542746721697, 3.469446951953614189E-15 ) ) ;
#1676 = DIRECTION ( 'NONE',  ( 1.000000000000000000, 0.000000000000000000, 0.000000000000000000 ) ) ;
#1677 = UNCERTAINTY_MEASURE_WITH_UNIT (LENGTH_MEASURE( 1.000000000000000082E-05 ), #3475, 'distance_accuracy_value', 'NONE');
#1678 = CARTESIAN_POINT ( 'NONE',  ( 34.68620388619503103, 26.90753329907656877, -9.459732085250244893 ) ) ;
#1679 = CARTESIAN_POINT ( 'NONE',  ( -6.450655601476112722, 42.68742827591856326, 2.602085213965209853E-15 ) ) ;
#1680 = CARTESIAN_POINT ( 'NONE',  ( 38.72084516213082850, 0.9398202595276280435, -14.03854052142332520 ) ) ;
#1681 = CARTESIAN_POINT ( 'NONE',  ( 27.77249607613855176, -9.215736424663798942, -11.76753272141192852 ) ) ;
#1682 = EDGE_LOOP ( 'NONE', ( #2594, #161 ) ) ;
#1683 = FACE_OUTER_BOUND ( 'NONE', #3377, .T. ) ;
#1684 = CARTESIAN_POINT ( 'NONE',  ( -41.82071329358916500, 2.141304985473602596, -13.82668634732915791 ) ) ;
#1685 = PRESENTATION_STYLE_ASSIGNMENT (( #1390 ) ) ;
#1686 = CARTESIAN_POINT ( 'NONE',  ( 17.01332250666123258, 2.910782168604050479, -9.629300311360992737 ) ) ;
#1687 = CARTESIAN_POINT ( 'NONE',  ( 10.13977534787716728, -10.96491333814675251, -16.13766625284117850 ) ) ;
#1688 = EDGE_LOOP ( 'NONE', ( #3535, #1370, #3168, #1808 ) ) ;
#1689 = DIRECTION ( 'NONE',  ( 1.000000000000000000, 0.000000000000000000, 0.000000000000000000 ) ) ;
#1690 = CARTESIAN_POINT ( 'NONE',  ( -26.91464139116364152, 36.14105130015569500, 0.000000000000000000 ) ) ;
#1691 = EDGE_CURVE ( 'NONE', #1165, #3487, #2362, .T. ) ;
#1692 = CARTESIAN_POINT ( 'NONE',  ( -15.13321582687193079, 11.30445431023496106, -11.68199495100980378 ) ) ;
#1693 = CARTESIAN_POINT ( 'NONE',  ( 0.7740918136368801772, -11.27842639287949567, -16.31602583597861411 ) ) ;
#1694 = B_SPLINE_CURVE_WITH_KNOTS ( 'NONE', 3,
 ( #1952, #2749, #678, #719, #3018, #527, #2831, #177, #2462, #3625, #129, #1027, #2178, #243, #699, #1865, #418, #1583, #739, #1271, #3589, #1377, #3058, #1885, #155, #1399, #474, #3606, #1297, #1622, #2545, #3712, #3289, #984, #2444, #1006, #2157, #3325, #1781, #59, #1161, #2331, #1997, #2583, #1631, #2774, #2186, #1357, #359, #2635, #276, #1725, #3177, #2940, #3120, #3136, #2558, #513, #2356, #3524, #3434, #2868, #834, #3686, #541, #1206, #815, #1708, #521, #3453, #2520, #1988, #1085, #3161, #1670, #583, #2851, #2824 ),
 .UNSPECIFIED., .F., .F.,
 ( 4, 2, 2, 2, 2, 2, 2, 2, 2, 2, 2, 2, 2, 2, 2, 2, 2, 2, 2, 2, 2, 2, 2, 2, 2, 2, 2, 2, 2, 2, 2, 2, 2, 2, 2, 2, 2, 2, 4 ),
 ( 0.1067509122937882193, 0.1136574365283296723, 0.1205639607628711391, 0.1274704849974125920, 0.1309237471146833254, 0.1343770092319540588, 0.1378302713492247922, 0.1395569024078601728, 0.1412835334664955256, 0.1447367955837662312, 0.1456001111130839076, 0.1464634266424015840, 0.1481900577010369091, 0.1516433198183075592, 0.1533699508769428843, 0.1550965819355782094, 0.1585498440528488595, 0.1602764751114841846, 0.1620031061701195096, 0.1654563682873901598, 0.1671829993460254848, 0.1689096304046608099, 0.1723628925219314878, 0.1740895235805668129, 0.1758161546392021379, 0.1775427856978374630, 0.1792694167564727881, 0.1827226788737434382, 0.1861759409910141438, 0.1879025720496494689, 0.1896292031082847940, 0.1930824652255554719, 0.1965357273428261498, 0.1999889894600967999, 0.2034422515773674778, 0.2068955136946381557, 0.2103487758119088058, 0.2138020379291794559, 0.2172553000464501338 ),
 .UNSPECIFIED. ) ;
#1695 = DIRECTION ( 'NONE',  ( 0.000000000000000000, 1.000000000000000000, 0.000000000000000000 ) ) ;
#1696 = CARTESIAN_POINT ( 'NONE',  ( 28.82173272200188308, 32.58214790869100597, -8.459144424452759381 ) ) ;
#1697 = VERTEX_POINT ( 'NONE', #2570 ) ;
#1698 = FILL_AREA_STYLE ('',( #1956 ) ) ;
#1699 = LINE ( 'NONE', #3406, #3268 ) ;
#1700 = CARTESIAN_POINT ( 'NONE',  ( 37.08880392861835418, -1.806539395941625159, -14.52279782741210035 ) ) ;
#1701 = FILL_AREA_STYLE_COLOUR ( '', #837 ) ;
#1702 = VERTEX_POINT ( 'NONE', #869 ) ;
#1703 = DIRECTION ( 'NONE',  ( 0.000000000000000000, 1.497534851276745554E-16, 1.000000000000000000 ) ) ;
#1704 = PRESENTATION_LAYER_ASSIGNMENT (  '', '', ( #2476 ) ) ;
#1705 = CARTESIAN_POINT ( 'NONE',  ( -32.06606279128692449, -7.626670021321801052, -15.54904388791446834 ) ) ;
#1706 = VECTOR ( 'NONE', #2499, 1000.000000000000000 ) ;
#1707 = CARTESIAN_POINT ( 'NONE',  ( 7.855167511930322810, -11.75397231201258563, -12.21509219175401384 ) ) ;
#1708 = CARTESIAN_POINT ( 'NONE',  ( 17.95566840924929508, 39.25138757431089687, -3.903127820947825429E-15 ) ) ;
#1709 = AXIS2_PLACEMENT_3D ( 'NONE', #2197, #757, #1667 ) ;
#1710 = CARTESIAN_POINT ( 'NONE',  ( -30.77319276729248188, 33.60743154140698152, -16.34271213963313230 ) ) ;
#1711 =( NAMED_UNIT ( * ) SI_UNIT ( $, .STERADIAN. ) SOLID_ANGLE_UNIT ( ) );
#1712 = CARTESIAN_POINT ( 'NONE',  ( 34.72264405927558073, -4.559208022164964014, 3.469446951953614189E-15 ) ) ;
#1713 = CARTESIAN_POINT ( 'NONE',  ( 8.039574571549039206, 6.685837765422558476, -13.02536260350532160 ) ) ;
#1714 = UNCERTAINTY_MEASURE_WITH_UNIT (LENGTH_MEASURE( 1.000000000000000082E-05 ), #3265, 'distance_accuracy_value', 'NONE');
#1715 = FILL_AREA_STYLE_COLOUR ( '', #3162 ) ;
#1716 = CARTESIAN_POINT ( 'NONE',  ( 5.116091378062902706, 41.92791450158563293, -2.749527171178661078 ) ) ;
#1717 = CARTESIAN_POINT ( 'NONE',  ( -41.48517305895201446, 20.67350162285693216, -3.338278570271186158E-30 ) ) ;
#1718 = EDGE_CURVE ( 'NONE', #1747, #1697, #1720, .T. ) ;
#1719 = CARTESIAN_POINT ( 'NONE',  ( 40.82798087073131654, 5.651645044426270914, -13.20771868347424771 ) ) ;
#1720 = LINE ( 'NONE', #1979, #3024 ) ;
#1721 = CARTESIAN_POINT ( 'NONE',  ( 26.06269143669757327, -9.721255751289271885, -11.85666941796557694 ) ) ;
#1722 = EDGE_LOOP ( 'NONE', ( #585, #3614, #611, #2690, #762, #3016, #188, #2732, #1581, #3418, #1734, #2421, #2736 ) ) ;
#1723 = CARTESIAN_POINT ( 'NONE',  ( -31.64802438171345500, -7.813028555824490518, -15.58190392563260396 ) ) ;
#1724 = CARTESIAN_POINT ( 'NONE',  ( 12.59357422083296996, -11.53021089774571983, -12.17563701718071556 ) ) ;
#1725 = CARTESIAN_POINT ( 'NONE',  ( 36.27471258749506688, 24.89272569679749125, 1.301042606982605715E-15 ) ) ;
#1726 = CARTESIAN_POINT ( 'NONE',  ( -4.311045049232105519, -11.42455542746721697, -16.34271213963313230 ) ) ;
#1727 = CARTESIAN_POINT ( 'NONE',  ( 9.074919122057842458, -11.01021950054936127, -16.14565495166512576 ) ) ;
#1728 = VERTEX_POINT ( 'NONE', #1790 ) ;
#1729 = CARTESIAN_POINT ( 'NONE',  ( -6.403502324906030552, 42.69307154219212208, -16.34271213963313230 ) ) ;
#1730 = CARTESIAN_POINT ( 'NONE',  ( 2.709423772137665498, 42.87971065911372648, -6.643406276014701461 ) ) ;
#1731 =( NAMED_UNIT ( * ) PLANE_ANGLE_UNIT ( ) SI_UNIT ( $, .RADIAN. ) );
#1732 = CARTESIAN_POINT ( 'NONE',  ( 41.65654963028910629, 9.553411066540073548, -3.469446951953614189E-15 ) ) ;
#1733 = CARTESIAN_POINT ( 'NONE',  ( 9.960882626099564874, 41.72109434176425680, -6.847701593052586411 ) ) ;
#1734 = ORIENTED_EDGE ( 'NONE', *, *, #2508, .T. ) ;
#1735 = CARTESIAN_POINT ( 'NONE',  ( 40.82098905808560829, 5.630942729940752400, -13.21136906008116263 ) ) ;
#1736 = SURFACE_SIDE_STYLE ('',( #576 ) ) ;
#1737 = VERTEX_POINT ( 'NONE', #901 ) ;
#1738 = CARTESIAN_POINT ( 'NONE',  ( 0.8687076986415853685, 25.85871820260354426, -6.700000000000000178 ) ) ;
#1739 = ADVANCED_FACE ( 'NONE', ( #2307 ), #3204, .F. ) ;
#1740 = CARTESIAN_POINT ( 'NONE',  ( -40.53098837553767453, -0.3248125229229986699, -14.26152940165733618 ) ) ;
#1741 = DIRECTION ( 'NONE',  ( 8.659560562354792342E-17, 0.7071067811865361374, 0.7071067811865588970 ) ) ;
#1742 = CARTESIAN_POINT ( 'NONE',  ( 29.48248618637749630, 32.05830331402648881, -16.31602583597862122 ) ) ;
#1743 =( NAMED_UNIT ( * ) SI_UNIT ( $, .STERADIAN. ) SOLID_ANGLE_UNIT ( ) );
#1744 = UNCERTAINTY_MEASURE_WITH_UNIT (LENGTH_MEASURE( 1.000000000000000082E-05 ), #2241, 'distance_accuracy_value', 'NONE');
#1745 = FACE_OUTER_BOUND ( 'NONE', #2747, .T. ) ;
#1746 = CARTESIAN_POINT ( 'NONE',  ( 14.52136228928312356, 40.46001199713420249, -7.070064435305952522 ) ) ;
#1747 = VERTEX_POINT ( 'NONE', #610 ) ;
#1748 = CARTESIAN_POINT ( 'NONE',  ( 29.54206597647371879, 31.31333084162170266, -4.621164659417511089 ) ) ;
#1749 = CARTESIAN_POINT ( 'NONE',  ( -42.47235308677669963, 18.26847352407344971, -10.98303141153921736 ) ) ;
#1750 = CARTESIAN_POINT ( 'NONE',  ( 41.62083810428488562, 11.92514729812281260, -12.10153097261138555 ) ) ;
#1751 = CARTESIAN_POINT ( 'NONE',  ( 31.29331124516313878, 14.86100263228771823, 0.000000000000000000 ) ) ;
#1752 = ORIENTED_EDGE ( 'NONE', *, *, #1119, .T. ) ;
#1753 = CARTESIAN_POINT ( 'NONE',  ( 5.868707698641586035, 22.85871820261570164, -8.582227638670445913 ) ) ;
#1754 = DIRECTION ( 'NONE',  ( 0.000000000000000000, 1.000000000000000000, 0.000000000000000000 ) ) ;
#1755 = CONICAL_SURFACE ( 'NONE', #438, 5.100000000000000533, 0.7853981633974320697 ) ;
#1756 = CIRCLE ( 'NONE', #2832, 2.749999999999999112 ) ;
#1757 = CARTESIAN_POINT ( 'NONE',  ( -1.262477736599304734, -11.34015938774504839, -16.20383225578958175 ) ) ;
#1758 = VECTOR ( 'NONE', #716, 1000.000000000000000 ) ;
#1759 = EDGE_CURVE ( 'NONE', #1737, #310, #3187, .T. ) ;
#1760 = PRESENTATION_LAYER_ASSIGNMENT (  '', '', ( #1272 ) ) ;
#1761 = CARTESIAN_POINT ( 'NONE',  ( 0.000000000000000000, 0.000000000000000000, 0.000000000000000000 ) ) ;
#1762 = CARTESIAN_POINT ( 'NONE',  ( -25.19194214947617994, -10.70177132008474707, -12.02956076774892757 ) ) ;
#1763 = AXIS2_PLACEMENT_3D ( 'NONE', #2443, #659, #3244 ) ;
#1764 = ORIENTED_EDGE ( 'NONE', *, *, #179, .T. ) ;
#1765 = CARTESIAN_POINT ( 'NONE',  ( 15.41734352860753887, 40.17566767408511197, -7.120202011270722942 ) ) ;
#1766 = CARTESIAN_POINT ( 'NONE',  ( -43.59171827820849643, 9.666420945370024498, -12.49980537063855124 ) ) ;
#1767 = AXIS2_PLACEMENT_3D ( 'NONE', #1279, #2469, #119 ) ;
#1768 = CARTESIAN_POINT ( 'NONE',  ( 30.01957304806402860, -7.584599794297288256, -15.54162577180599492 ) ) ;
#1769 = AXIS2_PLACEMENT_3D ( 'NONE', #254, #3433, #2252 ) ;
#1770 = CARTESIAN_POINT ( 'NONE',  ( 3.118707698641588699, 25.85871820260354426, -9.644666484532795181 ) ) ;
#1771 = ORIENTED_EDGE ( 'NONE', *, *, #20, .T. ) ;
#1772 = SURFACE_STYLE_USAGE ( .BOTH. , #1809 ) ;
#1773 = CARTESIAN_POINT ( 'NONE',  ( 33.64089009366439598, 28.07900244817656699, -9.253170467198380322 ) ) ;
#1774 = AXIS2_PLACEMENT_3D ( 'NONE', #1761, #2969, #913 ) ;
#1775 = CARTESIAN_POINT ( 'NONE',  ( -20.13321582687193256, 14.30445431023033009, 0.000000000000000000 ) ) ;
#1776 = CARTESIAN_POINT ( 'NONE',  ( 10.06195679407893273, 41.69566439508965061, -16.31602583597862477 ) ) ;
#1777 = CARTESIAN_POINT ( 'NONE',  ( -5.153437088918634501, -11.44494920297735518, -16.22230952751848321 ) ) ;
#1778 = CYLINDRICAL_SURFACE ( 'NONE', #1039, 3.000000000000002665 ) ;
#1779 = CARTESIAN_POINT ( 'NONE',  ( -42.83685004638653737, 17.19767682264949826, -11.17184176085117286 ) ) ;
#1780 = VERTEX_POINT ( 'NONE', #1482 ) ;
#1781 = CARTESIAN_POINT ( 'NONE',  ( 41.63994561008522055, 12.00436054058908830, -2.602085213965210642E-15 ) ) ;
#1782 = EDGE_CURVE ( 'NONE', #996, #628, #314, .T. ) ;
#1783 = CARTESIAN_POINT ( 'NONE',  ( -6.364254721256791036, -12.17846867485194196, -12.28994235373520461 ) ) ;
#1784 = VERTEX_POINT ( 'NONE', #1751 ) ;
#1785 = CARTESIAN_POINT ( 'NONE',  ( 8.584591300134958303, 42.02819435864017805, -6.793551574301265994 ) ) ;
#1786 = CARTESIAN_POINT ( 'NONE',  ( -43.59992922042567187, 9.814821895341680147, -12.47363827919576096 ) ) ;
#1787 = CARTESIAN_POINT ( 'NONE',  ( 30.07100380772485693, -7.560461137242406870, -15.53736947528914314 ) ) ;
#1788 = CARTESIAN_POINT ( 'NONE',  ( -35.68067990498408903, -5.440615357171588506, -15.16358346931511214 ) ) ;
#1789 = CARTESIAN_POINT ( 'NONE',  ( 5.868707698641586035, 25.85871820260354426, -6.700000000000000178 ) ) ;
#1790 = CARTESIAN_POINT ( 'NONE',  ( -18.98352708307155723, 0.4721462302826407442, -10.05929762341239453 ) ) ;
#1791 = ORIENTED_EDGE ( 'NONE', *, *, #2860, .F. ) ;
#1792 = PRESENTATION_STYLE_ASSIGNMENT (( #3157 ) ) ;
#1793 =( NAMED_UNIT ( * ) PLANE_ANGLE_UNIT ( ) SI_UNIT ( $, .RADIAN. ) );
#1794 = CARTESIAN_POINT ( 'NONE',  ( 28.59105865848979988, 32.74321803184137991, -8.430743415956754916 ) ) ;
#1795 = PRESENTATION_STYLE_ASSIGNMENT (( #3229 ) ) ;
#1796 = CARTESIAN_POINT ( 'NONE',  ( -3.314774405688002634, -11.39939026483487261, -16.21427625751154267 ) ) ;
#1797 = CARTESIAN_POINT ( 'NONE',  ( -12.38321582687193079, 14.30445431023033009, -11.68199495098381036 ) ) ;
#1798 = CARTESIAN_POINT ( 'NONE',  ( -41.39942170151739731, 1.202461108702839399, -13.99222985347198644 ) ) ;
#1799 = PRODUCT_CONTEXT ( 'NONE', #2087, 'mechanical' ) ;
#1800 = CARTESIAN_POINT ( 'NONE',  ( 4.300421299986921575, -11.86651826634359708, -12.23493708007215375 ) ) ;
#1801 = EDGE_CURVE ( 'NONE', #2679, #1629, #288, .T. ) ;
#1802 = CARTESIAN_POINT ( 'NONE',  ( 41.14155398223267923, 14.84803487802773958, -11.58614703069222429 ) ) ;
#1803 = CARTESIAN_POINT ( 'NONE',  ( -42.88632776827067516, 16.89257259860857374, -11.22563986748059328 ) ) ;
#1804 = CARTESIAN_POINT ( 'NONE',  ( 26.76189259373408902, -8.819638462008553503, -15.75939641114186252 ) ) ;
#1805 = EDGE_CURVE ( 'NONE', #1737, #1605, #1083, .T. ) ;
#1806 = SURFACE_STYLE_USAGE ( .BOTH. , #2376 ) ;
#1807 = CARTESIAN_POINT ( 'NONE',  ( 36.99223065545088218, -1.959126290449781260, -14.54970301381050035 ) ) ;
#1808 = ORIENTED_EDGE ( 'NONE', *, *, #476, .T. ) ;
#1809 = SURFACE_SIDE_STYLE ('',( #3207 ) ) ;
#1810 = CARTESIAN_POINT ( 'NONE',  ( 22.77310385401940351, 36.73901815928171999, -7.726176043970140128 ) ) ;
#1811 = CARTESIAN_POINT ( 'NONE',  ( -34.21612679647061839, -6.469885069790358934, -1.301042606982605321E-15 ) ) ;
#1812 = CARTESIAN_POINT ( 'NONE',  ( 6.099222103387006655, 42.46907319835226247, -16.31602583597862477 ) ) ;
#1813 = CARTESIAN_POINT ( 'NONE',  ( -7.768716378960954572, -11.49108110486468703, -16.23044382649260342 ) ) ;
#1814 = CARTESIAN_POINT ( 'NONE',  ( 39.63817273269517472, 19.37298447297143511, -16.31602583597862122 ) ) ;
#1815 =( NAMED_UNIT ( * ) SI_UNIT ( $, .STERADIAN. ) SOLID_ANGLE_UNIT ( ) );
#1816 = CARTESIAN_POINT ( 'NONE',  ( -21.73632775784836113, -10.72544262880138533, -16.09544110568725728 ) ) ;
#1817 = UNCERTAINTY_MEASURE_WITH_UNIT (LENGTH_MEASURE( 1.000000000000000082E-05 ), #2463, 'distance_accuracy_value', 'NONE');
#1818 = COLOUR_RGB ( '',0.000000000000000000, 1.000000000000000000, 0.000000000000000000 ) ;
#1819 = LINE ( 'NONE', #2132, #603 ) ;
#1820 = ORIENTED_EDGE ( 'NONE', *, *, #548, .T. ) ;
#1821 = CARTESIAN_POINT ( 'NONE',  ( 40.43589348969133823, 4.495767536493681327, -13.41153107451177817 ) ) ;
#1822 = CARTESIAN_POINT ( 'NONE',  ( -24.70553636397705688, 37.31305433318824072, -7.624957978607323383 ) ) ;
#1823 = CARTESIAN_POINT ( 'NONE',  ( 31.81133638613311376, -6.654261809575900521, -15.37758208392156867 ) ) ;
#1824 = AXIS2_PLACEMENT_3D ( 'NONE', #830, #1133, #1445 ) ;
#1825 = CARTESIAN_POINT ( 'NONE',  ( -19.70079774898326974, -11.01353992928959613, -16.14624043283269117 ) ) ;
#1826 = CARTESIAN_POINT ( 'NONE',  ( 41.38231397737224171, 7.614573847678074436, -12.86160137424619698 ) ) ;
#1827 = ORIENTED_EDGE ( 'NONE', *, *, #2067, .T. ) ;
#1828 = CARTESIAN_POINT ( 'NONE',  ( -14.71377605422038215, 41.05076531925947592, -6.965898685672041957 ) ) ;
#1829 = LINE ( 'NONE', #940, #3208 ) ;
#1830 = EDGE_CURVE ( 'NONE', #3287, #1991, #1463, .T. ) ;
#1831 = CARTESIAN_POINT ( 'NONE',  ( 34.68674183413507706, 26.89378103535313613, -9.462156980392718353 ) ) ;
#1832 = CONICAL_SURFACE ( 'NONE', #1593, 5.100000000000000533, 0.7853981633974320697 ) ;
#1833 = CYLINDRICAL_SURFACE ( 'NONE', #3382, 4.999999999999997335 ) ;
#1834 = DIRECTION ( 'NONE',  ( 0.000000000000000000, 0.000000000000000000, 1.000000000000000000 ) ) ;
#1835 = CARTESIAN_POINT ( 'NONE',  ( 36.98046686432626728, 23.93481842981244512, -16.31602583597861411 ) ) ;
#1836 = CARTESIAN_POINT ( 'NONE',  ( 31.29331124516313878, 14.86100263228771823, -7.000000000000000000 ) ) ;
#1837 = VERTEX_POINT ( 'NONE', #2037 ) ;
#1838 = CARTESIAN_POINT ( 'NONE',  ( -38.11583901818007547, -3.282887843955613505, -14.78311789171805835 ) ) ;
#1839 = CARTESIAN_POINT ( 'NONE',  ( -13.66583986350237545, 41.32682462678202029, -6.917221981480166981 ) ) ;
#1840 = CARTESIAN_POINT ( 'NONE',  ( -18.24684912255892044, 39.99171488322885892, -7.152637851475489583 ) ) ;
#1841 = CARTESIAN_POINT ( 'NONE',  ( 27.14648292156863008, -8.701473075379109190, -15.73856066529323172 ) ) ;
#1842 = CARTESIAN_POINT ( 'NONE',  ( 33.28154399484461834, -5.681683515887026026, -15.20609028988633149 ) ) ;
#1843 = ORIENTED_EDGE ( 'NONE', *, *, #101, .T. ) ;
#1844 = CARTESIAN_POINT ( 'NONE',  ( 26.29331124516313878, 22.14455746666921954, -6.237866785425707050 ) ) ;
#1845 = PLANE ( 'NONE',  #1191 ) ;
#1846 =( BOUNDED_CURVE ( )  B_SPLINE_CURVE ( 3, ( #827, #1130, #2282, #3154 ),
 .UNSPECIFIED., .F., .T. ) 
 B_SPLINE_CURVE_WITH_KNOTS ( ( 4, 4 ),
 ( 3.141592653589749151, 6.283185307179541823 ),
 .UNSPECIFIED. ) 
 CURVE ( )  GEOMETRIC_REPRESENTATION_ITEM ( )  RATIONAL_B_SPLINE_CURVE ( ( 1.000000000000000000, 0.3333333333333187154, 0.3333333333333187154, 1.000000000000000000 ) ) 
 REPRESENTATION_ITEM ( '' )  );
#1847 = CARTESIAN_POINT ( 'NONE',  ( 19.71060880990300745, 38.43397935332959747, -7.427308654205417859 ) ) ;
#1848 = EDGE_CURVE ( 'NONE', #2322, #3178, #2288, .T. ) ;
#1849 = CARTESIAN_POINT ( 'NONE',  ( -43.65170989827673509, 10.36767484362117742, -1.301042606982614787E-15 ) ) ;
#1850 = CARTESIAN_POINT ( 'NONE',  ( 21.83514258254275475, 36.69411803039452025, -3.672386700586412367 ) ) ;
#1851 = CARTESIAN_POINT ( 'NONE',  ( 14.32319225851060196, 40.50928534000981784, -16.31602583597862477 ) ) ;
#1852 = CARTESIAN_POINT ( 'NONE',  ( -30.00858311648400445, -8.474437715463688292, -15.69852820576481101 ) ) ;
#1853 = CARTESIAN_POINT ( 'NONE',  ( 25.73221053500335032, 34.80977602507809365, -16.31602583597862122 ) ) ;
#1854 = CARTESIAN_POINT ( 'NONE',  ( -19.04305906163065742, 7.567601516973026854, -12.86988386350052949 ) ) ;
#1855 = CARTESIAN_POINT ( 'NONE',  ( -39.48534282460531131, -1.769722659436287815, -14.51630604341867326 ) ) ;
#1856 = CARTESIAN_POINT ( 'NONE',  ( 10.24485142136526328, 41.64115720660387154, -6.861796666742024264 ) ) ;
#1857 = VERTEX_POINT ( 'NONE', #1182 ) ;
#1858 = CARTESIAN_POINT ( 'NONE',  ( -40.83780732432902028, -0.5246764728410613365, -10.23506436095076566 ) ) ;
#1859 = CARTESIAN_POINT ( 'NONE',  ( 39.96519534161006959, 2.726962351271642770, -9.661712704740548219 ) ) ;
#1860 = CARTESIAN_POINT ( 'NONE',  ( -33.53996783886749000, 31.23419946752217768, -8.696824103235890391 ) ) ;
#1861 = CARTESIAN_POINT ( 'NONE',  ( -6.320817256204166235, 33.14227303708371153, -4.298672804202376518 ) ) ;
#1862 = DIRECTION ( 'NONE',  ( -0.01302837971930287039, 0.9999151270592366858, 0.000000000000000000 ) ) ;
#1863 = ORIENTED_EDGE ( 'NONE', *, *, #3260, .F. ) ;
#1864 = CARTESIAN_POINT ( 'NONE',  ( -8.039574571549040982, -6.685837765422562029, -15.38314977687250540 ) ) ;
#1865 = CARTESIAN_POINT ( 'NONE',  ( 29.39544795747540107, -7.873713765763050709, 1.301042606982605321E-15 ) ) ;
#1866 = CYLINDRICAL_SURFACE ( 'NONE', #601, 2.000000000000000444 ) ;
#1867 = CARTESIAN_POINT ( 'NONE',  ( 38.17674180093354863, 22.14075143321883132, -10.30024433935565575 ) ) ;
#1868 = DIRECTION ( 'NONE',  ( 0.000000000000000000, 0.000000000000000000, 1.000000000000000000 ) ) ;
#1869 = CARTESIAN_POINT ( 'NONE',  ( -11.80913203734688643, -11.48841320557825085, -16.22997340386655551 ) ) ;
#1870 = ORIENTED_EDGE ( 'NONE', *, *, #3148, .T. ) ;
#1871 = FACE_OUTER_BOUND ( 'NONE', #465, .T. ) ;
#1872 = CARTESIAN_POINT ( 'NONE',  ( -35.61766578172049691, -5.538566980056215172, -16.34271213963313230 ) ) ;
#1873 = VERTEX_POINT ( 'NONE', #2059 ) ;
#1874 = ORIENTED_EDGE ( 'NONE', *, *, #3030, .T. ) ;
#1875 = EDGE_CURVE ( 'NONE', #2696, #2957, #957, .T. ) ;
#1876 = CIRCLE ( 'NONE', #3687, 6.685837765422562029 ) ;
#1877 = CARTESIAN_POINT ( 'NONE',  ( -43.62979464329870183, 11.60087239626143507, -8.097002939428977086 ) ) ;
#1878 = CARTESIAN_POINT ( 'NONE',  ( -43.29140997500535804, 6.346515609100991107, -9.023487807274010564 ) ) ;
#1879 = DIRECTION ( 'NONE',  ( 0.000000000000000000, -1.000000000000000000, 1.700709290173340163E-16 ) ) ;
#1880 = CARTESIAN_POINT ( 'NONE',  ( -14.75013054793294920, 41.04117876372286844, -6.967589054065285836 ) ) ;
#1881 = PRESENTATION_STYLE_ASSIGNMENT (( #1638 ) ) ;
#1882 = CARTESIAN_POINT ( 'NONE',  ( 18.82793688390703934, 17.41753356550414722, -11.13307508519852185 ) ) ;
#1883 = CARTESIAN_POINT ( 'NONE',  ( 24.62144252411759027, -9.382288435284436900, -15.85860678211857966 ) ) ;
#1884 = VERTEX_POINT ( 'NONE', #3172 ) ;
#1885 = CARTESIAN_POINT ( 'NONE',  ( 35.28174981003201083, -3.990106895114851504, 1.301042606982608673E-15 ) ) ;
#1886 = FACE_OUTER_BOUND ( 'NONE', #1208, .T. ) ;
#1887 = CARTESIAN_POINT ( 'NONE',  ( -33.20312394062798234, -7.066320182490611224, -1.301042606982605321E-15 ) ) ;
#1888 = CARTESIAN_POINT ( 'NONE',  ( -12.25793711931730634, -11.48029396277732417, -16.22854176229782297 ) ) ;
#1889 = CIRCLE ( 'NONE', #3397, 4.999999999999997335 ) ;
#1890 = DIRECTION ( 'NONE',  ( 0.000000000000000000, 0.000000000000000000, 1.000000000000000000 ) ) ;
#1891 = CARTESIAN_POINT ( 'NONE',  ( -38.56862578583634615, -2.814673891646524151, -16.34271213963313585 ) ) ;
#1892 = EDGE_LOOP ( 'NONE', ( #3027, #1283, #3315, #864 ) ) ;
#1893 = VERTEX_POINT ( 'NONE', #1424 ) ;
#1894 = CARTESIAN_POINT ( 'NONE',  ( -43.38795303008554072, 6.931822094865557560, -8.920282481850062339 ) ) ;
#1895 = CARTESIAN_POINT ( 'NONE',  ( 20.83570397603828184, -10.05377782745064863, -15.97700847921693068 ) ) ;
#1896 = CARTESIAN_POINT ( 'NONE',  ( -33.40726203090312652, 31.35756570273366606, -8.675071307459665704 ) ) ;
#1897 = SURFACE_STYLE_USAGE ( .BOTH. , #1943 ) ;
#1898 = CARTESIAN_POINT ( 'NONE',  ( 34.52225741114045121, 26.40824684350094742, -5.486063310927551839 ) ) ;
#1899 = CARTESIAN_POINT ( 'NONE',  ( -29.45171699426560608, -8.679356730465546121, -15.73466095696987566 ) ) ;
#1900 = CARTESIAN_POINT ( 'NONE',  ( 29.04331124516314233, 20.36100263228771468, -10.61406207184050565 ) ) ;
#1901 = CARTESIAN_POINT ( 'NONE',  ( -41.79916156578469355, 19.97222569737154885, -16.34271213963314295 ) ) ;
#1902 = EDGE_LOOP ( 'NONE', ( #2024, #949, #3219, #3733 ) ) ;
#1903 = CARTESIAN_POINT ( 'NONE',  ( -25.68693692341012280, 36.13232901342662018, -3.771445261743538335 ) ) ;
#1904 = CARTESIAN_POINT ( 'NONE',  ( -42.61168707652930721, 3.499165492130406285, -9.525552456419326575 ) ) ;
#1905 = CARTESIAN_POINT ( 'NONE',  ( 29.74503429996411086, -7.746956862493691531, -16.31602583597862477 ) ) ;
#1906 = EDGE_CURVE ( 'NONE', #3487, #1165, #1846, .T. ) ;
#1907 = SURFACE_STYLE_USAGE ( .BOTH. , #1623 ) ;
#1908 = ADVANCED_FACE ( 'NONE', ( #3450 ), #850, .F. ) ;
#1909 = CARTESIAN_POINT ( 'NONE',  ( 38.75890559047046935, 21.13084773646095371, -10.47831760901142140 ) ) ;
#1910 = CARTESIAN_POINT ( 'NONE',  ( 0.4441093681442623287, 42.34789543139318369, -2.675473201870564033 ) ) ;
#1911 = CARTESIAN_POINT ( 'NONE',  ( -12.17231467999799399, -11.48196781903020458, -16.22883690831704229 ) ) ;
#1912 = CARTESIAN_POINT ( 'NONE',  ( 3.115451857145985937, -11.90085990579462027, -12.24099243766913148 ) ) ;
#1913 = CARTESIAN_POINT ( 'NONE',  ( -43.67377506836510292, 13.20640484237579315, -3.469446951953614189E-15 ) ) ;
#1914 = ORIENTED_EDGE ( 'NONE', *, *, #2207, .F. ) ;
#1915 = CARTESIAN_POINT ( 'NONE',  ( -43.37519144576663166, 13.92557626922235237, -7.687094924468501844 ) ) ;
#1916 = CARTESIAN_POINT ( 'NONE',  ( -1.796914438543838699, -11.35655408423235180, -16.31602583597862122 ) ) ;
#1917 =( GEOMETRIC_REPRESENTATION_CONTEXT ( 3 ) GLOBAL_UNCERTAINTY_ASSIGNED_CONTEXT ( ( #322 ) ) GLOBAL_UNIT_ASSIGNED_CONTEXT ( ( #315, #2521, #1158 ) ) REPRESENTATION_CONTEXT ( 'NONE', 'WORKASPACE' ) );
#1918 = SURFACE_STYLE_FILL_AREA ( #2842 ) ;
#1919 = CIRCLE ( 'NONE', #545, 3.000000000000002665 ) ;
#1920 = PRODUCT_RELATED_PRODUCT_CATEGORY ( 'part', '', ( #2927 ) ) ;
#1921 = MECHANICAL_DESIGN_GEOMETRIC_PRESENTATION_REPRESENTATION (  '', ( #2480 ), #607 ) ;
#1922 = LINE ( 'NONE', #2246, #17 ) ;
#1923 =( NAMED_UNIT ( * ) PLANE_ANGLE_UNIT ( ) SI_UNIT ( $, .RADIAN. ) );
#1924 = CARTESIAN_POINT ( 'NONE',  ( 37.15307986258567041, -2.424027973860407581, -10.56997127642959633 ) ) ;
#1925 = FACE_OUTER_BOUND ( 'NONE', #1464, .T. ) ;
#1926 = CARTESIAN_POINT ( 'NONE',  ( -37.80466892440823301, -3.586083817377121896, -14.83657952228005783 ) ) ;
#1927 = ORIENTED_EDGE ( 'NONE', *, *, #1643, .F. ) ;
#1928 = CARTESIAN_POINT ( 'NONE',  ( 32.29331124516315299, 11.86100263228771468, -12.11284140786657915 ) ) ;
#1929 = CARTESIAN_POINT ( 'NONE',  ( -42.01802344554349133, 19.45405018350314208, -3.469446951953614189E-15 ) ) ;
#1930 = CARTESIAN_POINT ( 'NONE',  ( -42.15819656105880853, 19.15339458485959412, -10.82699595272267779 ) ) ;
#1931 = EDGE_LOOP ( 'NONE', ( #1955, #975, #2997, #782, #2120 ) ) ;
#1932 = AXIS2_PLACEMENT_3D ( 'NONE', #3494, #888, #2932 ) ;
#1933 = CONICAL_SURFACE ( 'NONE', #1042, 5.100000000000000533, 0.7853981633974320697 ) ;
#1934 = LINE ( 'NONE', #300, #1349 ) ;
#1935 = CARTESIAN_POINT ( 'NONE',  ( 31.01065926136155326, -7.792160348459035824, -11.51651785008594153 ) ) ;
#1936 = DIRECTION ( 'NONE',  ( 7.677592639748479295E-15, -0.1736481776670532051, 0.9848077530121864820 ) ) ;
#1937 = MECHANICAL_DESIGN_GEOMETRIC_PRESENTATION_REPRESENTATION (  '', ( #2542 ), #736 ) ;
#1938 = SURFACE_SIDE_STYLE ('',( #1401 ) ) ;
#1939 = CARTESIAN_POINT ( 'NONE',  ( 38.16009161923992821, 22.17939430586957172, -10.29343055829240328 ) ) ;
#1940 =( NAMED_UNIT ( * ) PLANE_ANGLE_UNIT ( ) SI_UNIT ( $, .RADIAN. ) );
#1941 = CARTESIAN_POINT ( 'NONE',  ( 41.47768598374587867, 13.02031297254115394, -11.90842371586550996 ) ) ;
#1942 = SURFACE_STYLE_FILL_AREA ( #3372 ) ;
#1943 = SURFACE_SIDE_STYLE ('',( #1647 ) ) ;
#1944 = CARTESIAN_POINT ( 'NONE',  ( 17.01332250666120061, 3.605374879272263300, -13.56853132340973822 ) ) ;
#1945 = EDGE_CURVE ( 'NONE', #330, #499, #3248, .T. ) ;
#1946 =( LENGTH_UNIT ( ) NAMED_UNIT ( * ) SI_UNIT ( .MILLI., .METRE. ) );
#1947 = CARTESIAN_POINT ( 'NONE',  ( 9.179702795172481444, -11.00596130866921918, -16.14490411754761112 ) ) ;
#1948 =( BOUNDED_CURVE ( )  B_SPLINE_CURVE ( 3, ( #2502, #3664, #772, #67 ),
 .UNSPECIFIED., .F., .T. ) 
 B_SPLINE_CURVE_WITH_KNOTS ( ( 4, 4 ),
 ( -5.329070518200751394E-14, 3.141592653589756257 ),
 .UNSPECIFIED. ) 
 CURVE ( )  GEOMETRIC_REPRESENTATION_ITEM ( )  RATIONAL_B_SPLINE_CURVE ( ( 1.000000000000000000, 0.3333333333333278747, 0.3333333333333278747, 1.000000000000000000 ) ) 
 REPRESENTATION_ITEM ( '' )  );
#1949 = CARTESIAN_POINT ( 'NONE',  ( -13.34195076446461670, 41.40558576786916944, -6.903334267275139879 ) ) ;
#1950 = CARTESIAN_POINT ( 'NONE',  ( -23.70447631712219660, 37.86833925681073509, -3.469446951953614189E-15 ) ) ;
#1951 = LINE ( 'NONE', #1692, #217 ) ;
#1952 = CARTESIAN_POINT ( 'NONE',  ( -4.311045049232105519, -11.42455542746721697, 1.301042606982605321E-15 ) ) ;
#1953 = CARTESIAN_POINT ( 'NONE',  ( 25.39785582757069449, -9.212823924202673709, -16.31602583597862832 ) ) ;
#1954 = CARTESIAN_POINT ( 'NONE',  ( -15.13321582687193079, 14.30445431023496461, -10.61955610508005243 ) ) ;
#1955 = ORIENTED_EDGE ( 'NONE', *, *, #1718, .F. ) ;
#1956 = FILL_AREA_STYLE_COLOUR ( '', #3203 ) ;
#1957 = CARTESIAN_POINT ( 'NONE',  ( -3.697951401862455523, 42.28048280621243293, -2.687359866530316221 ) ) ;
#1958 = CARTESIAN_POINT ( 'NONE',  ( 8.039574571549039206, -3.552713678800500929E-15, 0.000000000000000000 ) ) ;
#1959 = CARTESIAN_POINT ( 'NONE',  ( 40.28734535092111457, 4.213937495756840512, -13.46122531467307937 ) ) ;
#1960 = DIRECTION ( 'NONE',  ( 7.677592639748479295E-15, -0.1736481776670532051, 0.9848077530121864820 ) ) ;
#1961 = CARTESIAN_POINT ( 'NONE',  ( 32.03969344078164738, -7.203150721052207217, -11.41265956087707423 ) ) ;
#1962 = ORIENTED_EDGE ( 'NONE', *, *, #1782, .F. ) ;
#1963 = CARTESIAN_POINT ( 'NONE',  ( -31.34242861848809980, -7.942650680308041444, -15.60475980347582770 ) ) ;
#1964 = CARTESIAN_POINT ( 'NONE',  ( 10.22464989576445760, -11.65847887877742650, -12.19825412299417167 ) ) ;
#1965 = CARTESIAN_POINT ( 'NONE',  ( -8.044021686990083353, 7.710913315730452133, -12.84461412672580316 ) ) ;
#1966 = SURFACE_STYLE_FILL_AREA ( #2852 ) ;
#1967 = PRODUCT_DEFINITION ( 'UNKNOWN', '', #2731, #3403 ) ;
#1968 = CARTESIAN_POINT ( 'NONE',  ( -0.1687486820943774890, 43.04957408942694741, -6.613454770214744372 ) ) ;
#1969 = CARTESIAN_POINT ( 'NONE',  ( -15.13321582687193079, 21.58800914464937293, -6.336001270665578389 ) ) ;
#1970 = EDGE_CURVE ( 'NONE', #537, #1873, #922, .T. ) ;
#1971 = FACE_OUTER_BOUND ( 'NONE', #3263, .T. ) ;
#1972 =( BOUNDED_CURVE ( )  B_SPLINE_CURVE ( 3, ( #3145, #2275, #803, #1973 ),
 .UNSPECIFIED., .F., .F. ) 
 B_SPLINE_CURVE_WITH_KNOTS ( ( 4, 4 ),
 ( 3.141592653589756257, 6.283185307179532941 ),
 .UNSPECIFIED. ) 
 CURVE ( )  GEOMETRIC_REPRESENTATION_ITEM ( )  RATIONAL_B_SPLINE_CURVE ( ( 1.000000000000000000, 0.3333333333333210469, 0.3333333333333210469, 1.000000000000000000 ) ) 
 REPRESENTATION_ITEM ( '' )  );
#1973 = CARTESIAN_POINT ( 'NONE',  ( -15.13321582687193079, 21.58800914464937293, -6.336001270665578389 ) ) ;
#1974 =( NAMED_UNIT ( * ) SI_UNIT ( $, .STERADIAN. ) SOLID_ANGLE_UNIT ( ) );
#1975 = VERTEX_POINT ( 'NONE', #1294 ) ;
#1976 = CARTESIAN_POINT ( 'NONE',  ( -37.83116089709621122, 26.66986368214208625, 1.301042606982605124E-15 ) ) ;
#1977 = CARTESIAN_POINT ( 'NONE',  ( 41.13829661210331068, 6.647244530805617835, -13.03216763204594919 ) ) ;
#1978 = MECHANICAL_DESIGN_GEOMETRIC_PRESENTATION_REPRESENTATION (  '', ( #1024 ), #599 ) ;
#1979 = CARTESIAN_POINT ( 'NONE',  ( 8.039574571549039206, 6.685837765422558476, 0.000000000000000000 ) ) ;
#1980 = CARTESIAN_POINT ( 'NONE',  ( 38.37267218112295808, -0.4079558167145435066, -10.21448336006966606 ) ) ;
#1981 = ORIENTED_EDGE ( 'NONE', *, *, #511, .T. ) ;
#1982 = SURFACE_SIDE_STYLE ('',( #2039 ) ) ;
#1983 = DIRECTION ( 'NONE',  ( 0.000000000000000000, -0.7071067811865359154, 0.7071067811865591191 ) ) ;
#1984 = AXIS2_PLACEMENT_3D ( 'NONE', #2770, #1703, #1386 ) ;
#1985 = CARTESIAN_POINT ( 'NONE',  ( -35.90012280634975639, -5.259070532896309658, -15.13157221859315626 ) ) ;
#1986 = AXIS2_PLACEMENT_3D ( 'NONE', #3101, #2269, #1493 ) ;
#1987 = DIRECTION ( 'NONE',  ( 1.000000000000000000, 0.000000000000000000, 0.000000000000000000 ) ) ;
#1988 = CARTESIAN_POINT ( 'NONE',  ( 11.15160602683286939, 41.41962751421786493, 2.602085213965198809E-15 ) ) ;
#1989 = B_SPLINE_CURVE_WITH_KNOTS ( 'NONE', 3,
 ( #2393, #1839, #167, #3051, #3638, #299, #339, #587, #318, #1417, #3729, #2829, #2312, #1434, #260, #1396, #3478, #2893, #2050, #2582, #1471, #3439, #840, #525, #1994, #2616, #42, #3164, #2543, #1177, #2330, #4, #1142, #1453, #2601, #3420, #3497, #3710, #2257, #1968, #2296, #3140, #2873, #544, #565, #1730, #2671, #3534, #2349, #633, #1240, #622, #2435, #994, #2107, #3217, #2709, #2390, #1856, #3300, #3254, #2968, #2947, #688, #1194, #3276, #368, #669, #354, #3009, #389, #1505, #2652, #81, #428, #1219, #931, #1569, #2340, #3591, #2042, #1187, #965, #2983, #420, #348, #2625, #1847, #942, #3545, #1274, #2382, #2081, #3000, #3209, #2363, #1810, #614, #644, #3567, #1546, #3269, #2100, #2699, #1211, #1563, #133, #2961, #663, #2123, #2426, #2063, #3246, #1794, #3292, #403, #363, #51, #680, #924, #3507, #384, #2405, #1773, #1497, #2926, #1521, #1831, #2681, #3526, #115, #1486, #1253, #2667, #97, #905, #1229, #3228, #630, #2943, #2642, #72, #1368, #1608, #2786, #1867, #3041, #2751, #1909, #440, #180, #3072, #1030, #2514, #3060, #490, #1665, #1587, #2803, #1317, #1625, #235, #987, #2767, #2140, #3310, #477, #701, #198, #1336, #2726, #157, #2485, #1941, #2228, #575, #2280, #1423, #517, #1111, #1750, #3171, #307, #826, #1073, #2264, #3407, #2881, #3469, #1977, #3426, #3152, #3113, #554, #1719, #1735, #2532, #2245, #790, #1959, #2861, #13, #2021, #1442, #287, #2569, #808, #1152, #1129, #270, #3130, #3449, #848, #3736, #2590, #2306, #534, #1680, #2818, #2003, #868, #1381, #249, #3186, #592, #2901, #328, #1461, #3679, #3389, #2843, #1700, #3699, #1409, #1098, #2551, #3718, #2994, #1247, #3558, #3522, #414, #2634, #936, #2092, #3485, #655, #2335, #3239, #956, #2320, #1203, #1823, #2397, #1491, #919, #1787, #1768, #2921, #2075, #30, #2609, #2955, #1841, #2116, #1804, #3283, #395, #64, #3259, #2975, #639, #1168, #2355, #3501, #1538, #674, #374, #1512, #2659, #879, #344, #2676, #2036, #3202, #89, #1481, #609, #2621, #108, #47, #1181 ),
 .UNSPECIFIED., .F., .F.,
 ( 4, 1, 1, 1, 1, 2, 2, 1, 1, 1, 1, 1, 2, 2, 1, 1, 1, 1, 2, 2, 1, 2, 2, 1, 1, 1, 1, 2, 2, 1, 1, 1, 1, 2, 2, 2, 1, 1, 1, 1, 1, 2, 2, 1, 1, 1, 2, 2, 1, 1, 1, 1, 1, 1, 2, 2, 1, 1, 2, 2, 1, 1, 1, 1, 2, 2, 1, 1, 1, 1, 1, 1, 2, 2, 1, 1, 1, 2, 2, 1, 1, 1, 1, 1, 1, 2, 2, 2, 1, 1, 1, 1, 2, 2, 1, 1, 1, 1, 1, 2, 2, 1, 1, 1, 1, 1, 1, 2, 2, 2, 2, 1, 1, 1, 2, 2, 1, 1, 2, 2, 1, 1, 1, 1, 2, 2, 1, 1, 1, 1, 1, 1, 2, 2, 1, 1, 1, 2, 2, 1, 1, 1, 1, 1, 2, 2, 1, 1, 1, 1, 2, 2, 1, 1, 1, 1, 1, 2, 2, 1, 1, 1, 2, 2, 1, 1, 1, 1, 1, 2, 2, 1, 1, 1, 1, 2, 2, 1, 1, 2, 2, 1, 1, 1, 1, 2, 2, 1, 1, 1, 1, 1, 2, 2, 1, 1, 1, 1, 1, 2, 2, 1, 1, 1, 1, 1, 1, 2, 2, 1, 1, 1, 1, 1, 1, 2, 2, 4 ),
 ( 0.5000000000000000000, 0.5156249999999943379, 0.5234374999999915623, 0.5273437499999901190, 0.5292968749999893419, 0.5302734374999890088, 0.5312499999999886757, 0.5351562499999872324, 0.5371093749999865663, 0.5380859374999861222, 0.5385742187499860112, 0.5388183593749859002, 0.5389404296874859002, 0.5390624999999857891, 0.5429687499999847899, 0.5449218749999842348, 0.5458984374999840128, 0.5463867187499837907, 0.5466308593749837907, 0.5468749999999836797, 0.5507812499999824585, 0.5527343749999819034, 0.5546874999999813483, 0.5585937499999802380, 0.5605468749999796829, 0.5615234374999793499, 0.5620117187499792388, 0.5622558593749791278, 0.5624999999999790168, 0.5703124999999767963, 0.5742187499999756861, 0.5761718749999751310, 0.5771484374999747979, 0.5776367187499746869, 0.5781249999999744649, 0.5937499999999699130, 0.6015624999999675815, 0.6054687499999664713, 0.6074218749999658051, 0.6083984374999655831, 0.6088867187499654721, 0.6091308593749653610, 0.6093749999999652500, 0.6171874999999629186, 0.6210937499999616973, 0.6230468749999610312, 0.6240234374999606981, 0.6249999999999603650, 0.6328124999999578115, 0.6367187499999565903, 0.6386718749999559241, 0.6396484374999555911, 0.6401367187499553690, 0.6403808593749553690, 0.6405029296874553690, 0.6406249999999553690, 0.6445312499999549249, 0.6464843749999545919, 0.6474609374999544809, 0.6484374999999543698, 0.6523437499999539257, 0.6542968749999537037, 0.6552734374999535927, 0.6557617187499535927, 0.6560058593749534817, 0.6562499999999534817, 0.6640624999999540368, 0.6679687499999543698, 0.6699218749999544809, 0.6708984374999544809, 0.6713867187499545919, 0.6716308593749545919, 0.6717529296874545919, 0.6718749999999545919, 0.6796874999999558131, 0.6835937499999563682, 0.6855468749999565903, 0.6865234374999567013, 0.6874999999999568123, 0.6953124999999578115, 0.6992187499999582556, 0.7011718749999584777, 0.7021484374999585887, 0.7026367187499586997, 0.7028808593749586997, 0.7030029296874586997, 0.7031249999999586997, 0.7187499999999618083, 0.7265624999999632516, 0.7304687499999640288, 0.7324218749999644729, 0.7333984374999646949, 0.7338867187499648059, 0.7343749999999649170, 0.7421874999999674705, 0.7460937499999688027, 0.7480468749999694689, 0.7490234374999698019, 0.7495117187499699130, 0.7497558593749700240, 0.7499999999999702460, 0.7578124999999729106, 0.7617187499999742428, 0.7636718749999749090, 0.7646484374999751310, 0.7651367187499753530, 0.7653808593749755751, 0.7655029296874755751, 0.7656249999999755751, 0.7695312499999764633, 0.7734374999999772404, 0.7773437499999780176, 0.7792968749999784617, 0.7802734374999786837, 0.7807617187499786837, 0.7812499999999789058, 0.7851562499999794609, 0.7871093749999797939, 0.7880859374999799050, 0.7890624999999800160, 0.7929687499999806821, 0.7949218749999809042, 0.7958984374999811262, 0.7963867187499811262, 0.7966308593749811262, 0.7968749999999811262, 0.8046874999999811262, 0.8085937499999811262, 0.8105468749999811262, 0.8115234374999811262, 0.8120117187499811262, 0.8122558593749811262, 0.8123779296874812372, 0.8124999999999812372, 0.8203124999999811262, 0.8242187499999810152, 0.8261718749999809042, 0.8271484374999809042, 0.8281249999999809042, 0.8359374999999804601, 0.8398437499999802380, 0.8417968749999801270, 0.8427734374999800160, 0.8432617187499800160, 0.8435058593749800160, 0.8437499999999800160, 0.8476562499999797939, 0.8496093749999796829, 0.8505859374999796829, 0.8510742187499796829, 0.8513183593749796829, 0.8515624999999797939, 0.8554687499999793499, 0.8574218749999792388, 0.8583984374999791278, 0.8588867187499791278, 0.8591308593749791278, 0.8592529296874791278, 0.8593749999999792388, 0.8632812499999800160, 0.8652343749999804601, 0.8662109374999806821, 0.8666992187499809042, 0.8671874999999809042, 0.8710937499999817923, 0.8730468749999822364, 0.8740234374999825695, 0.8745117187499826805, 0.8747558593749826805, 0.8748779296874827915, 0.8749999999999829026, 0.8789062499999840128, 0.8808593749999844569, 0.8818359374999849010, 0.8823242187499850120, 0.8825683593749850120, 0.8828124999999850120, 0.8867187499999851230, 0.8886718749999853451, 0.8896484374999853451, 0.8906249999999853451, 0.8984374999999856781, 0.9023437499999859002, 0.9042968749999860112, 0.9052734374999860112, 0.9057617187499860112, 0.9062499999999859002, 0.9140624999999857891, 0.9179687499999857891, 0.9199218749999857891, 0.9208984374999857891, 0.9213867187499857891, 0.9216308593749857891, 0.9218749999999857891, 0.9296874999999856781, 0.9335937499999856781, 0.9355468749999855671, 0.9365234374999855671, 0.9370117187499855671, 0.9372558593749855671, 0.9374999999999855671, 0.9453124999999856781, 0.9492187499999857891, 0.9511718749999857891, 0.9521484374999857891, 0.9526367187499857891, 0.9528808593749857891, 0.9530029296874857891, 0.9531249999999857891, 0.9609374999999863443, 0.9648437499999866773, 0.9667968749999866773, 0.9677734374999867883, 0.9682617187499866773, 0.9685058593749867883, 0.9686279296874867883, 0.9687499999999867883, 1.000000000000000000 ),
 .UNSPECIFIED. ) ;
#1990 = CARTESIAN_POINT ( 'NONE',  ( 5.868707698641586035, 25.85871820260354426, -7.000000000000000000 ) ) ;
#1991 = VERTEX_POINT ( 'NONE', #2078 ) ;
#1992 = CARTESIAN_POINT ( 'NONE',  ( 0.6710850799582609438, 43.03082067866021276, -6.616761502513361037 ) ) ;
#1993 = CARTESIAN_POINT ( 'NONE',  ( -32.11718564410062271, 32.50721002801579118, -16.34271213963313230 ) ) ;
#1994 = CARTESIAN_POINT ( 'NONE',  ( -4.322364161634626889, 42.91947762980180414, -6.636394286141292120 ) ) ;
#1995 = FILL_AREA_STYLE ('',( #1397 ) ) ;
#1996 = AXIS2_PLACEMENT_3D ( 'NONE', #1382, #2533, #1100 ) ;
#1997 = CARTESIAN_POINT ( 'NONE',  ( 40.80028550068251292, 16.04846680487438348, -2.602085213965207486E-15 ) ) ;
#1998 = CARTESIAN_POINT ( 'NONE',  ( 41.41918498513820879, 7.790852569347761047, -16.31602583597862477 ) ) ;
#1999 = CARTESIAN_POINT ( 'NONE',  ( 26.29331124516313878, 14.86100263228771823, -7.000000000000000000 ) ) ;
#2000 = DIRECTION ( 'NONE',  ( 0.000000000000000000, 0.000000000000000000, 1.000000000000000000 ) ) ;
#2001 = ORIENTED_EDGE ( 'NONE', *, *, #3632, .T. ) ;
#2002 = CARTESIAN_POINT ( 'NONE',  ( 35.27175144529845596, 26.19676228527506723, -9.585060192088892705 ) ) ;
#2003 = CARTESIAN_POINT ( 'NONE',  ( 38.66772116713764973, 0.8398147323803509812, -14.05617419407937874 ) ) ;
#2004 = FILL_AREA_STYLE_COLOUR ( '', #1452 ) ;
#2005 = CARTESIAN_POINT ( 'NONE',  ( 40.08480596890120751, 17.50174637525799781, -7.056519647171364262 ) ) ;
#2006 = ORIENTED_EDGE ( 'NONE', *, *, #3536, .F. ) ;
#2007 = CARTESIAN_POINT ( 'NONE',  ( 16.82811190669968937, 16.69688416415276322, -7.198438570745176790 ) ) ;
#2008 = DIRECTION ( 'NONE',  ( 0.000000000000000000, -0.9848077530121863710, -0.1736481776670531219 ) ) ;
#2009 = CARTESIAN_POINT ( 'NONE',  ( -31.34859562848076209, -7.940038935583964452, -15.60429928241425124 ) ) ;
#2010 =( NAMED_UNIT ( * ) PLANE_ANGLE_UNIT ( ) SI_UNIT ( $, .RADIAN. ) );
#2011 = CARTESIAN_POINT ( 'NONE',  ( 8.618707698641584258, 25.85871820260354426, -9.644666484532795181 ) ) ;
#2012 = PRESENTATION_STYLE_ASSIGNMENT (( #3726 ) ) ;
#2013 = ORIENTED_EDGE ( 'NONE', *, *, #1237, .T. ) ;
#2014 = CARTESIAN_POINT ( 'NONE',  ( 31.24441269081160044, 30.52378914905682805, -16.31602583597862477 ) ) ;
#2015 =( LENGTH_UNIT ( ) NAMED_UNIT ( * ) SI_UNIT ( .MILLI., .METRE. ) );
#2016 = VERTEX_POINT ( 'NONE', #3242 ) ;
#2017 = ADVANCED_FACE ( 'NONE', ( #2441, #92, #3561, #2223, #3646 ), #2612, .T. ) ;
#2018 = CARTESIAN_POINT ( 'NONE',  ( 17.07002320794624239, 39.57963576403191297, -7.225298518376303214 ) ) ;
#2019 = CARTESIAN_POINT ( 'NONE',  ( -43.29049948443879003, 7.036616285742214316, -12.96351088612411395 ) ) ;
#2020 = EDGE_CURVE ( 'NONE', #628, #996, #2760, .T. ) ;
#2021 = CARTESIAN_POINT ( 'NONE',  ( 40.19863410107703316, 4.002308684567833730, -13.49854118398098102 ) ) ;
#2022 =( NAMED_UNIT ( * ) SI_UNIT ( $, .STERADIAN. ) SOLID_ANGLE_UNIT ( ) );
#2023 = DIRECTION ( 'NONE',  ( 1.000000000000000000, 0.000000000000000000, 0.000000000000000000 ) ) ;
#2024 = ORIENTED_EDGE ( 'NONE', *, *, #2044, .F. ) ;
#2025 = DIRECTION ( 'NONE',  ( -0.000000000000000000, -1.497534851276745554E-16, -1.000000000000000000 ) ) ;
#2026 = CARTESIAN_POINT ( 'NONE',  ( -15.13321582687193079, 14.30445431023496461, -8.519556105080056341 ) ) ;
#2027 = EDGE_CURVE ( 'NONE', #3374, #1780, #2924, .T. ) ;
#2028 =( NAMED_UNIT ( * ) SI_UNIT ( $, .STERADIAN. ) SOLID_ANGLE_UNIT ( ) );
#2029 = DIRECTION ( 'NONE',  ( 7.677518879091899977E-15, -0.1736481776670532051, 0.9848077530121864820 ) ) ;
#2030 = PRESENTATION_STYLE_ASSIGNMENT (( #911 ) ) ;
#2031 = CARTESIAN_POINT ( 'NONE',  ( -30.81243684218990353, -8.862069496928956625, -11.70517169986800532 ) ) ;
#2032 = CARTESIAN_POINT ( 'NONE',  ( 18.85439554104440418, 15.44809042328290083, -11.48034104814363943 ) ) ;
#2033 = VERTEX_POINT ( 'NONE', #1753 ) ;
#2034 = CARTESIAN_POINT ( 'NONE',  ( 10.87929886513627942, 41.49324769508393018, -6.887877104326205924 ) ) ;
#2035 = CARTESIAN_POINT ( 'NONE',  ( -41.06487231165708351, 21.54725688568559150, -10.40489344098858204 ) ) ;
#2036 = CARTESIAN_POINT ( 'NONE',  ( 19.95112401980172834, -10.16329153314147860, -15.99631870029450909 ) ) ;
#2037 = CARTESIAN_POINT ( 'NONE',  ( 18.85439554104440063, 15.44809042328290438, -11.48034104814363765 ) ) ;
#2038 = ORIENTED_EDGE ( 'NONE', *, *, #101, .F. ) ;
#2039 = SURFACE_STYLE_FILL_AREA ( #579 ) ;
#2040 = CARTESIAN_POINT ( 'NONE',  ( -15.13321582687193256, 14.30445431023033009, -7.000000000000000000 ) ) ;
#2041 =( GEOMETRIC_REPRESENTATION_CONTEXT ( 3 ) GLOBAL_UNCERTAINTY_ASSIGNED_CONTEXT ( ( #2917 ) ) GLOBAL_UNIT_ASSIGNED_CONTEXT ( ( #2802, #3714, #1437 ) ) REPRESENTATION_CONTEXT ( 'NONE', 'WORKASPACE' ) );
#2042 = CARTESIAN_POINT ( 'NONE',  ( 18.08680624038608542, 39.17095408650205002, -7.297360124646591117 ) ) ;
#2043 = DIRECTION ( 'NONE',  ( 0.01302837971930257896, -0.9999151270592366858, 0.000000000000000000 ) ) ;
#2044 = EDGE_CURVE ( 'NONE', #744, #1303, #362, .T. ) ;
#2045 = STYLED_ITEM ( 'NONE', ( #308 ), #1908 ) ;
#2046 = CARTESIAN_POINT ( 'NONE',  ( 14.32319225851060196, 40.50928534000981784, 0.000000000000000000 ) ) ;
#2047 = CARTESIAN_POINT ( 'NONE',  ( -4.299364002530429829, -11.42473385770577821, -16.21874501672276736 ) ) ;
#2048 = AXIS2_PLACEMENT_3D ( 'NONE', #1944, #538, #2008 ) ;
#2049 = SURFACE_SIDE_STYLE ('',( #1503 ) ) ;
#2050 = CARTESIAN_POINT ( 'NONE',  ( -5.738840087957285618, 42.76743851875085056, -6.663202883542510335 ) ) ;
#2051 = ORIENTED_EDGE ( 'NONE', *, *, #3463, .T. ) ;
#2052 = MECHANICAL_DESIGN_GEOMETRIC_PRESENTATION_REPRESENTATION (  '', ( #1204 ), #2180 ) ;
#2053 = CARTESIAN_POINT ( 'NONE',  ( -36.38027592592005988, -5.573892276463539019, -11.12537733854898470 ) ) ;
#2054 = CARTESIAN_POINT ( 'NONE',  ( 13.38897245945039494, 40.79556346439467518, -7.010897658211615813 ) ) ;
#2055 = CARTESIAN_POINT ( 'NONE',  ( -40.57503718923542380, 22.45248225205441273, -10.24527778527594180 ) ) ;
#2056 = MECHANICAL_DESIGN_GEOMETRIC_PRESENTATION_REPRESENTATION (  '', ( #2793 ), #1658 ) ;
#2057 = CARTESIAN_POINT ( 'NONE',  ( 5.868707698641586035, 20.75871820261570377, -6.482227638670449821 ) ) ;
#2058 = VECTOR ( 'NONE', #3262, 1000.000000000000227 ) ;
#2059 = CARTESIAN_POINT ( 'NONE',  ( -8.070480344127446415, 9.680356457951697635, -12.49734816378068558 ) ) ;
#2060 = ORIENTED_EDGE ( 'NONE', *, *, #3190, .F. ) ;
#2061 = CARTESIAN_POINT ( 'NONE',  ( -14.71377605422047985, 40.35617260859173427, -3.026667673623285815 ) ) ;
#2062 =( LENGTH_UNIT ( ) NAMED_UNIT ( * ) SI_UNIT ( .MILLI., .METRE. ) );
#2063 = CARTESIAN_POINT ( 'NONE',  ( 28.52864005120099833, 32.79132922289717555, -8.422260114899589922 ) ) ;
#2064 = SURFACE_SIDE_STYLE ('',( #3508 ) ) ;
#2065 = CARTESIAN_POINT ( 'NONE',  ( -4.969162356340901532, -11.44075745923406373, -16.22157041000032507 ) ) ;
#2066 = ORIENTED_EDGE ( 'NONE', *, *, #2580, .F. ) ;
#2067 = EDGE_CURVE ( 'NONE', #165, #2432, #2906, .T. ) ;
#2068 = CARTESIAN_POINT ( 'NONE',  ( -42.32700021521922196, 3.352035802807094456, -13.61320183785326066 ) ) ;
#2069 = ORIENTED_EDGE ( 'NONE', *, *, #2297, .F. ) ;
#2070 = CARTESIAN_POINT ( 'NONE',  ( -11.10592973138083472, -12.21028418448831054, -12.29555228648908560 ) ) ;
#2071 = UNCERTAINTY_MEASURE_WITH_UNIT (LENGTH_MEASURE( 1.000000000000000082E-05 ), #3093, 'distance_accuracy_value', 'NONE');
#2072 = CARTESIAN_POINT ( 'NONE',  ( -41.99682366006685186, 1.858934984130902190, -9.814769349560792833 ) ) ;
#2073 = CARTESIAN_POINT ( 'NONE',  ( 38.32795086923383820, 21.90090595878702118, -10.34253556769589011 ) ) ;
#2074 = CARTESIAN_POINT ( 'NONE',  ( -35.42608058082367251, 29.36014960589777445, -9.027269657033464512 ) ) ;
#2075 = CARTESIAN_POINT ( 'NONE',  ( 29.96693045326466986, -7.609191918798178911, -15.54596202686844464 ) ) ;
#2076 = CARTESIAN_POINT ( 'NONE',  ( -17.34593929789162914, -11.24814128579910033, -16.18760698169613121 ) ) ;
#2077 = CARTESIAN_POINT ( 'NONE',  ( 36.64146768581269242, -2.441606577694063418, -14.63477730611164240 ) ) ;
#2078 = CARTESIAN_POINT ( 'NONE',  ( 10.86870769864158781, 25.85871820260354426, 0.000000000000000000 ) ) ;
#2079 = ORIENTED_EDGE ( 'NONE', *, *, #3698, .T. ) ;
#2080 = CARTESIAN_POINT ( 'NONE',  ( 5.868707698641586035, 22.85871820261570164, -9.644666484600197265 ) ) ;
#2081 = CARTESIAN_POINT ( 'NONE',  ( 22.34139648291785818, 36.99999738908732638, -7.680158364350860190 ) ) ;
#2082 = CARTESIAN_POINT ( 'NONE',  ( 41.29044677311469513, 7.212877114698348358, 0.000000000000000000 ) ) ;
#2083 =( NAMED_UNIT ( * ) PLANE_ANGLE_UNIT ( ) SI_UNIT ( $, .RADIAN. ) );
#2084 = CARTESIAN_POINT ( 'NONE',  ( -18.44083945845247641, 39.92900420320496124, -7.163695436342165657 ) ) ;
#2085 = EDGE_LOOP ( 'NONE', ( #2337, #2772 ) ) ;
#2086 = CARTESIAN_POINT ( 'NONE',  ( -18.22195578665122184, -11.86746620887684145, -12.23510422791692598 ) ) ;
#2087 = APPLICATION_CONTEXT ( 'automotive_design' ) ;
#2088 = EDGE_CURVE ( 'NONE', #3411, #1728, #291, .T. ) ;
#2089 = CARTESIAN_POINT ( 'NONE',  ( -40.98620789225887506, -0.2652049631607270586, -10.18931253306896423 ) ) ;
#2090 = CARTESIAN_POINT ( 'NONE',  ( 40.43589348969133823, 3.801174825825971215, -9.472300062463014925 ) ) ;
#2091 = CARTESIAN_POINT ( 'NONE',  ( -40.31893540538253262, 22.90062654341820547, -10.16625785545797456 ) ) ;
#2092 = CARTESIAN_POINT ( 'NONE',  ( 34.67317172087794575, -4.573027822767869566, -15.01060437887961463 ) ) ;
#2093 = FACE_BOUND ( 'NONE', #480, .T. ) ;
#2094 = CARTESIAN_POINT ( 'NONE',  ( 40.31029946526073360, 4.252120309037509926, -13.45449265448718634 ) ) ;
#2095 = CYLINDRICAL_SURFACE ( 'NONE', #1284, 6.685837765422562029 ) ;
#2096 = EDGE_LOOP ( 'NONE', ( #1529, #2586 ) ) ;
#2097 = CARTESIAN_POINT ( 'NONE',  ( -21.41125010239417037, 6.685837765422569134, -13.02536260350531983 ) ) ;
#2098 = DIRECTION ( 'NONE',  ( 0.000000000000000000, 0.000000000000000000, 1.000000000000000000 ) ) ;
#2099 = CARTESIAN_POINT ( 'NONE',  ( -34.21427473058360391, 29.91800123867636785, -4.867198915398003756 ) ) ;
#2100 = CARTESIAN_POINT ( 'NONE',  ( 25.28831114927071511, 35.11087098275877594, -8.013262319755671825 ) ) ;
#2101 = CARTESIAN_POINT ( 'NONE',  ( -35.66330610682998525, -5.453962830736863943, 1.301042606982608871E-15 ) ) ;
#2102 = CARTESIAN_POINT ( 'NONE',  ( 14.86917716548395774, 40.33961697973320071, -16.31602583597862477 ) ) ;
#2103 = CARTESIAN_POINT ( 'NONE',  ( 32.09069611786023302, 29.71560861369798445, 3.469446951953614189E-15 ) ) ;
#2104 = DIRECTION ( 'NONE',  ( -7.677952559960894179E-15, 0.1736481776670532051, -0.9848077530121864820 ) ) ;
#2105 = CARTESIAN_POINT ( 'NONE',  ( -39.92179181653064290, 23.57635464911171397, -10.04710875879906062 ) ) ;
#2106 = CARTESIAN_POINT ( 'NONE',  ( -36.03552308440578145, 28.72073970069675397, 0.000000000000000000 ) ) ;
#2107 = CARTESIAN_POINT ( 'NONE',  ( 9.607184190131857093, 41.78965728716397621, -6.835612095901872465 ) ) ;
#2108 = CIRCLE ( 'NONE', #2836, 1.999999999999999778 ) ;
#2109 = EDGE_LOOP ( 'NONE', ( #2506, #355, #1259, #902 ) ) ;
#2110 = CIRCLE ( 'NONE', #135, 4.999999999999999112 ) ;
#2111 = CARTESIAN_POINT ( 'NONE',  ( -37.69759898652006314, -4.389736803715541313, -10.91657877934992626 ) ) ;
#2112 = CARTESIAN_POINT ( 'NONE',  ( -40.98620789225887506, 0.4293877475069831084, -14.12854354511772570 ) ) ;
#2113 = CARTESIAN_POINT ( 'NONE',  ( 38.37267218112295808, -0.4079558167145437286, -10.21448336006966606 ) ) ;
#2114 = CARTESIAN_POINT ( 'NONE',  ( -19.08071385959557986, 39.70293038754110171, -7.203558349675550865 ) ) ;
#2115 = EDGE_CURVE ( 'NONE', #1599, #876, #1170, .T. ) ;
#2116 = CARTESIAN_POINT ( 'NONE',  ( 26.89062412031791283, -8.780685162701944435, -15.75252789348648896 ) ) ;
#2117 = COLOUR_RGB ( '',0.000000000000000000, 1.000000000000000000, 0.000000000000000000 ) ;
#2118 = CARTESIAN_POINT ( 'NONE',  ( -16.15896152219777093, -11.33075175426111691, -16.20217343617492389 ) ) ;
#2119 = CARTESIAN_POINT ( 'NONE',  ( 5.868707698641586035, 28.85871820261570875, -9.115685542406984254 ) ) ;
#2120 = ORIENTED_EDGE ( 'NONE', *, *, #706, .F. ) ;
#2121 = DIRECTION ( 'NONE',  ( 7.677952597912911865E-15, -0.1736481776670532329, 0.9848077530121864820 ) ) ;
#2122 = COLOUR_RGB ( '',0.000000000000000000, 1.000000000000000000, 0.000000000000000000 ) ;
#2123 = CARTESIAN_POINT ( 'NONE',  ( 28.26037792450694042, 32.99628681423334342, -8.386120561645977745 ) ) ;
#2124 = CARTESIAN_POINT ( 'NONE',  ( -24.31890782334946621, -10.21727123218118294, 1.301042606982599010E-15 ) ) ;
#2125 = CARTESIAN_POINT ( 'NONE',  ( -1.916735237008761139, 42.36225463470671571, -2.672941286904909397 ) ) ;
#2126 = CARTESIAN_POINT ( 'NONE',  ( -15.81600087419628231, -11.34311156212287841, -16.20435280378404030 ) ) ;
#2127 = ORIENTED_EDGE ( 'NONE', *, *, #2985, .F. ) ;
#2128 = CARTESIAN_POINT ( 'NONE',  ( 39.63817273269517472, 19.37298447297143511, 3.469446951953614189E-15 ) ) ;
#2129 = DIRECTION ( 'NONE',  ( 1.000000000000000000, 0.000000000000000000, -0.000000000000000000 ) ) ;
#2130 = CARTESIAN_POINT ( 'NONE',  ( -30.91963052759050967, 33.47685927195280442, -8.301382671163226590 ) ) ;
#2131 = CARTESIAN_POINT ( 'NONE',  ( -38.36689977043415922, 25.89305135496530852, 0.000000000000000000 ) ) ;
#2132 = CARTESIAN_POINT ( 'NONE',  ( 17.03978116379856189, 1.635931737051021573, -13.91579728635487001 ) ) ;
#2133 = CARTESIAN_POINT ( 'NONE',  ( 38.37267218112295808, 0.2866368939531667714, -14.15371437211842931 ) ) ;
#2134 = CARTESIAN_POINT ( 'NONE',  ( -33.38200278338654670, 31.38095103589257207, -8.670947842270889439 ) ) ;
#2135 = LINE ( 'NONE', #1022, #3506 ) ;
#2136 = CARTESIAN_POINT ( 'NONE',  ( 26.35146291147919229, -8.945869955410902463, -15.78165442923709705 ) ) ;
#2137 = EDGE_LOOP ( 'NONE', ( #2303, #2623, #1555, #563 ) ) ;
#2138 = FACE_OUTER_BOUND ( 'NONE', #3654, .T. ) ;
#2139 = CARTESIAN_POINT ( 'NONE',  ( 8.039574571549039206, 6.685837765422558476, -6.700000000000000178 ) ) ;
#2140 = CARTESIAN_POINT ( 'NONE',  ( 40.67304051457914937, 16.45464236908365407, -11.30285878261439869 ) ) ;
#2141 = CARTESIAN_POINT ( 'NONE',  ( -36.12891037202516031, -5.085685489191440034, -3.145685575832530185E-30 ) ) ;
#2142 = ADVANCED_FACE ( 'NONE', ( #2323 ), #3738, .F. ) ;
#2143 = DIRECTION ( 'NONE',  ( 1.000000000000000000, 0.000000000000000000, 0.000000000000000000 ) ) ;
#2144 = CARTESIAN_POINT ( 'NONE',  ( -29.20423863305977008, -8.768721242204572164, -15.75041833150731385 ) ) ;
#2145 = CARTESIAN_POINT ( 'NONE',  ( 38.48283619986425919, 22.14455746666975600, -6.237866785425707050 ) ) ;
#2146 = CARTESIAN_POINT ( 'NONE',  ( -40.72963172882242588, -0.08515235910216591153, -16.34271213963313585 ) ) ;
#2147 = ORIENTED_EDGE ( 'NONE', *, *, #1672, .T. ) ;
#2148 = ORIENTED_EDGE ( 'NONE', *, *, #1906, .T. ) ;
#2149 = CARTESIAN_POINT ( 'NONE',  ( -41.26510225113455022, 0.2571884599983722541, -10.09720047802136023 ) ) ;
#2150 = CARTESIAN_POINT ( 'NONE',  ( 41.68388624938833686, 9.498331272850558449, -8.467737667535399027 ) ) ;
#2151 = CARTESIAN_POINT ( 'NONE',  ( -24.75691286762070220, 37.28748549805658996, -7.629466454106318629 ) ) ;
#2152 = SURFACE_SIDE_STYLE ('',( #193 ) ) ;
#2153 = CARTESIAN_POINT ( 'NONE',  ( -32.70031282603233791, -7.326742022021934808, -15.49615848936197438 ) ) ;
#2154 = CARTESIAN_POINT ( 'NONE',  ( 14.65955694563457001, -10.72059178910000909, -16.09458577176889094 ) ) ;
#2155 = DIRECTION ( 'NONE',  ( 1.000000000000000000, 0.000000000000000000, 0.000000000000000000 ) ) ;
#2156 = ORIENTED_EDGE ( 'NONE', *, *, #683, .T. ) ;
#2157 = CARTESIAN_POINT ( 'NONE',  ( 41.61596556179391371, 9.077097017206749996, -2.602085213965211036E-15 ) ) ;
#2158 = DIRECTION ( 'NONE',  ( 1.000000000000000000, 0.000000000000000000, 0.000000000000000000 ) ) ;
#2159 = CARTESIAN_POINT ( 'NONE',  ( -43.44404656984374924, 8.022562544484369340, 3.903127820947815962E-15 ) ) ;
#2160 = CARTESIAN_POINT ( 'NONE',  ( 36.34638197836309104, 24.10299102388590242, -5.892542109360892510 ) ) ;
#2161 =( LENGTH_UNIT ( ) NAMED_UNIT ( * ) SI_UNIT ( .MILLI., .METRE. ) );
#2162 = CARTESIAN_POINT ( 'NONE',  ( -8.701387759592510207, -11.49955437724498708, -16.23193789302812817 ) ) ;
#2163 = EDGE_LOOP ( 'NONE', ( #2442, #93 ) ) ;
#2164 = ADVANCED_FACE ( 'NONE', ( #2138 ), #1296, .F. ) ;
#2165 = CARTESIAN_POINT ( 'NONE',  ( 5.868707698641586923, 33.14227303708359074, -4.298672804202492870 ) ) ;
#2166 = CARTESIAN_POINT ( 'NONE',  ( -43.75764340390290386, 10.58312260984359376, 0.000000000000000000 ) ) ;
#2167 = VERTEX_POINT ( 'NONE', #2422 ) ;
#2168 = ORIENTED_EDGE ( 'NONE', *, *, #2115, .F. ) ;
#2169 = COLOUR_RGB ( '',0.000000000000000000, 1.000000000000000000, 0.000000000000000000 ) ;
#2170 = CARTESIAN_POINT ( 'NONE',  ( -41.39628476166168269, 0.5211069142529711762, -10.05066453382940317 ) ) ;
#2171 =( GEOMETRIC_REPRESENTATION_CONTEXT ( 3 ) GLOBAL_UNCERTAINTY_ASSIGNED_CONTEXT ( ( #2605 ) ) GLOBAL_UNIT_ASSIGNED_CONTEXT ( ( #219, #2844, #1369 ) ) REPRESENTATION_CONTEXT ( 'NONE', 'WORKASPACE' ) );
#2172 = CARTESIAN_POINT ( 'NONE',  ( 30.48565666838499411, -7.368232519707177630, -15.50347438354673812 ) ) ;
#2173 = CARTESIAN_POINT ( 'NONE',  ( -17.55927780301978558, 40.22219969514836180, -7.111997160490538761 ) ) ;
#2174 = DIRECTION ( 'NONE',  ( 0.000000000000000000, 1.000000000000000000, 0.000000000000000000 ) ) ;
#2175 = CARTESIAN_POINT ( 'NONE',  ( 26.29331124516313878, 17.86100263228771823, -10.52142161980727586 ) ) ;
#2176 = CARTESIAN_POINT ( 'NONE',  ( 25.96371066561161811, 34.65068469386455519, -8.094405578638742327 ) ) ;
#2177 = CARTESIAN_POINT ( 'NONE',  ( -17.88321582687193256, 14.30445431023033009, -7.000000000000000000 ) ) ;
#2178 = CARTESIAN_POINT ( 'NONE',  ( 26.04150753627467907, -9.052371864255999157, -1.301042606982604532E-15 ) ) ;
#2179 = CARTESIAN_POINT ( 'NONE',  ( -14.71377605422044788, 40.35617260859174138, -3.026667673623281818 ) ) ;
#2180 =( GEOMETRIC_REPRESENTATION_CONTEXT ( 3 ) GLOBAL_UNCERTAINTY_ASSIGNED_CONTEXT ( ( #2632 ) ) GLOBAL_UNIT_ASSIGNED_CONTEXT ( ( #643, #128, #2403 ) ) REPRESENTATION_CONTEXT ( 'NONE', 'WORKASPACE' ) );
#2181 = AXIS2_PLACEMENT_3D ( 'NONE', #506, #1960, #535 ) ;
#2182 = DIRECTION ( 'NONE',  ( 1.000000000000000000, 0.000000000000000000, 0.000000000000000000 ) ) ;
#2183 = CARTESIAN_POINT ( 'NONE',  ( -10.12583515669701129, 41.41165857808577755, -2.840557019442254472 ) ) ;
#2184 = CARTESIAN_POINT ( 'NONE',  ( -24.33359705624121361, -10.20428677054037969, -16.00354726672813754 ) ) ;
#2185 =( GEOMETRIC_REPRESENTATION_CONTEXT ( 3 ) GLOBAL_UNCERTAINTY_ASSIGNED_CONTEXT ( ( #1508 ) ) GLOBAL_UNIT_ASSIGNED_CONTEXT ( ( #2660, #2398, #2995 ) ) REPRESENTATION_CONTEXT ( 'NONE', 'WORKASPACE' ) );
#2186 = CARTESIAN_POINT ( 'NONE',  ( 38.86540518843425929, 20.94511596660284170, 1.301042606982608871E-15 ) ) ;
#2187 = CARTESIAN_POINT ( 'NONE',  ( -29.67799852186701415, -8.600793748121951410, 0.000000000000000000 ) ) ;
#2188 = ORIENTED_EDGE ( 'NONE', *, *, #199, .F. ) ;
#2189 = EDGE_CURVE ( 'NONE', #1325, #2216, #2379, .T. ) ;
#2190 = CARTESIAN_POINT ( 'NONE',  ( 37.47804753084626839, -1.927593603360766350, -10.48243650275948902 ) ) ;
#2191 = EDGE_CURVE ( 'NONE', #2827, #164, #196, .T. ) ;
#2192 = CARTESIAN_POINT ( 'NONE',  ( 31.83265724417808684, -6.662521014834011268, 0.000000000000000000 ) ) ;
#2193 = FILL_AREA_STYLE_COLOUR ( '', #2714 ) ;
#2194 = CARTESIAN_POINT ( 'NONE',  ( 39.01636833782477254, 20.65061274730279095, -10.56299599467725336 ) ) ;
#2195 = CARTESIAN_POINT ( 'NONE',  ( -9.732708171402336461, 42.15376549600323841, -16.34271213963313230 ) ) ;
#2196 = CARTESIAN_POINT ( 'NONE',  ( -14.42837734679706152, 41.16970114112703527, -1.301042606982602757E-15 ) ) ;
#2197 = CARTESIAN_POINT ( 'NONE',  ( -15.13321582687193256, 14.30445431023033009, -6.700000000000000178 ) ) ;
#2198 = CARTESIAN_POINT ( 'NONE',  ( -15.83133272448631779, -11.34220056034269675, -16.20419216959072273 ) ) ;
#2199 = CARTESIAN_POINT ( 'NONE',  ( -4.311045049232105519, -11.42455542746721697, -16.21871355465071574 ) ) ;
#2200 =( BOUNDED_CURVE ( )  B_SPLINE_CURVE ( 3, ( #3055, #2783, #1620, #2742 ),
 .UNSPECIFIED., .F., .T. ) 
 B_SPLINE_CURVE_WITH_KNOTS ( ( 4, 4 ),
 ( 3.141592653589749151, 6.283185307179541823 ),
 .UNSPECIFIED. ) 
 CURVE ( )  GEOMETRIC_REPRESENTATION_ITEM ( )  RATIONAL_B_SPLINE_CURVE ( ( 1.000000000000000000, 0.3333333333333187154, 0.3333333333333187154, 1.000000000000000000 ) ) 
 REPRESENTATION_ITEM ( '' )  );
#2201 = CARTESIAN_POINT ( 'NONE',  ( -21.91869918068293188, -10.73658861600907422, -16.34271213963313230 ) ) ;
#2202 = ORIENTED_EDGE ( 'NONE', *, *, #2617, .T. ) ;
#2203 = CARTESIAN_POINT ( 'NONE',  ( -30.81243684218990353, -8.862069496928956625, -11.70517169986800532 ) ) ;
#2204 = CARTESIAN_POINT ( 'NONE',  ( 36.07816333368519679, -3.137005007835479198, -14.75739481168780820 ) ) ;
#2205 = DIRECTION ( 'NONE',  ( 0.000000000000000000, -0.9848077530121864820, -0.1736481776670531774 ) ) ;
#2206 = DIRECTION ( 'NONE',  ( 0.000000000000000000, 0.000000000000000000, 1.000000000000000000 ) ) ;
#2207 = EDGE_CURVE ( 'NONE', #3405, #222, #3640, .T. ) ;
#2208 = CARTESIAN_POINT ( 'NONE',  ( -15.13321582687193079, 14.30445431023496461, -10.61955610508005243 ) ) ;
#2209 = CARTESIAN_POINT ( 'NONE',  ( -3.697951401862455523, 42.97507551688014615, -6.626590878579079025 ) ) ;
#2210 = CARTESIAN_POINT ( 'NONE',  ( 17.01332250666133916, 0.5009640018782329784, 4.037457646165645286 ) ) ;
#2211 = SURFACE_SIDE_STYLE ('',( #3392 ) ) ;
#2212 = CARTESIAN_POINT ( 'NONE',  ( 36.07816333368519679, -3.831597718503189309, -10.81816379963904673 ) ) ;
#2213 = EDGE_LOOP ( 'NONE', ( #812, #1126, #225, #113 ) ) ;
#2214 = CARTESIAN_POINT ( 'NONE',  ( -19.04305906163065742, 7.567601516973027742, -12.86988386350053482 ) ) ;
#2215 = CARTESIAN_POINT ( 'NONE',  ( -13.53609992018612829, -11.46919301429747406, -6.938893903907228378E-15 ) ) ;
#2216 = VERTEX_POINT ( 'NONE', #176 ) ;
#2217 = CARTESIAN_POINT ( 'NONE',  ( 26.50036990344252885, -8.922929829872044749, -16.31602583597862832 ) ) ;
#2218 = CARTESIAN_POINT ( 'NONE',  ( 14.72541233697160123, -3.552713678800500929E-15, -14.20425619018891439 ) ) ;
#2219 = UNCERTAINTY_MEASURE_WITH_UNIT (LENGTH_MEASURE( 1.000000000000000082E-05 ), #1664, 'distance_accuracy_value', 'NONE');
#2220 = VECTOR ( 'NONE', #1527, 1000.000000000000000 ) ;
#2221 = FACE_OUTER_BOUND ( 'NONE', #1902, .T. ) ;
#2222 = VECTOR ( 'NONE', #475, 1000.000000000000114 ) ;
#2223 = FACE_BOUND ( 'NONE', #3615, .T. ) ;
#2224 = CARTESIAN_POINT ( 'NONE',  ( -6.635196113887154468, 42.65562731423133158, -6.682918215644890303 ) ) ;
#2225 = CARTESIAN_POINT ( 'NONE',  ( -15.13321582687193079, 14.30445431023496461, -8.519556105080056341 ) ) ;
#2226 = CIRCLE ( 'NONE', #1031, 2.000000000000000444 ) ;
#2227 = ADVANCED_FACE ( 'NONE', ( #3017 ), #3630, .T. ) ;
#2228 = CARTESIAN_POINT ( 'NONE',  ( 41.51177941295344453, 12.78136492316367345, -11.95055670395844416 ) ) ;
#2229 = CARTESIAN_POINT ( 'NONE',  ( -15.13321582687193256, 14.30445431023033009, -7.000000000000000000 ) ) ;
#2230 = CARTESIAN_POINT ( 'NONE',  ( 28.88129732355464085, -8.808085899589135792, -11.69565293514129323 ) ) ;
#2231 = DIRECTION ( 'NONE',  ( 1.000000000000000000, 0.000000000000000000, 0.000000000000000000 ) ) ;
#2232 = CARTESIAN_POINT ( 'NONE',  ( -41.64368112034985359, 1.743014565857193388, -13.89691569446527453 ) ) ;
#2233 = VECTOR ( 'NONE', #3247, 1000.000000000000000 ) ;
#2234 = DIRECTION ( 'NONE',  ( -1.734723475976806700E-15, -0.9848077530121863710, -0.1736481776670531219 ) ) ;
#2235 = AXIS2_PLACEMENT_3D ( 'NONE', #3663, #1062, #2630 ) ;
#2236 = CARTESIAN_POINT ( 'NONE',  ( -7.568899989173242027, 42.51628301934040621, -6.707488374442032608 ) ) ;
#2237 = DIRECTION ( 'NONE',  ( 0.000000000000000000, -0.1736481776670532884, 0.9848077530121863710 ) ) ;
#2238 = CARTESIAN_POINT ( 'NONE',  ( -42.61168707652930721, 4.193758202798116841, -13.46478346846808805 ) ) ;
#2239 = DIRECTION ( 'NONE',  ( 0.000000000000000000, 0.000000000000000000, 1.000000000000000000 ) ) ;
#2240 = CIRCLE ( 'NONE', #274, 2.000000000000000000 ) ;
#2241 =( LENGTH_UNIT ( ) NAMED_UNIT ( * ) SI_UNIT ( .MILLI., .METRE. ) );
#2242 = CARTESIAN_POINT ( 'NONE',  ( 40.17681954250829079, 17.94882806288083898, -11.03939353060576423 ) ) ;
#2243 = ORIENTED_EDGE ( 'NONE', *, *, #958, .F. ) ;
#2244 = CARTESIAN_POINT ( 'NONE',  ( -0.5453207134541672163, 43.07264624938488851, -0.000000000000000000 ) ) ;
#2245 = CARTESIAN_POINT ( 'NONE',  ( 40.57866038550571375, 4.943422693130548495, -13.33259739234856234 ) ) ;
#2246 = CARTESIAN_POINT ( 'NONE',  ( 8.039574571549053417, -6.685837765422565582, 0.000000000000000000 ) ) ;
#2247 = CARTESIAN_POINT ( 'NONE',  ( 40.43589348969133823, 3.801174825825971659, -9.472300062463014925 ) ) ;
#2248 = ORIENTED_EDGE ( 'NONE', *, *, #2715, .T. ) ;
#2249 = CARTESIAN_POINT ( 'NONE',  ( -10.07030532133479284, 8.959707056600313635, -8.562711649327333419 ) ) ;
#2250 = DIRECTION ( 'NONE',  ( 0.000000000000000000, 1.497534851276745554E-16, 1.000000000000000000 ) ) ;
#2251 = CARTESIAN_POINT ( 'NONE',  ( -32.83726483152879183, -7.247959677692782599, -15.48226703645924474 ) ) ;
#2252 = DIRECTION ( 'NONE',  ( 1.000000000000000000, 0.000000000000000000, -0.000000000000000000 ) ) ;
#2253 = ADVANCED_FACE ( 'NONE', ( #1925 ), #3703, .F. ) ;
#2254 = CARTESIAN_POINT ( 'NONE',  ( -18.98352708307155723, 2.441761736307013653, -9.712001268078289229 ) ) ;
#2255 = ORIENTED_EDGE ( 'NONE', *, *, #3215, .F. ) ;
#2256 = CARTESIAN_POINT ( 'NONE',  ( -29.85920018606282866, 34.28151735790578414, -16.34271213963313230 ) ) ;
#2257 = CARTESIAN_POINT ( 'NONE',  ( -0.7532049820290031006, 43.05631672476783223, -6.612265861683059853 ) ) ;
#2258 = CARTESIAN_POINT ( 'NONE',  ( -6.169875331185185274, 17.09182493196453834, -11.19050630514108668 ) ) ;
#2259 = CARTESIAN_POINT ( 'NONE',  ( 5.882529105089101762, -11.12396754944169963, -16.31602583597861766 ) ) ;
#2260 = CARTESIAN_POINT ( 'NONE',  ( 8.039574571549053417, -6.685837765422565582, 0.000000000000000000 ) ) ;
#2261 = VERTEX_POINT ( 'NONE', #2516 ) ;
#2262 = CARTESIAN_POINT ( 'NONE',  ( 29.54206597647371879, 32.00792355228941943, -8.560395671466272560 ) ) ;
#2263 = CARTESIAN_POINT ( 'NONE',  ( 1.841054344941284615, 42.94859519105889945, 0.000000000000000000 ) ) ;
#2264 = CARTESIAN_POINT ( 'NONE',  ( 41.61247368621064169, 9.169362869895355317, -12.58745012032449395 ) ) ;
#2265 = PRESENTATION_STYLE_ASSIGNMENT (( #1897 ) ) ;
#2266 = ORIENTED_EDGE ( 'NONE', *, *, #749, .F. ) ;
#2267 = CARTESIAN_POINT ( 'NONE',  ( -39.51609518905775076, -1.719034393751445844, -14.50736833457840547 ) ) ;
#2268 = CARTESIAN_POINT ( 'NONE',  ( -11.10592973138083472, -12.21028418448831054, -12.29555228648908560 ) ) ;
#2269 = DIRECTION ( 'NONE',  ( 0.000000000000000000, 0.000000000000000000, 1.000000000000000000 ) ) ;
#2270 = EDGE_LOOP ( 'NONE', ( #1820, #1752, #2292, #3682 ) ) ;
#2271 = DIRECTION ( 'NONE',  ( -0.9999124886036886428, -0.01302834534158437904, -0.002297248797702641787 ) ) ;
#2272 = CARTESIAN_POINT ( 'NONE',  ( -4.721737243240561099, 42.88521840370692217, -3.469446951953614189E-15 ) ) ;
#2273 = FACE_OUTER_BOUND ( 'NONE', #3597, .T. ) ;
#2274 = CARTESIAN_POINT ( 'NONE',  ( 37.64783440917249635, 22.97258499546991573, -16.31602583597862477 ) ) ;
#2275 = CARTESIAN_POINT ( 'NONE',  ( -2.943690872115425350, 9.204454310215595569, -8.519556105060690498 ) ) ;
#2276 = SURFACE_SIDE_STYLE ('',( #2564 ) ) ;
#2277 = VERTEX_POINT ( 'NONE', #2555 ) ;
#2278 = CARTESIAN_POINT ( 'NONE',  ( 35.27175144529845596, 25.50216957460735756, -5.645829180040130346 ) ) ;
#2279 = CARTESIAN_POINT ( 'NONE',  ( -31.64935670570080717, 32.89658042671646143, -1.301042606982608279E-15 ) ) ;
#2280 = CARTESIAN_POINT ( 'NONE',  ( 41.53544644875752567, 12.60325500394084663, -11.98196228824925669 ) ) ;
#2281 = AXIS2_PLACEMENT_3D ( 'NONE', #3070, #215, #3059 ) ;
#2282 = CARTESIAN_POINT ( 'NONE',  ( -21.13321582687206757, 11.30445431023469638, -12.21097589311220055 ) ) ;
#2283 = CARTESIAN_POINT ( 'NONE',  ( 41.61622347791794851, 11.26710160169861830, -8.155855735882905577 ) ) ;
#2284 = ORIENTED_EDGE ( 'NONE', *, *, #2866, .F. ) ;
#2285 = CARTESIAN_POINT ( 'NONE',  ( 3.118707698641589587, 31.35871820260353715, -8.674868090636236317 ) ) ;
#2286 = DIRECTION ( 'NONE',  ( 0.000000000000000000, -1.000000000000000000, 0.000000000000000000 ) ) ;
#2287 = CIRCLE ( 'NONE', #2589, 4.999999999999997335 ) ;
#2288 = CIRCLE ( 'NONE', #1140, 4.999999999999999112 ) ;
#2289 = CARTESIAN_POINT ( 'NONE',  ( -39.59263289644517414, -1.623801336515440896, -14.49057617713233626 ) ) ;
#2290 = CARTESIAN_POINT ( 'NONE',  ( 26.29331124516313878, 17.86100263228771823, -11.05487952361496795 ) ) ;
#2291 = DIRECTION ( 'NONE',  ( 1.000000000000000000, 0.000000000000000000, 0.000000000000000000 ) ) ;
#2292 = ORIENTED_EDGE ( 'NONE', *, *, #2191, .T. ) ;
#2293 = VECTOR ( 'NONE', #2360, 1000.000000000000114 ) ;
#2294 = EDGE_CURVE ( 'NONE', #1550, #537, #2537, .T. ) ;
#2295 = CARTESIAN_POINT ( 'NONE',  ( 21.29331124516314233, 14.86100263228771823, -7.000000000000000000 ) ) ;
#2296 = CARTESIAN_POINT ( 'NONE',  ( 0.6964020480337613783, 43.02177414608942030, -6.618356650287324783 ) ) ;
#2297 = EDGE_CURVE ( 'NONE', #3302, #1780, #1479, .T. ) ;
#2298 = CARTESIAN_POINT ( 'NONE',  ( 36.63704365288410258, 24.40564764831280442, -16.31602583597862477 ) ) ;
#2299 = CARTESIAN_POINT ( 'NONE',  ( -14.39045858369988728, 16.29012225043021189, -7.270161670858877656 ) ) ;
#2300 = VECTOR ( 'NONE', #2764, 1000.000000000000000 ) ;
#2301 = UNCERTAINTY_MEASURE_WITH_UNIT (LENGTH_MEASURE( 1.000000000000000082E-05 ), #766, 'distance_accuracy_value', 'NONE');
#2302 = EDGE_CURVE ( 'NONE', #996, #3543, #925, .T. ) ;
#2303 = ORIENTED_EDGE ( 'NONE', *, *, #3655, .F. ) ;
#2304 = AXIS2_PLACEMENT_3D ( 'NONE', #2745, #981, #2155 ) ;
#2305 = CARTESIAN_POINT ( 'NONE',  ( -42.73110864366468320, 17.45762351882167707, -11.12600614477280736 ) ) ;
#2306 = CARTESIAN_POINT ( 'NONE',  ( 38.89786599056128580, 1.275828775384678204, -13.97929315432988417 ) ) ;
#2307 = FACE_OUTER_BOUND ( 'NONE', #2213, .T. ) ;
#2308 = EDGE_LOOP ( 'NONE', ( #1148, #2013, #1457, #361, #1874 ) ) ;
#2309 = CARTESIAN_POINT ( 'NONE',  ( 8.618707698641586035, 31.35871820260353715, -8.674868090636236317 ) ) ;
#2310 = SURFACE_SIDE_STYLE ('',( #1102 ) ) ;
#2311 = CARTESIAN_POINT ( 'NONE',  ( -19.01660040449329614, 5.598158374751780464, -13.21714982644563818 ) ) ;
#2312 = CARTESIAN_POINT ( 'NONE',  ( -6.283019843158736073, 42.69578822103118654, -6.675836764206285245 ) ) ;
#2313 = CARTESIAN_POINT ( 'NONE',  ( 11.41050865152905125, -11.60166256930579998, -12.18823587469004366 ) ) ;
#2314 = PLANE ( 'NONE',  #672 ) ;
#2315 = CARTESIAN_POINT ( 'NONE',  ( 7.658759719633471796, 42.21213945284758040, -6.761117091223610487 ) ) ;
#2316 = EDGE_LOOP ( 'NONE', ( #2820, #3465, #3188, #3046 ) ) ;
#2317 = CARTESIAN_POINT ( 'NONE',  ( 34.52225741114045121, 26.40824684350094742, -5.486063310927550063 ) ) ;
#2318 = CARTESIAN_POINT ( 'NONE',  ( -38.08108803365117012, 26.23707817073794146, -9.577951413732428421 ) ) ;
#2319 = ADVANCED_FACE ( 'NONE', ( #1523 ), #36, .F. ) ;
#2320 = CARTESIAN_POINT ( 'NONE',  ( 33.05716907010066308, -5.830240843587459310, -15.23228495494825729 ) ) ;
#2321 = CARTESIAN_POINT ( 'NONE',  ( -9.133215826871923682, 17.30445431023496639, -11.15301400886068528 ) ) ;
#2322 = VERTEX_POINT ( 'NONE', #1775 ) ;
#2323 = FACE_OUTER_BOUND ( 'NONE', #1190, .T. ) ;
#2324 = PLANE ( 'NONE',  #1450 ) ;
#2325 = CARTESIAN_POINT ( 'NONE',  ( -38.77934480738563394, 25.32424769197660197, -9.738908055949282883 ) ) ;
#2326 = CARTESIAN_POINT ( 'NONE',  ( -20.95689340314146420, -1.963556263323217754, 3.602896228907828124 ) ) ;
#2327 = EDGE_LOOP ( 'NONE', ( #3366, #2453, #3651, #2001 ) ) ;
#2328 = PLANE ( 'NONE',  #1932 ) ;
#2329 = CARTESIAN_POINT ( 'NONE',  ( -38.95497807055039630, 25.04979415002449983, -9.787301620346511299 ) ) ;
#2330 = CARTESIAN_POINT ( 'NONE',  ( -2.653644840658333059, 43.02986549993645582, -6.616929926293605213 ) ) ;
#2331 = CARTESIAN_POINT ( 'NONE',  ( 40.95992634295551937, 15.48412340067825532, -1.301042606982608673E-15 ) ) ;
#2332 = CARTESIAN_POINT ( 'NONE',  ( -34.98240140886445460, -5.984932159302330135, -15.25956120758361756 ) ) ;
#2333 = UNCERTAINTY_MEASURE_WITH_UNIT (LENGTH_MEASURE( 1.000000000000000082E-05 ), #2882, 'distance_accuracy_value', 'NONE');
#2334 = CARTESIAN_POINT ( 'NONE',  ( -37.18700317449620485, 27.37318254563921016, -9.377625559536275190 ) ) ;
#2335 = CARTESIAN_POINT ( 'NONE',  ( 33.24396630395175123, -5.697431390811322771, -15.20886706513068276 ) ) ;
#2336 = CARTESIAN_POINT ( 'NONE',  ( 8.618707698641582482, 20.35871820260355136, -10.61446487842935404 ) ) ;
#2337 = ORIENTED_EDGE ( 'NONE', *, *, #26, .T. ) ;
#2338 = SURFACE_STYLE_USAGE ( .BOTH. , #380 ) ;
#2339 = EDGE_CURVE ( 'NONE', #1873, #1325, #2928, .T. ) ;
#2340 = CARTESIAN_POINT ( 'NONE',  ( 17.89312961316142392, 39.25098014646133038, -7.283249371115961601 ) ) ;
#2341 = FILL_AREA_STYLE ('',( #1188 ) ) ;
#2342 = PRESENTATION_LAYER_ASSIGNMENT (  '', '', ( #131 ) ) ;
#2343 = AXIS2_PLACEMENT_3D ( 'NONE', #3719, #2486, #1048 ) ;
#2344 = CARTESIAN_POINT ( 'NONE',  ( 3.071577850913795427, 42.86211394893419424, -16.31602583597862477 ) ) ;
#2345 = CARTESIAN_POINT ( 'NONE',  ( 1.634268917402043053, -11.25123490531952264, -16.18815247029244020 ) ) ;
#2346 =( NAMED_UNIT ( * ) SI_UNIT ( $, .STERADIAN. ) SOLID_ANGLE_UNIT ( ) );
#2347 = CARTESIAN_POINT ( 'NONE',  ( -41.59844383754845154, 20.47292895431314719, -10.59432644141595503 ) ) ;
#2348 = CARTESIAN_POINT ( 'NONE',  ( -39.69719905754902811, 23.96606597847771880, 3.469446951953614189E-15 ) ) ;
#2349 = CARTESIAN_POINT ( 'NONE',  ( 5.108953974763634776, 42.62363266294028818, -6.688559735905884374 ) ) ;
#2350 = ORIENTED_EDGE ( 'NONE', *, *, #2866, .T. ) ;
#2351 = CARTESIAN_POINT ( 'NONE',  ( 12.59357422083296285, -10.83561818707859103, -16.11486802922614459 ) ) ;
#2352 = CIRCLE ( 'NONE', #1151, 2.000000000000000444 ) ;
#2353 = CARTESIAN_POINT ( 'NONE',  ( -35.92430870641906182, 28.81607640688571692, -9.123204441499723316 ) ) ;
#2354 = VECTOR ( 'NONE', #2271, 1000.000000000000227 ) ;
#2355 = CARTESIAN_POINT ( 'NONE',  ( 23.44147980109280383, -9.621839926768853246, -15.90084617334302663 ) ) ;
#2356 = CARTESIAN_POINT ( 'NONE',  ( 29.85002429803159885, 31.73636123107518614, -2.602085213965211036E-15 ) ) ;
#2357 = SURFACE_STYLE_FILL_AREA ( #2922 ) ;
#2358 = VECTOR ( 'NONE', #3421, 1000.000000000000114 ) ;
#2359 = ORIENTED_EDGE ( 'NONE', *, *, #2889, .F. ) ;
#2360 = DIRECTION ( 'NONE',  ( 7.677952597912911865E-15, -0.1736481776670532051, 0.9848077530121863710 ) ) ;
#2361 = MANIFOLD_SOLID_BREP ( 'Ô²½', #1139 ) ;
#2362 =( BOUNDED_CURVE ( )  B_SPLINE_CURVE ( 3, ( #555, #2863, #2321, #3225 ),
 .UNSPECIFIED., .F., .T. ) 
 B_SPLINE_CURVE_WITH_KNOTS ( ( 4, 4 ),
 ( -4.440892098500626162E-14, 3.141592653589749151 ),
 .UNSPECIFIED. ) 
 CURVE ( )  GEOMETRIC_REPRESENTATION_ITEM ( )  RATIONAL_B_SPLINE_CURVE ( ( 1.000000000000000000, 0.3333333333333332038, 0.3333333333333332038, 1.000000000000000000 ) ) 
 REPRESENTATION_ITEM ( '' )  );
#2363 = CARTESIAN_POINT ( 'NONE',  ( 22.74807289859630899, 36.75430189741239673, -7.723481108571613518 ) ) ;
#2364 = CARTESIAN_POINT ( 'NONE',  ( -4.311045049232105519, -11.42455542746721697, 0.000000000000000000 ) ) ;
#2365 = CARTESIAN_POINT ( 'NONE',  ( 20.79318613248166869, 37.89740201614176129, -16.31602583597861411 ) ) ;
#2366 = CARTESIAN_POINT ( 'NONE',  ( -0.9299719309049241378, -11.33029284098403089, -16.20209251738920031 ) ) ;
#2367 = CARTESIAN_POINT ( 'NONE',  ( 41.19724402458710699, 14.91036376678424880, -16.31602583597862832 ) ) ;
#2368 = EDGE_CURVE ( 'NONE', #1013, #346, #218, .T. ) ;
#2369 = CARTESIAN_POINT ( 'NONE',  ( -40.35863052247296423, -0.5906885769128905617, -14.30841052349492237 ) ) ;
#2370 = VERTEX_POINT ( 'NONE', #2626 ) ;
#2371 = CARTESIAN_POINT ( 'NONE',  ( 11.41050865152905125, -10.90706985863809031, -16.12746688673880513 ) ) ;
#2372 =( NAMED_UNIT ( * ) PLANE_ANGLE_UNIT ( ) SI_UNIT ( $, .RADIAN. ) );
#2373 = CARTESIAN_POINT ( 'NONE',  ( 41.43527497464668841, 7.879253584445640612, -12.81493119540719050 ) ) ;
#2374 = CARTESIAN_POINT ( 'NONE',  ( -42.94229099875065003, 16.68359877256453672, -11.26248759127406274 ) ) ;
#2375 = LINE ( 'NONE', #2057, #3692 ) ;
#2376 = SURFACE_SIDE_STYLE ('',( #1223 ) ) ;
#2377 = CARTESIAN_POINT ( 'NONE',  ( 12.29017386491430486, -10.86948486706877226, -16.12083963865550729 ) ) ;
#2378 = ORIENTED_EDGE ( 'NONE', *, *, #951, .T. ) ;
#2379 = LINE ( 'NONE', #2697, #2293 ) ;
#2380 = CARTESIAN_POINT ( 'NONE',  ( -6.169875331185152412, 16.39723222129633129, -7.251275293092334095 ) ) ;
#2381 = CARTESIAN_POINT ( 'NONE',  ( -15.13321582687193256, 14.30445431023033009, -6.700000000000000178 ) ) ;
#2382 = CARTESIAN_POINT ( 'NONE',  ( 21.88156634591058491, 37.27178904176078333, -7.632234162853145598 ) ) ;
#2383 = CARTESIAN_POINT ( 'NONE',  ( -6.675029767943468251, -11.48315384703637143, -0.000000000000000000 ) ) ;
#2384 = CARTESIAN_POINT ( 'NONE',  ( 16.51109275598811266, 39.79689526136760946, 0.000000000000000000 ) ) ;
#2385 = CARTESIAN_POINT ( 'NONE',  ( 5.529060149715072647, -11.13389405382318031, -16.16746211223434671 ) ) ;
#2386 = CARTESIAN_POINT ( 'NONE',  ( 41.65654963028910629, 9.553411066540073548, -16.31602583597862832 ) ) ;
#2387 = FACE_OUTER_BOUND ( 'NONE', #726, .T. ) ;
#2388 = CARTESIAN_POINT ( 'NONE',  ( -32.30282366714726550, 32.36897805987440790, -8.496732020272645514 ) ) ;
#2389 = CARTESIAN_POINT ( 'NONE',  ( -36.03552308440578145, 28.72073970069675397, -16.34271213963313230 ) ) ;
#2390 = CARTESIAN_POINT ( 'NONE',  ( 9.715916759550280446, 41.76445739624516307, -6.840055516581773354 ) ) ;
#2391 = ADVANCED_FACE ( 'NONE', ( #3680 ), #2819, .F. ) ;
#2392 = CARTESIAN_POINT ( 'NONE',  ( -3.994222698720575782, -11.42066257209311075, -16.21802713921619699 ) ) ;
#2393 = CARTESIAN_POINT ( 'NONE',  ( -14.71377605422047985, 41.05076531925945460, -6.965898685672081925 ) ) ;
#2394 = CARTESIAN_POINT ( 'NONE',  ( -40.06054947059715943, -1.094168170209971258, -14.39718756002927158 ) ) ;
#2395 = CARTESIAN_POINT ( 'NONE',  ( 39.19275331048655175, 1.147922887154653626, -9.940139965867807348 ) ) ;
#2396 = CARTESIAN_POINT ( 'NONE',  ( -31.44226183449502798, 33.06069353986436710, -8.374763918177670519 ) ) ;
#2397 = CARTESIAN_POINT ( 'NONE',  ( 30.89754896601167289, -7.152344008080947724, -15.46540741412864683 ) ) ;
#2398 =( NAMED_UNIT ( * ) PLANE_ANGLE_UNIT ( ) SI_UNIT ( $, .RADIAN. ) );
#2399 = CARTESIAN_POINT ( 'NONE',  ( 32.79823670097093213, -6.020139564899740670, -15.26576922311126339 ) ) ;
#2400 = DIRECTION ( 'NONE',  ( 0.000000000000000000, 0.000000000000000000, 1.000000000000000000 ) ) ;
#2401 =( NAMED_UNIT ( * ) SI_UNIT ( $, .STERADIAN. ) SOLID_ANGLE_UNIT ( ) );
#2402 = EDGE_LOOP ( 'NONE', ( #2156, #1385, #1483, #143 ) ) ;
#2403 =( NAMED_UNIT ( * ) SI_UNIT ( $, .STERADIAN. ) SOLID_ANGLE_UNIT ( ) );
#2404 = CARTESIAN_POINT ( 'NONE',  ( -35.03662098874323050, 29.78519762943901128, -8.952322222384919925 ) ) ;
#2405 = CARTESIAN_POINT ( 'NONE',  ( 33.56680530386962857, 28.16041811289859353, -9.238814688855562451 ) ) ;
#2406 = LINE ( 'NONE', #3570, #779 ) ;
#2407 = CARTESIAN_POINT ( 'NONE',  ( 0.1623714406192570125, -11.29689199197103733, -16.19620304652964293 ) ) ;
#2408 = ORIENTED_EDGE ( 'NONE', *, *, #1119, .F. ) ;
#2409 = CARTESIAN_POINT ( 'NONE',  ( 27.15846759260319487, 33.81157387855227370, -16.31602583597862477 ) ) ;
#2410 = AXIS2_PLACEMENT_3D ( 'NONE', #515, #1125, #2834 ) ;
#2411 = DIRECTION ( 'NONE',  ( 0.000000000000000000, 0.000000000000000000, 1.000000000000000000 ) ) ;
#2412 = CARTESIAN_POINT ( 'NONE',  ( -43.65776931137230576, 11.40219302891124187, -12.19374191994588230 ) ) ;
#2413 = AXIS2_PLACEMENT_3D ( 'NONE', #1789, #2810, #2291 ) ;
#2414 = MECHANICAL_DESIGN_GEOMETRIC_PRESENTATION_REPRESENTATION (  '', ( #2045 ), #1081 ) ;
#2415 = ORIENTED_EDGE ( 'NONE', *, *, #1056, .F. ) ;
#2416 = CARTESIAN_POINT ( 'NONE',  ( 41.00508718399175478, 6.173620499896537162, -13.11568032740220247 ) ) ;
#2417 = CARTESIAN_POINT ( 'NONE',  ( -32.23342662642384937, 32.41298846828723157, -8.488971797838498645 ) ) ;
#2418 = CYLINDRICAL_SURFACE ( 'NONE', #897, 3.000000000000002665 ) ;
#2419 = EDGE_CURVE ( 'NONE', #557, #3336, #1922, .T. ) ;
#2420 = CARTESIAN_POINT ( 'NONE',  ( 28.61040947538192825, -8.216608287504788777, -15.65306592118879969 ) ) ;
#2421 = ORIENTED_EDGE ( 'NONE', *, *, #1759, .F. ) ;
#2422 = CARTESIAN_POINT ( 'NONE',  ( 17.03978116379856189, 1.635931737051021129, -13.91579728635486823 ) ) ;
#2423 =( NAMED_UNIT ( * ) SI_UNIT ( $, .STERADIAN. ) SOLID_ANGLE_UNIT ( ) );
#2424 = CARTESIAN_POINT ( 'NONE',  ( -15.13321582687193256, 14.30445431023033009, -7.000000000000000000 ) ) ;
#2425 = AXIS2_PLACEMENT_3D ( 'NONE', #971, #1890, #2129 ) ;
#2426 = CARTESIAN_POINT ( 'NONE',  ( 28.44031177650090925, 32.85913108866213861, -8.410304816622842239 ) ) ;
#2427 = MECHANICAL_DESIGN_GEOMETRIC_PRESENTATION_REPRESENTATION (  '', ( #2604 ), #791 ) ;
#2428 = CARTESIAN_POINT ( 'NONE',  ( -38.71813954981682571, -2.652532727750619213, 1.301042606982605321E-15 ) ) ;
#2429 = CARTESIAN_POINT ( 'NONE',  ( 19.22091778906847281, 37.98033793858760987, -3.445591427647605176 ) ) ;
#2430 = CARTESIAN_POINT ( 'NONE',  ( -30.91703932643513753, -8.119375646908435940, -15.63592118325230551 ) ) ;
#2431 = MECHANICAL_DESIGN_GEOMETRIC_PRESENTATION_REPRESENTATION (  '', ( #2662 ), #85 ) ;
#2432 = VERTEX_POINT ( 'NONE', #3408 ) ;
#2433 = CARTESIAN_POINT ( 'NONE',  ( 23.54331124516314233, 20.36100263228771468, -10.61406207184050565 ) ) ;
#2434 = CARTESIAN_POINT ( 'NONE',  ( -42.62500313147652520, 17.86317098287811689, -16.34271213963314295 ) ) ;
#2435 = CARTESIAN_POINT ( 'NONE',  ( 9.232394121666178677, 41.87482267722253226, -6.820595139811975294 ) ) ;
#2436 = ORIENTED_EDGE ( 'NONE', *, *, #451, .T. ) ;
#2437 = CARTESIAN_POINT ( 'NONE',  ( 39.41026274881443214, 19.82981375163596738, -10.70772500335166555 ) ) ;
#2438 = CARTESIAN_POINT ( 'NONE',  ( -27.94407529019101588, 35.52533259942643440, -7.940181554268642472 ) ) ;
#2439 = PRODUCT_DEFINITION_SHAPE ( 'NONE', 'NONE',  #1967 ) ;
#2440 = CARTESIAN_POINT ( 'NONE',  ( -6.320817256204168899, 20.75871820255872535, -6.482227638613476728 ) ) ;
#2441 = FACE_BOUND ( 'NONE', #1722, .T. ) ;
#2442 = ORIENTED_EDGE ( 'NONE', *, *, #2020, .T. ) ;
#2443 = CARTESIAN_POINT ( 'NONE',  ( 5.868707698641586035, 25.85871820261570520, -9.644666484600197265 ) ) ;
#2444 = CARTESIAN_POINT ( 'NONE',  ( 41.31700598311147843, 7.319448324748858425, -1.301042606982605518E-15 ) ) ;
#2445 = CARTESIAN_POINT ( 'NONE',  ( -16.98549417784315452, 40.41452790623181812, -7.078084507724971886 ) ) ;
#2446 = EDGE_CURVE ( 'NONE', #3716, #1325, #3036, .T. ) ;
#2447 = CARTESIAN_POINT ( 'NONE',  ( -43.18824452882675757, 15.66836261768908223, 2.602085213965210642E-15 ) ) ;
#2448 = CARTESIAN_POINT ( 'NONE',  ( 7.431868137451027145, 41.55881073589758756, -2.814610123750560522 ) ) ;
#2449 = CARTESIAN_POINT ( 'NONE',  ( -19.36197990792172519, -11.04091565065121827, -16.15106751113172479 ) ) ;
#2450 = ORIENTED_EDGE ( 'NONE', *, *, #2191, .F. ) ;
#2451 = CARTESIAN_POINT ( 'NONE',  ( 26.29331124516313878, 22.14455746666921954, -6.237866785425707050 ) ) ;
#2452 = CARTESIAN_POINT ( 'NONE',  ( -33.89720704566768461, -6.671054089919322472, 3.469446951953614189E-15 ) ) ;
#2453 = ORIENTED_EDGE ( 'NONE', *, *, #2115, .T. ) ;
#2454 = ORIENTED_EDGE ( 'NONE', *, *, #620, .T. ) ;
#2455 = CARTESIAN_POINT ( 'NONE',  ( -35.03662098874323050, 29.09060491877130161, -5.013091210336161119 ) ) ;
#2456 = CARTESIAN_POINT ( 'NONE',  ( 26.06269143669757327, -9.721255751289271885, -11.85666941796557694 ) ) ;
#2457 = CARTESIAN_POINT ( 'NONE',  ( -21.97995377148346563, 38.56828769673078483, -7.403626469529188903 ) ) ;
#2458 = FILL_AREA_STYLE_COLOUR ( '', #381 ) ;
#2459 = CARTESIAN_POINT ( 'NONE',  ( 26.92344047937475793, -8.777464265521942366, -15.75195996240486096 ) ) ;
#2460 = DIRECTION ( 'NONE',  ( -0.000000000000000000, -1.497534851276745554E-16, -1.000000000000000000 ) ) ;
#2461 = CARTESIAN_POINT ( 'NONE',  ( -5.467305001130268849, 42.81756912541909088, -6.654363505027691694 ) ) ;
#2462 = CARTESIAN_POINT ( 'NONE',  ( 19.13158153466730127, -10.27173974191465256, -2.602085213965211430E-15 ) ) ;
#2463 =( LENGTH_UNIT ( ) NAMED_UNIT ( * ) SI_UNIT ( .MILLI., .METRE. ) );
#2464 = EDGE_CURVE ( 'NONE', #3243, #3493, #145, .T. ) ;
#2465 = EDGE_CURVE ( 'NONE', #1857, #991, #431, .T. ) ;
#2466 = CARTESIAN_POINT ( 'NONE',  ( -13.77014261268201878, -11.44711012472551381, -1.301042606982611632E-15 ) ) ;
#2467 = CARTESIAN_POINT ( 'NONE',  ( 3.953240331400393437, 42.07340352060623445, -2.723873531728523201 ) ) ;
#2468 = CARTESIAN_POINT ( 'NONE',  ( -18.41786714318533313, -11.14244260453503621, -16.16896945237062155 ) ) ;
#2469 = DIRECTION ( 'NONE',  ( 0.000000000000000000, 0.000000000000000000, 1.000000000000000000 ) ) ;
#2470 = ADVANCED_FACE ( 'NONE', ( #56 ), #1778, .F. ) ;
#2471 = CARTESIAN_POINT ( 'NONE',  ( -43.67377506836510292, 13.20640484237579315, -16.34271213963313585 ) ) ;
#2472 = VERTEX_POINT ( 'NONE', #78 ) ;
#2473 = AXIS2_PLACEMENT_3D ( 'NONE', #2381, #3544, #2158 ) ;
#2474 = CARTESIAN_POINT ( 'NONE',  ( -26.71707055104948836, 35.57452517024595551, -3.869801129239162751 ) ) ;
#2475 = CLOSED_SHELL ( 'NONE', ( #2741, #1117, #226, #1363, #654, #1552, #3371, #201, #2794, #3491, #3235, #1739, #2554, #3441, #1360, #3609, #3256, #2253, #2685, #404, #2640, #46, #2911, #122 ) ) ;
#2476 = STYLED_ITEM ( 'NONE', ( #2265 ), #1624 ) ;
#2477 = CARTESIAN_POINT ( 'NONE',  ( -41.99682366006685186, 2.553527694798612746, -13.75400036160955430 ) ) ;
#2478 = CARTESIAN_POINT ( 'NONE',  ( 37.47804753084626839, -1.233000892693056016, -14.42166751480825226 ) ) ;
#2479 = CARTESIAN_POINT ( 'NONE',  ( -30.70553605716362000, 33.63468453828409821, -8.273553818472409560 ) ) ;
#2480 = STYLED_ITEM ( 'NONE', ( #1881 ), #1121 ) ;
#2481 = LINE ( 'NONE', #2513, #1346 ) ;
#2482 = CARTESIAN_POINT ( 'NONE',  ( -0.6193786144246913317, 43.07357138210739578, -16.34271213963313230 ) ) ;
#2483 = FACE_OUTER_BOUND ( 'NONE', #1542, .T. ) ;
#2484 = VECTOR ( 'NONE', #1465, 1000.000000000000114 ) ;
#2485 = CARTESIAN_POINT ( 'NONE',  ( 41.40079953172339344, 13.50324275271457708, -11.82327016583325729 ) ) ;
#2486 = DIRECTION ( 'NONE',  ( 0.000000000000000000, 0.000000000000000000, 1.000000000000000000 ) ) ;
#2487 = CARTESIAN_POINT ( 'NONE',  ( -12.43469893549409555, 40.95653017708620069, -2.920808436225180493 ) ) ;
#2488 = CARTESIAN_POINT ( 'NONE',  ( -8.725099316143127837, -11.49971663873127703, -16.23196650410609720 ) ) ;
#2489 = FACE_BOUND ( 'NONE', #457, .T. ) ;
#2490 = CARTESIAN_POINT ( 'NONE',  ( -25.14875874082621010, -10.01606987932147597, -16.34271213963313230 ) ) ;
#2491 = PRESENTATION_LAYER_ASSIGNMENT (  '', '', ( #1097 ) ) ;
#2492 = CARTESIAN_POINT ( 'NONE',  ( -42.56596627788521658, 17.36408548787070671, -7.080792975806012635 ) ) ;
#2493 = ORIENTED_EDGE ( 'NONE', *, *, #1233, .T. ) ;
#2494 = ADVANCED_FACE ( 'NONE', ( #2387 ), #947, .T. ) ;
#2495 = CARTESIAN_POINT ( 'NONE',  ( -28.58488847197044436, -9.694649408819564940, -11.85197800193019724 ) ) ;
#2496 = CARTESIAN_POINT ( 'NONE',  ( -43.62979464329870183, 12.29546510692914474, -12.03623395147773678 ) ) ;
#2497 = CARTESIAN_POINT ( 'NONE',  ( 38.08706897021031779, -0.2260372264588138280, -14.24411265185804076 ) ) ;
#2498 = CARTESIAN_POINT ( 'NONE',  ( 28.67348406793210458, -8.190359705383997380, 0.000000000000000000 ) ) ;
#2499 = DIRECTION ( 'NONE',  ( 0.000000000000000000, 0.000000000000000000, 1.000000000000000000 ) ) ;
#2500 = FACE_BOUND ( 'NONE', #1931, .T. ) ;
#2501 = CARTESIAN_POINT ( 'NONE',  ( -24.27798457110162644, 37.53931130966428498, -1.301042606982605518E-15 ) ) ;
#2502 = CARTESIAN_POINT ( 'NONE',  ( -15.13321582687193079, 21.58800914464937293, -6.336001270665578389 ) ) ;
#2503 = CARTESIAN_POINT ( 'NONE',  ( -23.47028309980580474, -10.39003298536792741, -16.03629933596673496 ) ) ;
#2504 = CARTESIAN_POINT ( 'NONE',  ( 5.868707698641586035, 25.85871820261570520, -6.482227638670450709 ) ) ;
#2505 = CARTESIAN_POINT ( 'NONE',  ( -39.39014882007432305, -1.886344848254605910, -16.34271213963312874 ) ) ;
#2506 = ORIENTED_EDGE ( 'NONE', *, *, #313, .F. ) ;
#2507 = CARTESIAN_POINT ( 'NONE',  ( -34.00247544654802567, -7.333488095760850811, -11.43564155663291793 ) ) ;
#2508 = EDGE_CURVE ( 'NONE', #1728, #310, #1460, .T. ) ;
#2509 = SURFACE_SIDE_STYLE ('',( #228 ) ) ;
#2510 = CARTESIAN_POINT ( 'NONE',  ( 32.03969344078164738, -7.203150721052207217, -11.41265956087707423 ) ) ;
#2511 = CARTESIAN_POINT ( 'NONE',  ( 38.57402112392600202, 0.6547972762794205259, -16.31602583597861766 ) ) ;
#2512 = FILL_AREA_STYLE_COLOUR ( '', #2910 ) ;
#2513 = CARTESIAN_POINT ( 'NONE',  ( 26.29331124516313878, 17.86100263228771823, -11.58386046573702721 ) ) ;
#2514 = CARTESIAN_POINT ( 'NONE',  ( 39.58185906452370517, 19.42684775822243992, -10.77877878030172987 ) ) ;
#2515 = CYLINDRICAL_SURFACE ( 'NONE', #3569, 3.000000000000002665 ) ;
#2516 = CARTESIAN_POINT ( 'NONE',  ( -12.38321582687193079, 14.30445431023033009, -7.000000000000000000 ) ) ;
#2517 = DIRECTION ( 'NONE',  ( 1.000000000000000000, 0.000000000000000000, 0.000000000000000000 ) ) ;
#2518 = CARTESIAN_POINT ( 'NONE',  ( -41.46295439423356299, 1.358833491167886098, -13.96465718341062612 ) ) ;
#2519 = CARTESIAN_POINT ( 'NONE',  ( 0.7455782187286721374, -11.97337512808118731, -12.25377882787032569 ) ) ;
#2520 = CARTESIAN_POINT ( 'NONE',  ( 13.43793715189901938, 40.78114765373604911, 2.602085213965204331E-15 ) ) ;
#2521 =( NAMED_UNIT ( * ) PLANE_ANGLE_UNIT ( ) SI_UNIT ( $, .RADIAN. ) );
#2522 = CARTESIAN_POINT ( 'NONE',  ( -4.645773731009244401, 42.89317880939869809, -6.641031477739317346 ) ) ;
#2523 =( NAMED_UNIT ( * ) SI_UNIT ( $, .STERADIAN. ) SOLID_ANGLE_UNIT ( ) );
#2524 = CARTESIAN_POINT ( 'NONE',  ( -3.074035700463168208, -11.39389245733193157, 0.000000000000000000 ) ) ;
#2525 = FILL_AREA_STYLE_COLOUR ( '', #2902 ) ;
#2526 = CIRCLE ( 'NONE', #3201, 2.749999999999997335 ) ;
#2527 = DIRECTION ( 'NONE',  ( -1.000000000000000000, 0.000000000000000000, -0.000000000000000000 ) ) ;
#2528 = STYLED_ITEM ( 'NONE', ( #1792 ), #2017 ) ;
#2529 = CARTESIAN_POINT ( 'NONE',  ( 29.73426794956576558, 31.85031176954864662, -8.588186881241105297 ) ) ;
#2530 = CIRCLE ( 'NONE', #498, 4.999999999999999112 ) ;
#2531 = EDGE_CURVE ( 'NONE', #2664, #858, #2352, .T. ) ;
#2532 = CARTESIAN_POINT ( 'NONE',  ( 40.72522626412180813, 5.348631359921064643, -13.26114817157643699 ) ) ;
#2533 = DIRECTION ( 'NONE',  ( -0.9999124886036887538, -0.01302834534158439986, -0.002297248797702652195 ) ) ;
#2534 =( NAMED_UNIT ( * ) SI_UNIT ( $, .STERADIAN. ) SOLID_ANGLE_UNIT ( ) );
#2535 = ORIENTED_EDGE ( 'NONE', *, *, #2020, .F. ) ;
#2536 =( LENGTH_UNIT ( ) NAMED_UNIT ( * ) SI_UNIT ( .MILLI., .METRE. ) );
#2537 = CIRCLE ( 'NONE', #2716, 1.999999999999999778 ) ;
#2538 = DIRECTION ( 'NONE',  ( -7.677518841139879135E-15, 0.1736481776670532051, -0.9848077530121863710 ) ) ;
#2539 = STYLED_ITEM ( 'NONE', ( #1795 ), #2361 ) ;
#2540 = CARTESIAN_POINT ( 'NONE',  ( -12.38321582687193256, 8.804454310230328318, -12.65179334488037100 ) ) ;
#2541 = CARTESIAN_POINT ( 'NONE',  ( 8.555457358738305373, -11.03115806595563164, -16.14934698568357163 ) ) ;
#2542 = STYLED_ITEM ( 'NONE', ( #1674 ), #3724 ) ;
#2543 = CARTESIAN_POINT ( 'NONE',  ( -3.095161699998703053, 43.00875196468896888, -6.620652812215874761 ) ) ;
#2544 = CARTESIAN_POINT ( 'NONE',  ( 26.29331124516313878, 11.86100263228771468, -11.58386046573702721 ) ) ;
#2545 = CARTESIAN_POINT ( 'NONE',  ( 39.45592509227714118, 2.369828122302939377, 1.301042606982605321E-15 ) ) ;
#2546 = CARTESIAN_POINT ( 'NONE',  ( 25.39785582757069449, -9.212823924202673709, -3.469446951953614189E-15 ) ) ;
#2547 = SURFACE_STYLE_USAGE ( .BOTH. , #1938 ) ;
#2548 = EDGE_LOOP ( 'NONE', ( #594, #532, #400, #342 ) ) ;
#2549 = CARTESIAN_POINT ( 'NONE',  ( 12.02376946124596557, 40.48894051111946624, -3.003257110235571403 ) ) ;
#2550 = DIRECTION ( 'NONE',  ( 0.000000000000000000, -0.9848077530121863710, -0.1736481776670531219 ) ) ;
#2551 = CARTESIAN_POINT ( 'NONE',  ( 36.82299911666633818, -2.178884462389973908, -14.58845230876067234 ) ) ;
#2552 = DIRECTION ( 'NONE',  ( 0.000000000000000000, 1.000000000000000000, 0.000000000000000000 ) ) ;
#2553 = CARTESIAN_POINT ( 'NONE',  ( 41.68388624938833686, 9.498331272850558449, -8.467737667535399027 ) ) ;
#2554 = ADVANCED_FACE ( 'NONE', ( #1174 ), #2328, .F. ) ;
#2555 = CARTESIAN_POINT ( 'NONE',  ( -14.71377605422047985, 41.05076531925945460, -6.965898685672081925 ) ) ;
#2556 = CARTESIAN_POINT ( 'NONE',  ( -36.14143690906032447, -5.068215455377252709, -15.09791931902131523 ) ) ;
#2557 = FILL_AREA_STYLE_COLOUR ( '', #907 ) ;
#2558 = CARTESIAN_POINT ( 'NONE',  ( 31.62360412843182900, 30.16842557880657338, -2.602085213965217741E-15 ) ) ;
#2559 = CARTESIAN_POINT ( 'NONE',  ( -37.36131498032370502, 26.48344504055364723, -5.472803839886528188 ) ) ;
#2560 = CARTESIAN_POINT ( 'NONE',  ( 19.03960614100594029, 1.661988427734189866, -13.91120278875946070 ) ) ;
#2561 = CARTESIAN_POINT ( 'NONE',  ( -32.11718564410062271, 32.50721002801579118, 0.000000000000000000 ) ) ;
#2562 = CARTESIAN_POINT ( 'NONE',  ( 15.35963134874813285, -10.66368505205416817, 0.000000000000000000 ) ) ;
#2563 = UNCERTAINTY_MEASURE_WITH_UNIT (LENGTH_MEASURE( 1.000000000000000082E-05 ), #24, 'distance_accuracy_value', 'NONE');
#2564 = SURFACE_STYLE_FILL_AREA ( #282 ) ;
#2565 = CARTESIAN_POINT ( 'NONE',  ( 16.74912577975749173, 39.71161680015823237, -7.202026700765447487 ) ) ;
#2566 = ORIENTED_EDGE ( 'NONE', *, *, #199, .T. ) ;
#2567 = CARTESIAN_POINT ( 'NONE',  ( 32.95666523366010381, 28.83748205954140786, -9.119430047395368888 ) ) ;
#2568 = CARTESIAN_POINT ( 'NONE',  ( -33.42442211345995418, 31.34738853481870180, 2.602085213965210642E-15 ) ) ;
#2569 = CARTESIAN_POINT ( 'NONE',  ( 39.90530463262042815, 3.327975402746090161, -13.61744433555592337 ) ) ;
#2570 = CARTESIAN_POINT ( 'NONE',  ( -8.039574571549039206, 6.685837765422565582, 0.000000000000000000 ) ) ;
#2571 = CARTESIAN_POINT ( 'NONE',  ( 31.01065926136155326, -7.792160348459035824, -11.51651785008594153 ) ) ;
#2572 = ORIENTED_EDGE ( 'NONE', *, *, #1650, .F. ) ;
#2573 = CARTESIAN_POINT ( 'NONE',  ( -36.87320567251865100, -4.447208474711220383, -14.98841903312151480 ) ) ;
#2574 = EDGE_CURVE ( 'NONE', #1017, #2322, #1594, .T. ) ;
#2575 = CARTESIAN_POINT ( 'NONE',  ( -24.04698449604220301, -10.97306070267588396, -12.07739640547948490 ) ) ;
#2576 = CARTESIAN_POINT ( 'NONE',  ( 0.8687076986415853685, 25.85871820260354426, -7.000000000000000000 ) ) ;
#2577 = CARTESIAN_POINT ( 'NONE',  ( 27.77249607613855176, -9.215736424663798942, -11.76753272141192852 ) ) ;
#2578 = EDGE_CURVE ( 'NONE', #2432, #27, #3064, .T. ) ;
#2579 = ORIENTED_EDGE ( 'NONE', *, *, #841, .T. ) ;
#2580 = EDGE_CURVE ( 'NONE', #3128, #448, #58, .T. ) ;
#2581 = CARTESIAN_POINT ( 'NONE',  ( 1.841054344941284615, 42.94859519105889945, -6.631260074479381039 ) ) ;
#2582 = CARTESIAN_POINT ( 'NONE',  ( -5.285845392818192323, 42.82236013198428282, -6.653518721305418993 ) ) ;
#2583 = CARTESIAN_POINT ( 'NONE',  ( 40.27410496219663827, 17.72418804129573289, -2.602085213965217347E-15 ) ) ;
#2584 = CARTESIAN_POINT ( 'NONE',  ( 41.60315157773479200, 8.960622466483862070, 6.938893903907228378E-15 ) ) ;
#2585 = CARTESIAN_POINT ( 'NONE',  ( 12.59357422083296285, -11.53021089774630070, -12.17563701717738311 ) ) ;
#2586 = ORIENTED_EDGE ( 'NONE', *, *, #1848, .F. ) ;
#2587 = CARTESIAN_POINT ( 'NONE',  ( 26.73066769563096656, 33.42707912282635618, -4.248453807014985095 ) ) ;
#2588 = CARTESIAN_POINT ( 'NONE',  ( -42.40760338261515727, 3.649298975100879527, -13.56078632021146646 ) ) ;
#2589 = AXIS2_PLACEMENT_3D ( 'NONE', #794, #1115, #2231 ) ;
#2590 = CARTESIAN_POINT ( 'NONE',  ( 39.13681662755895019, 1.737381397257863336, -13.89790897407684689 ) ) ;
#2591 =( GEOMETRIC_REPRESENTATION_CONTEXT ( 3 ) GLOBAL_UNCERTAINTY_ASSIGNED_CONTEXT ( ( #2219 ) ) GLOBAL_UNIT_ASSIGNED_CONTEXT ( ( #1664, #1940, #3678 ) ) REPRESENTATION_CONTEXT ( 'NONE', 'WORKASPACE' ) );
#2592 = PRESENTATION_STYLE_ASSIGNMENT (( #2903 ) ) ;
#2593 = CARTESIAN_POINT ( 'NONE',  ( 41.66199302982879260, 10.67412697418638601, -8.260413161588862963 ) ) ;
#2594 = ORIENTED_EDGE ( 'NONE', *, *, #2465, .T. ) ;
#2595 = STYLED_ITEM ( 'NONE', ( #1321 ), #316 ) ;
#2596 = CIRCLE ( 'NONE', #3634, 3.000000000000002665 ) ;
#2597 = CARTESIAN_POINT ( 'NONE',  ( -39.85730390706935111, -1.288883291101326156, -14.43152108939964329 ) ) ;
#2598 = VECTOR ( 'NONE', #3430, 1000.000000000000114 ) ;
#2599 = DIRECTION ( 'NONE',  ( -0.000000000000000000, -1.497534851276745554E-16, -1.000000000000000000 ) ) ;
#2600 = CARTESIAN_POINT ( 'NONE',  ( -19.23317553945886615, 38.96650307432598481, -3.271703906782903903 ) ) ;
#2601 = CARTESIAN_POINT ( 'NONE',  ( -1.001047944114922483, 43.05842011619736098, -6.611894977023040632 ) ) ;
#2602 = MECHANICAL_DESIGN_GEOMETRIC_PRESENTATION_REPRESENTATION (  '', ( #1588 ), #269 ) ;
#2603 = CARTESIAN_POINT ( 'NONE',  ( -21.73632775784836113, -11.42003533946909499, -12.15621009363849581 ) ) ;
#2604 = STYLED_ITEM ( 'NONE', ( #3167 ), #3369 ) ;
#2605 = UNCERTAINTY_MEASURE_WITH_UNIT (LENGTH_MEASURE( 1.000000000000000082E-05 ), #219, 'distance_accuracy_value', 'NONE');
#2606 = ORIENTED_EDGE ( 'NONE', *, *, #635, .T. ) ;
#2607 = CARTESIAN_POINT ( 'NONE',  ( 17.07002320794624239, 38.88504305336419975, -3.286067506327540411 ) ) ;
#2608 = CARTESIAN_POINT ( 'NONE',  ( -38.09333694535073533, 26.22103942793228626, -9.580779476825712848 ) ) ;
#2609 = CARTESIAN_POINT ( 'NONE',  ( 28.63671667539877674, -8.189646867571161337, -15.64831189542293899 ) ) ;
#2610 = CARTESIAN_POINT ( 'NONE',  ( 10.86870769864158781, 25.85871820260354426, -6.700000000000000178 ) ) ;
#2611 = EDGE_LOOP ( 'NONE', ( #3081, #1771, #2931, #1444 ) ) ;
#2612 = PLANE ( 'NONE',  #3212 ) ;
#2613 = CARTESIAN_POINT ( 'NONE',  ( -6.143416674047684545, 12.01797091234925929, 6.068216701489189902 ) ) ;
#2614 = CARTESIAN_POINT ( 'NONE',  ( -1.577471569587904465, -11.34946266881454235, -16.20547267525125079 ) ) ;
#2615 = CARTESIAN_POINT ( 'NONE',  ( -33.17890745899654092, 31.58996562676848185, -8.634092930536624522 ) ) ;
#2616 = CARTESIAN_POINT ( 'NONE',  ( -4.306594385493012211, 42.92089434178503637, -6.636144481594751454 ) ) ;
#2617 = EDGE_CURVE ( 'NONE', #991, #3472, #1630, .T. ) ;
#2618 = ORIENTED_EDGE ( 'NONE', *, *, #1718, .T. ) ;
#2619 = CARTESIAN_POINT ( 'NONE',  ( 30.43247857120258359, 31.25407726154646326, -8.693319111831254276 ) ) ;
#2620 = CARTESIAN_POINT ( 'NONE',  ( -40.13141203975963123, 23.21889437632316344, -10.11013864942518303 ) ) ;
#2621 = CARTESIAN_POINT ( 'NONE',  ( 19.67153576428859196, -10.19845270552973027, -16.00251856365990122 ) ) ;
#2622 = CARTESIAN_POINT ( 'NONE',  ( -15.13321582687193256, 14.30445431023033009, 0.000000000000000000 ) ) ;
#2623 = ORIENTED_EDGE ( 'NONE', *, *, #1241, .F. ) ;
#2624 = DIRECTION ( 'NONE',  ( 0.000000000000000000, -0.9848077530121864820, -0.1736481776670531774 ) ) ;
#2625 = CARTESIAN_POINT ( 'NONE',  ( 19.67745554963787313, 38.45021587656518136, -7.424445717086086916 ) ) ;
#2626 = CARTESIAN_POINT ( 'NONE',  ( -14.71377605422047985, 40.35617260859173427, -3.026667673623284927 ) ) ;
#2627 = CARTESIAN_POINT ( 'NONE',  ( 4.302684022786353424, 42.72762848856733342, -16.31602583597862832 ) ) ;
#2628 = CARTESIAN_POINT ( 'NONE',  ( -5.164555048046906904, -11.44519870364707970, -16.22235352121825969 ) ) ;
#2629 = ORIENTED_EDGE ( 'NONE', *, *, #1653, .F. ) ;
#2630 = DIRECTION ( 'NONE',  ( 0.000000000000000000, 1.000000000000000000, 0.000000000000000000 ) ) ;
#2631 = CARTESIAN_POINT ( 'NONE',  ( -24.04698449604220301, -10.27846799200817429, -16.01662741752824815 ) ) ;
#2632 = UNCERTAINTY_MEASURE_WITH_UNIT (LENGTH_MEASURE( 1.000000000000000082E-05 ), #643, 'distance_accuracy_value', 'NONE');
#2633 = CARTESIAN_POINT ( 'NONE',  ( -40.18808845779557259, 23.12358159114494072, -10.12694486505857761 ) ) ;
#2634 = CARTESIAN_POINT ( 'NONE',  ( 35.72787558015461684, -3.512289233841653147, -14.82356754617317662 ) ) ;
#2635 = CARTESIAN_POINT ( 'NONE',  ( 37.31249241148746165, 23.46593920690917301, 3.017290246206626296E-30 ) ) ;
#2636 = DIRECTION ( 'NONE',  ( 1.000000000000000000, 0.000000000000000000, 0.000000000000000000 ) ) ;
#2637 = ORIENTED_EDGE ( 'NONE', *, *, #2574, .F. ) ;
#2638 = DIRECTION ( 'NONE',  ( 0.000000000000000000, 0.000000000000000000, 1.000000000000000000 ) ) ;
#2639 = CARTESIAN_POINT ( 'NONE',  ( -36.61010454681757409, 27.37329471606719977, -5.315899333318816034 ) ) ;
#2640 = ADVANCED_FACE ( 'NONE', ( #3047, #162 ), #463, .T. ) ;
#2641 = STYLED_ITEM ( 'NONE', ( #789 ), #1522 ) ;
#2642 = CARTESIAN_POINT ( 'NONE',  ( 37.95751020290633448, 22.48806280636399535, -10.23900397356320546 ) ) ;
#2643 = DIRECTION ( 'NONE',  ( 0.000000000000000000, 0.000000000000000000, 1.000000000000000000 ) ) ;
#2644 = AXIS2_PLACEMENT_3D ( 'NONE', #514, #3713, #280 ) ;
#2645 = AXIS2_PLACEMENT_3D ( 'NONE', #2225, #3388, #3648 ) ;
#2646 = CARTESIAN_POINT ( 'NONE',  ( 8.409501200524651665, 42.05356941156045991, 0.000000000000000000 ) ) ;
#2647 = CARTESIAN_POINT ( 'NONE',  ( -5.075075094990872060, -11.44317938506170051, -16.22199746086901584 ) ) ;
#2648 = CARTESIAN_POINT ( 'NONE',  ( 35.93663926294452438, 25.33650528872029994, -16.31602583597862122 ) ) ;
#2649 = VECTOR ( 'NONE', #214, 1000.000000000000000 ) ;
#2650 = CARTESIAN_POINT ( 'NONE',  ( -12.38321582687192901, 19.80445431023033009, -10.71219655708725149 ) ) ;
#2651 = CARTESIAN_POINT ( 'NONE',  ( -39.28594577289290157, 24.56628265946406486, -9.872557741614887306 ) ) ;
#2652 = CARTESIAN_POINT ( 'NONE',  ( 16.48924639278604687, 39.78907616360770305, -7.188368525081217264 ) ) ;
#2653 = APPLICATION_PROTOCOL_DEFINITION ( 'draft international standard', 'automotive_design', 1998, #2087 ) ;
#2654 = PRESENTATION_LAYER_ASSIGNMENT (  '', '', ( #265 ) ) ;
#2655 = CARTESIAN_POINT ( 'NONE',  ( -24.04698449604220301, -10.97306070267588396, -12.07739640547948490 ) ) ;
#2656 = CARTESIAN_POINT ( 'NONE',  ( 40.08480596890120751, 18.19633908592570748, -10.99575065922012485 ) ) ;
#2657 = CARTESIAN_POINT ( 'NONE',  ( -42.91466085473140879, 16.78755598788605496, -11.24415712937354783 ) ) ;
#2658 = STYLED_ITEM ( 'NONE', ( #1266 ), #3100 ) ;
#2659 = CARTESIAN_POINT ( 'NONE',  ( 22.66357611639826430, -9.765997837816319915, -15.92626510254328132 ) ) ;
#2660 =( LENGTH_UNIT ( ) NAMED_UNIT ( * ) SI_UNIT ( .MILLI., .METRE. ) );
#2661 = CARTESIAN_POINT ( 'NONE',  ( 22.88081076809133307, -9.742707560518239163, -15.92215839826063828 ) ) ;
#2662 = STYLED_ITEM ( 'NONE', ( #1068 ), #3728 ) ;
#2663 = CARTESIAN_POINT ( 'NONE',  ( 14.72541233697160301, -3.916473087158308442, -14.89483606467350185 ) ) ;
#2664 = VERTEX_POINT ( 'NONE', #1854 ) ;
#2665 = DIRECTION ( 'NONE',  ( -7.677085236174923462E-15, 0.1736481776670531774, -0.9848077530121863710 ) ) ;
#2666 = CARTESIAN_POINT ( 'NONE',  ( -26.71707055104948836, 36.26911788091366873, -7.809032141287922890 ) ) ;
#2667 = CARTESIAN_POINT ( 'NONE',  ( 35.96511334764088019, 25.29398018274658355, -9.744245034467871491 ) ) ;
#2668 = CARTESIAN_POINT ( 'NONE',  ( -4.311045049232105519, -11.42455542746721697, 1.301042606982605321E-15 ) ) ;
#2669 = FACE_OUTER_BOUND ( 'NONE', #1501, .T. ) ;
#2670 = CARTESIAN_POINT ( 'NONE',  ( 33.70809352724067054, 28.03012491307094933, 0.000000000000000000 ) ) ;
#2671 = CARTESIAN_POINT ( 'NONE',  ( 2.748975719778661286, 42.87620062141701283, -6.644025190363936240 ) ) ;
#2672 = CARTESIAN_POINT ( 'NONE',  ( -32.43853064035423728, -8.151582031741620327, -11.57989359030031196 ) ) ;
#2673 = UNCERTAINTY_MEASURE_WITH_UNIT (LENGTH_MEASURE( 1.000000000000000082E-05 ), #1063, 'distance_accuracy_value', 'NONE');
#2674 = CARTESIAN_POINT ( 'NONE',  ( 37.37604811720220965, 23.37204182159420185, -10.08313462279515704 ) ) ;
#2675 = CARTESIAN_POINT ( 'NONE',  ( -25.58324903497784675, 36.86676968588140824, -7.703650003003524205 ) ) ;
#2676 = CARTESIAN_POINT ( 'NONE',  ( 20.23490499367030182, -10.12678066970978286, -15.98988084998253001 ) ) ;
#2677 = CARTESIAN_POINT ( 'NONE',  ( -23.18922439923219159, -10.45946789322342241, -16.04854258361813280 ) ) ;
#2678 = CARTESIAN_POINT ( 'NONE',  ( 41.57865028978029898, 8.762979861610819654, -12.65910640918198915 ) ) ;
#2679 = VERTEX_POINT ( 'NONE', #2199 ) ;
#2680 = CARTESIAN_POINT ( 'NONE',  ( -29.70128410366053373, 33.70033969363841209, -4.200270595617024760 ) ) ;
#2681 = CARTESIAN_POINT ( 'NONE',  ( 35.34003627051842500, 26.09167805699625120, -9.603589376783759235 ) ) ;
#2682 = CARTESIAN_POINT ( 'NONE',  ( -23.16976195628769020, -10.46336291713175903, -1.301042606982617548E-15 ) ) ;
#2683 = ORIENTED_EDGE ( 'NONE', *, *, #932, .T. ) ;
#2684 = CARTESIAN_POINT ( 'NONE',  ( 34.47783250310131820, 27.15282986585152969, -16.31602583597862122 ) ) ;
#2685 = ADVANCED_FACE ( 'NONE', ( #2733, #185 ), #3352, .T. ) ;
#2686 = CARTESIAN_POINT ( 'NONE',  ( -20.13321582687193256, 14.30445431023033009, -6.700000000000000178 ) ) ;
#2687 = CARTESIAN_POINT ( 'NONE',  ( -24.42255696446039437, 37.46924781063649590, -7.597416854322101898 ) ) ;
#2688 = VERTEX_POINT ( 'NONE', #425 ) ;
#2689 = EDGE_CURVE ( 'NONE', #164, #2827, #1201, .T. ) ;
#2690 = ORIENTED_EDGE ( 'NONE', *, *, #2982, .T. ) ;
#2691 = CARTESIAN_POINT ( 'NONE',  ( 41.66047850185354662, 8.914888832213621939, -8.570614311510091454 ) ) ;
#2692 = CARTESIAN_POINT ( 'NONE',  ( -15.13321582687193079, 17.30445431023496639, -10.61955610508005243 ) ) ;
#2693 = SURFACE_STYLE_FILL_AREA ( #3370 ) ;
#2694 = CARTESIAN_POINT ( 'NONE',  ( 5.868707698641586923, 33.14227303708359074, -4.298672804202492870 ) ) ;
#2695 = CARTESIAN_POINT ( 'NONE',  ( 5.868707698641586035, 25.85871820261570520, -8.582227638670445913 ) ) ;
#2696 = VERTEX_POINT ( 'NONE', #1836 ) ;
#2697 = CARTESIAN_POINT ( 'NONE',  ( -8.143241651255163305, 14.40173238839190972, -7.603135753632856542 ) ) ;
#2698 = CARTESIAN_POINT ( 'NONE',  ( -22.51688702016916466, 37.65514396855707702, -3.502931898527685828 ) ) ;
#2699 = CARTESIAN_POINT ( 'NONE',  ( 25.48867845959610179, 34.97436762180089431, -8.037331545249953635 ) ) ;
#2700 = CARTESIAN_POINT ( 'NONE',  ( -43.25753841390328347, 6.854990110220549049, 3.903127820947815962E-15 ) ) ;
#2701 = CARTESIAN_POINT ( 'NONE',  ( 1.617236944924499431, 42.28329652632157121, -2.686863731758912355 ) ) ;
#2702 = FILL_AREA_STYLE ('',( #3629 ) ) ;
#2703 = CARTESIAN_POINT ( 'NONE',  ( -25.75915245459027858, -9.843354404915377387, -15.93990515245746487 ) ) ;
#2704 = CARTESIAN_POINT ( 'NONE',  ( 37.64783440917249635, 22.97258499546991573, 0.000000000000000000 ) ) ;
#2705 =( GEOMETRIC_REPRESENTATION_CONTEXT ( 3 ) GLOBAL_UNCERTAINTY_ASSIGNED_CONTEXT ( ( #1438 ) ) GLOBAL_UNIT_ASSIGNED_CONTEXT ( ( #518, #813, #3474 ) ) REPRESENTATION_CONTEXT ( 'NONE', 'WORKASPACE' ) );
#2706 = CIRCLE ( 'NONE', #3083, 3.000000000000002665 ) ;
#2707 = CARTESIAN_POINT ( 'NONE',  ( 0.000000000000000000, 42.55875170117194273, -6.700000000000000178 ) ) ;
#2708 = CARTESIAN_POINT ( 'NONE',  ( -41.20178410885750964, 0.7758132622511972887, 3.469446951953614189E-15 ) ) ;
#2709 = CARTESIAN_POINT ( 'NONE',  ( 9.696308173901565297, 41.76901787607061323, -6.839251380943569103 ) ) ;
#2710 = ORIENTED_EDGE ( 'NONE', *, *, #574, .T. ) ;
#2711 = ORIENTED_EDGE ( 'NONE', *, *, #3190, .T. ) ;
#2712 = STYLED_ITEM ( 'NONE', ( #3074 ), #1646 ) ;
#2713 = B_SPLINE_CURVE_WITH_KNOTS ( 'NONE', 3,
 ( #657, #377, #397, #125, #91, #2377, #2154, #2721, #2744, #1514, #2661, #1883, #980, #2136, #2459, #2420, #675, #173, #3623, #2399, #1842, #3542, #3306, #2077, #1807, #1267, #1559, #3603, #152, #693, #1292, #938, #2094, #3261, #3322, #1248, #1826, #2678, #3560, #2977, #1540, #110, #960, #3110, #3661, #2765, #2242, #768, #3644, #2194, #531, #1939, #233, #1366, #1071, #805, #3387, #1678, #751, #247, #1045, #2529, #1696, #2839, #1404, #2176, #3359, #1476, #283, #3197, #2877, #571, #2565, #1746, #2054, #846, #1733, #2315, #1285, #998, #3555, #636 ),
 .UNSPECIFIED., .F., .F.,
 ( 4, 2, 2, 2, 2, 2, 2, 2, 2, 2, 2, 2, 2, 2, 2, 2, 2, 2, 2, 2, 2, 2, 2, 2, 2, 2, 2, 2, 2, 2, 2, 2, 2, 2, 2, 2, 2, 2, 2, 2, 4 ),
 ( 0.2100660056984358925, 0.2171630477943294613, 0.2242600898902230577, 0.2313571319861166264, 0.2349056530340634108, 0.2384541740820101952, 0.2402284346059835873, 0.2420026951299569518, 0.2455512161779037084, 0.2473254767018771005, 0.2490997372258504650, 0.2526482582737972216, 0.2544225187977706137, 0.2561967793217439504, 0.2579710398457173426, 0.2597453003696907348, 0.2615195608936641269, 0.2632938214176375191, 0.2650680819416109113, 0.2668423424655842480, 0.2686166029895576401, 0.2703908635135310323, 0.2739393845614778167, 0.2757136450854511533, 0.2774879056094245455, 0.2792621661333979377, 0.2810364266573713299, 0.2828106871813447221, 0.2845849477053180587, 0.2881334687532648431, 0.2916819898012116274, 0.2952305108491584118, 0.2970047713731317485, 0.2987790318971051406, 0.3023275529450519250, 0.3058760739929987094, 0.3094245950409454937, 0.3129731160888922781, 0.3165216371368390069, 0.3200701581847857913, 0.3236186792327325756 ),
 .UNSPECIFIED. ) ;
#2714 = COLOUR_RGB ( '',0.000000000000000000, 1.000000000000000000, 0.000000000000000000 ) ;
#2715 = EDGE_CURVE ( 'NONE', #2370, #2277, #446, .T. ) ;
#2716 = AXIS2_PLACEMENT_3D ( 'NONE', #2249, #478, #3721 ) ;
#2717 = CARTESIAN_POINT ( 'NONE',  ( -41.39628476166168269, 1.215699624920680844, -13.98989554587816464 ) ) ;
#2718 = CARTESIAN_POINT ( 'NONE',  ( -30.87496532011513750, 33.50496664923762324, -8.296426582191864796 ) ) ;
#2719 =( NAMED_UNIT ( * ) SI_UNIT ( $, .STERADIAN. ) SOLID_ANGLE_UNIT ( ) );
#2720 = CARTESIAN_POINT ( 'NONE',  ( -12.60254217316644443, -11.47895999558461178, -16.22830654788360150 ) ) ;
#2721 = CARTESIAN_POINT ( 'NONE',  ( 18.19355520034943652, -10.37744340467027016, -16.03407945320740779 ) ) ;
#2722 = EDGE_LOOP ( 'NONE', ( #2618, #444, #2415, #1843 ) ) ;
#2723 = FILL_AREA_STYLE ('',( #1005 ) ) ;
#2724 = CARTESIAN_POINT ( 'NONE',  ( -29.70128410366053373, 34.39493240430612531, -8.139501607665785343 ) ) ;
#2725 = AXIS2_PLACEMENT_3D ( 'NONE', #3622, #1070, #2527 ) ;
#2726 = CARTESIAN_POINT ( 'NONE',  ( 40.99094137267863402, 15.36889167076562757, -11.49430592505106574 ) ) ;
#2727 = AXIS2_PLACEMENT_3D ( 'NONE', #1553, #3595, #3669 ) ;
#2728 = CARTESIAN_POINT ( 'NONE',  ( -19.68012862053973322, -11.01604462577342325, 2.602085213965229180E-15 ) ) ;
#2729 = CARTESIAN_POINT ( 'NONE',  ( 8.584591300134958303, 41.33360164797246483, -2.854320562252505411 ) ) ;
#2730 = CARTESIAN_POINT ( 'NONE',  ( -26.18693834546214916, -9.726815561811092081, -15.91935621011760560 ) ) ;
#2731 = PRODUCT_DEFINITION_FORMATION_WITH_SPECIFIED_SOURCE ( 'ANY', '', #2927, .NOT_KNOWN. ) ;
#2732 = ORIENTED_EDGE ( 'NONE', *, *, #797, .T. ) ;
#2733 = FACE_OUTER_BOUND ( 'NONE', #1340, .T. ) ;
#2734 = CARTESIAN_POINT ( 'NONE',  ( -42.46898549601678496, 3.563388823370024827, -3.469446951953614189E-15 ) ) ;
#2735 = ORIENTED_EDGE ( 'NONE', *, *, #1233, .F. ) ;
#2736 = ORIENTED_EDGE ( 'NONE', *, *, #1805, .T. ) ;
#2737 = CARTESIAN_POINT ( 'NONE',  ( -40.66589380343362592, 21.63782780855352428, -6.327216896074022046 ) ) ;
#2738 = CARTESIAN_POINT ( 'NONE',  ( 3.118707698641588699, 25.85871820260354426, -7.000000000000000000 ) ) ;
#2739 = CARTESIAN_POINT ( 'NONE',  ( 22.00549537411258427, -10.58184833619563037, -12.00841511008220763 ) ) ;
#2740 = FACE_OUTER_BOUND ( 'NONE', #144, .T. ) ;
#2741 = ADVANCED_FACE ( 'NONE', ( #1871 ), #3298, .F. ) ;
#2742 = CARTESIAN_POINT ( 'NONE',  ( 26.29331124516313878, 11.86100263228771468, -12.11284140786653118 ) ) ;
#2743 = FACE_OUTER_BOUND ( 'NONE', #1592, .T. ) ;
#2744 = CARTESIAN_POINT ( 'NONE',  ( 19.36888732484328557, -10.24395726799964734, -16.01054224576183316 ) ) ;
#2745 = CARTESIAN_POINT ( 'NONE',  ( -15.13321582687193256, 14.30445431023033009, 0.000000000000000000 ) ) ;
#2746 = CARTESIAN_POINT ( 'NONE',  ( -18.98352708307145065, 0.03194356958119556888, 3.954756689448351015 ) ) ;
#2747 = EDGE_LOOP ( 'NONE', ( #1114, #3482, #3363, #1420 ) ) ;
#2748 = CARTESIAN_POINT ( 'NONE',  ( 14.10378629046195442, 9.761002632291225112, -8.421421619810791626 ) ) ;
#2749 = CARTESIAN_POINT ( 'NONE',  ( -1.963874365046980985, -11.36637379394664293, 1.301042606982605124E-15 ) ) ;
#2750 = CARTESIAN_POINT ( 'NONE',  ( -15.85331461358362226, 40.75058653501223205, -7.018828304371093729 ) ) ;
#2751 = CARTESIAN_POINT ( 'NONE',  ( 38.62107170414408586, 21.38178989070909708, -10.43406973662033188 ) ) ;
#2752 = CARTESIAN_POINT ( 'NONE',  ( -41.41554984335193978, 1.235460526955204585, 9.629649721936179265E-32 ) ) ;
#2753 = CARTESIAN_POINT ( 'NONE',  ( 29.54206597647371879, 31.31333084162170266, -4.621164659417512866 ) ) ;
#2754 = DIRECTION ( 'NONE',  ( 0.000000000000000000, 0.000000000000000000, 1.000000000000000000 ) ) ;
#2755 = CARTESIAN_POINT ( 'NONE',  ( -12.91676815257262945, -11.46700767979040769, -16.22619903213389492 ) ) ;
#2756 = ORIENTED_EDGE ( 'NONE', *, *, #1801, .T. ) ;
#2757 = CARTESIAN_POINT ( 'NONE',  ( -35.61766578172049691, -5.538566980056215172, 0.000000000000000000 ) ) ;
#2758 = CARTESIAN_POINT ( 'NONE',  ( -40.66589380343362592, 22.33242051922123395, -10.26644790812278174 ) ) ;
#2759 = ORIENTED_EDGE ( 'NONE', *, *, #1518, .F. ) ;
#2760 =( BOUNDED_CURVE ( )  B_SPLINE_CURVE ( 3, ( #903, #2309, #2285, #853 ),
 .UNSPECIFIED., .F., .F. ) 
 B_SPLINE_CURVE_WITH_KNOTS ( ( 4, 4 ),
 ( 4.712388980384689674, 7.853981633974482790 ),
 .UNSPECIFIED. ) 
 CURVE ( )  GEOMETRIC_REPRESENTATION_ITEM ( )  RATIONAL_B_SPLINE_CURVE ( ( 1.000000000000000000, 0.3333333333333333703, 0.3333333333333333703, 1.000000000000000000 ) ) 
 REPRESENTATION_ITEM ( '' )  );
#2761 = CARTESIAN_POINT ( 'NONE',  ( -43.62979464329870183, 11.60087239626143507, -8.097002939428977086 ) ) ;
#2762 = CARTESIAN_POINT ( 'NONE',  ( -28.16600792015650612, 35.38808708083950449, -7.964381642176861398 ) ) ;
#2763 = FACE_OUTER_BOUND ( 'NONE', #806, .T. ) ;
#2764 = DIRECTION ( 'NONE',  ( 0.000000000000000000, 0.000000000000000000, 1.000000000000000000 ) ) ;
#2765 = CARTESIAN_POINT ( 'NONE',  ( 40.37177015024906268, 17.39476681370816991, -11.13708947779992009 ) ) ;
#2766 = CARTESIAN_POINT ( 'NONE',  ( 0.6513467715582768047, 43.03220788777858274, 0.000000000000000000 ) ) ;
#2767 = CARTESIAN_POINT ( 'NONE',  ( 40.52066883437873202, 16.94109931052894780, -11.21708329888460653 ) ) ;
#2768 = CARTESIAN_POINT ( 'NONE',  ( 26.29331124516313878, 14.86100263228771645, -11.58386046573702721 ) ) ;
#2769 = EDGE_CURVE ( 'NONE', #1702, #1975, #687, .T. ) ;
#2770 = CARTESIAN_POINT ( 'NONE',  ( 26.29331124516313878, 14.86100263228771645, -8.421421619807279768 ) ) ;
#2771 = CARTESIAN_POINT ( 'NONE',  ( -14.85441553996719755, -11.39521659826807287, -16.21354032748724805 ) ) ;
#2772 = ORIENTED_EDGE ( 'NONE', *, *, #986, .T. ) ;
#2773 = CARTESIAN_POINT ( 'NONE',  ( -17.88321582687193256, 14.30445431023033009, -33.14213562373095101 ) ) ;
#2774 = CARTESIAN_POINT ( 'NONE',  ( 39.13136685919940305, 20.41971420682883220, -3.274080905458184642E-30 ) ) ;
#2775 = CARTESIAN_POINT ( 'NONE',  ( -33.30039478168813361, -7.015594745169591029, -16.34271213963312874 ) ) ;
#2776 = EDGE_LOOP ( 'NONE', ( #3198, #2857, #208, #3354 ) ) ;
#2777 = CARTESIAN_POINT ( 'NONE',  ( -42.61168707652930721, 3.499165492130406729, -9.525552456419326575 ) ) ;
#2778 = AXIS2_PLACEMENT_3D ( 'NONE', #1449, #2029, #3435 ) ;
#2779 = MECHANICAL_DESIGN_GEOMETRIC_PRESENTATION_REPRESENTATION (  '', ( #2712 ), #2171 ) ;
#2780 = CARTESIAN_POINT ( 'NONE',  ( -42.93620760961985638, 5.315365546075336844, -13.26701383208757434 ) ) ;
#2781 = CARTESIAN_POINT ( 'NONE',  ( 5.868707698641586035, 25.85871820260354426, -33.14213562373095101 ) ) ;
#2782 = VECTOR ( 'NONE', #332, 1000.000000000000000 ) ;
#2783 = CARTESIAN_POINT ( 'NONE',  ( 20.29331124516286877, 17.86100263228771823, -11.05487952361491821 ) ) ;
#2784 = FACE_BOUND ( 'NONE', #3277, .T. ) ;
#2785 = COLOUR_RGB ( '',0.000000000000000000, 1.000000000000000000, 0.000000000000000000 ) ;
#2786 = CARTESIAN_POINT ( 'NONE',  ( 38.01158030394784504, 22.40270242050591420, -10.25405531267368708 ) ) ;
#2787 = DIRECTION ( 'NONE',  ( 1.000000000000000000, -0.000000000000000000, -0.000000000000000000 ) ) ;
#2788 = AXIS2_PLACEMENT_3D ( 'NONE', #2891, #19, #1159 ) ;
#2789 = CARTESIAN_POINT ( 'NONE',  ( 17.07002320794624239, 38.88504305336419975, -3.286067506327541743 ) ) ;
#2790 = SURFACE_STYLE_FILL_AREA ( #2702 ) ;
#2791 = CARTESIAN_POINT ( 'NONE',  ( -26.88427632447232796, -9.530335462745433972, -15.88471146748002560 ) ) ;
#2792 = ORIENTED_EDGE ( 'NONE', *, *, #1237, .F. ) ;
#2793 = STYLED_ITEM ( 'NONE', ( #3445 ), #3337 ) ;
#2794 = ADVANCED_FACE ( 'NONE', ( #2489, #140, #3652, #1567, #3316 ), #3612, .T. ) ;
#2795 = CARTESIAN_POINT ( 'NONE',  ( -29.67799852186701415, -8.600793748121951410, -16.34271213963313230 ) ) ;
#2796 = CIRCLE ( 'NONE', #2304, 4.999999999999999112 ) ;
#2797 = ORIENTED_EDGE ( 'NONE', *, *, #1526, .T. ) ;
#2798 = CARTESIAN_POINT ( 'NONE',  ( -22.51688702016916466, 37.65514396855707702, -3.502931898527687160 ) ) ;
#2799 = CARTESIAN_POINT ( 'NONE',  ( 26.29331124516313878, 14.86100263228771823, -6.700000000000000178 ) ) ;
#2800 = CARTESIAN_POINT ( 'NONE',  ( 34.88266412793346660, -4.417827928644069146, -14.98323845013618616 ) ) ;
#2801 = CARTESIAN_POINT ( 'NONE',  ( -1.796914438543838699, -11.35655408423235180, 3.469446951953614189E-15 ) ) ;
#2802 =( LENGTH_UNIT ( ) NAMED_UNIT ( * ) SI_UNIT ( .MILLI., .METRE. ) );
#2803 = CARTESIAN_POINT ( 'NONE',  ( 40.10042911858926118, 18.13988358536873591, -11.00570528718116137 ) ) ;
#2804 = DIRECTION ( 'NONE',  ( -0.01322932856868139218, 0.9847215711106220848, 0.1736329814725587339 ) ) ;
#2805 = CARTESIAN_POINT ( 'NONE',  ( 30.48565666838499411, -8.062825230374889074, -11.56424337149797488 ) ) ;
#2806 = ORIENTED_EDGE ( 'NONE', *, *, #3071, .T. ) ;
#2807 = FILL_AREA_STYLE_COLOUR ( '', #3566 ) ;
#2808 = CARTESIAN_POINT ( 'NONE',  ( -40.12604189186870940, -0.9282012630718493584, -14.36792311640134656 ) ) ;
#2809 = DIRECTION ( 'NONE',  ( 0.000000000000000000, 0.000000000000000000, 1.000000000000000000 ) ) ;
#2810 = DIRECTION ( 'NONE',  ( 0.000000000000000000, 0.000000000000000000, 1.000000000000000000 ) ) ;
#2811 = DIRECTION ( 'NONE',  ( 0.000000000000000000, 0.000000000000000000, 1.000000000000000000 ) ) ;
#2812 = EDGE_CURVE ( 'NONE', #1155, #2871, #3153, .T. ) ;
#2813 = CARTESIAN_POINT ( 'NONE',  ( 0.7740918136368801772, -11.27842639287949567, 1.040834085586084257E-14 ) ) ;
#2814 = SURFACE_STYLE_FILL_AREA ( #6 ) ;
#2815 = DIRECTION ( 'NONE',  ( -0.000000000000000000, -1.497534851276745554E-16, -1.000000000000000000 ) ) ;
#2816 = CARTESIAN_POINT ( 'NONE',  ( -3.103590013251167790, 42.31880201694251298, -2.680603155799148318 ) ) ;
#2817 = CARTESIAN_POINT ( 'NONE',  ( -4.130194507403309068, 42.94121221728418192, 1.283953296258160666E-31 ) ) ;
#2818 = CARTESIAN_POINT ( 'NONE',  ( 38.68487115336615290, 0.8720499470184822632, -14.05049025600973955 ) ) ;
#2819 = PLANE ( 'NONE',  #1996 ) ;
#2820 = ORIENTED_EDGE ( 'NONE', *, *, #20, .F. ) ;
#2821 = SURFACE_SIDE_STYLE ('',( #831 ) ) ;
#2822 = CARTESIAN_POINT ( 'NONE',  ( -41.98745646360205086, 2.549116729946605986, -13.75477813372872049 ) ) ;
#2823 = CARTESIAN_POINT ( 'NONE',  ( 23.54331124516314233, 14.86100263228771823, -11.58386046573706452 ) ) ;
#2824 = CARTESIAN_POINT ( 'NONE',  ( 1.841054344941284615, 42.94859519105889945, 0.000000000000000000 ) ) ;
#2825 = CARTESIAN_POINT ( 'NONE',  ( -6.785063746770001458, -11.48588136773779844, 0.000000000000000000 ) ) ;
#2826 = CARTESIAN_POINT ( 'NONE',  ( 9.109888276682145403, -11.00880310981428245, -16.14540520376329269 ) ) ;
#2827 = VERTEX_POINT ( 'NONE', #408 ) ;
#2828 = CARTESIAN_POINT ( 'NONE',  ( -6.143416674047791126, 14.42778907907507779, -7.598541256037449010 ) ) ;
#2829 = CARTESIAN_POINT ( 'NONE',  ( -6.522895547106622338, 42.66301618871752765, -6.681615357715833703 ) ) ;
#2830 = SURFACE_STYLE_FILL_AREA ( #1995 ) ;
#2831 = CARTESIAN_POINT ( 'NONE',  ( 14.46599410623412396, -10.73436621391599388, 1.301042606982604926E-15 ) ) ;
#2832 = AXIS2_PLACEMENT_3D ( 'NONE', #1999, #3107, #1676 ) ;
#2833 = CARTESIAN_POINT ( 'NONE',  ( 31.83265724417808684, -6.662521014834011268, -16.31602583597862477 ) ) ;
#2834 = DIRECTION ( 'NONE',  ( 0.000000000000000000, -0.9848077530121864820, -0.1736481776670531774 ) ) ;
#2835 = EDGE_CURVE ( 'NONE', #1991, #1303, #1212, .T. ) ;
#2836 = AXIS2_PLACEMENT_3D ( 'NONE', #3674, #1936, #2205 ) ;
#2837 = DIRECTION ( 'NONE',  ( 7.677592639748479295E-15, -0.1736481776670532051, 0.9848077530121864820 ) ) ;
#2838 = AXIS2_PLACEMENT_3D ( 'NONE', #2746, #112, #175 ) ;
#2839 = CARTESIAN_POINT ( 'NONE',  ( 27.40754242480599245, 33.63204384717010953, -8.274019443562659504 ) ) ;
#2840 = ORIENTED_EDGE ( 'NONE', *, *, #2464, .F. ) ;
#2841 = B_SPLINE_CURVE_WITH_KNOTS ( 'NONE', 3,
 ( #3294, #2487, #2183, #3665, #3044, #756, #3002, #2125, #1590, #1910, #2701, #2467, #137, #2448, #2729, #740, #3061, #1033, #3075, #2789, #159, #682, #2429, #1850, #1300, #3593, #3313, #2753, #1011, #3328, #3349, #1898, #220, #2160, #1354, #460, #182, #1319, #3628, #851, #1077, #773, #2005, #3373, #577, #3173, #2884, #2283, #2593, #2553, #3720, #3428, #1064, #3116, #309, #2247, #1113, #828, #1384, #1980, #793, #3155, #1924, #3096, #2212, #2864, #556, #1443, #1961, #2571, #2805, #2230, #1681, #1721, #250, #3410, #811, #289, #3132, #536, #1131, #2845 ),
 .UNSPECIFIED., .F., .F.,
 ( 4, 2, 2, 2, 2, 2, 2, 2, 2, 2, 2, 2, 2, 2, 2, 2, 2, 2, 2, 2, 2, 2, 2, 2, 2, 2, 2, 2, 2, 2, 2, 2, 2, 2, 2, 2, 2, 2, 2, 2, 4 ),
 ( 0.5000000000000000000, 0.5312500000000000000, 0.5468750000000000000, 0.5546875000000000000, 0.5625000000000000000, 0.5781250000000000000, 0.5937500000000000000, 0.6093749999999998890, 0.6249999999999998890, 0.6406249999999998890, 0.6484374999999998890, 0.6562499999999998890, 0.6875000000000000000, 0.7031249999999997780, 0.7187499999999998890, 0.7343749999999997780, 0.7499999999999997780, 0.7578124999999997780, 0.7656249999999997780, 0.7734374999999997780, 0.7812499999999997780, 0.7890624999999997780, 0.7968749999999997780, 0.8124999999999997780, 0.8203124999999997780, 0.8281249999999997780, 0.8359374999999997780, 0.8437500000000000000, 0.8593750000000000000, 0.8671875000000000000, 0.8750000000000000000, 0.8828125000000001110, 0.8906250000000001110, 0.9062500000000002220, 0.9140625000000000000, 0.9218750000000000000, 0.9375000000000000000, 0.9453125000000000000, 0.9531250000000000000, 0.9687500000000000000, 1.000000000000000000 ),
 .UNSPECIFIED. ) ;
#2842 = FILL_AREA_STYLE ('',( #533 ) ) ;
#2843 = CARTESIAN_POINT ( 'NONE',  ( 37.37478307004468547, -1.385875223005675005, -14.44862338390603362 ) ) ;
#2844 =( NAMED_UNIT ( * ) PLANE_ANGLE_UNIT ( ) SI_UNIT ( $, .RADIAN. ) );
#2845 = CARTESIAN_POINT ( 'NONE',  ( 12.59357422083296996, -11.53021089774571983, -12.17563701718071556 ) ) ;
#2846 = CARTESIAN_POINT ( 'NONE',  ( 12.59357422083296285, -10.83561818707858926, -16.11486802922614814 ) ) ;
#2847 = FILL_AREA_STYLE ('',( #292 ) ) ;
#2848 = CARTESIAN_POINT ( 'NONE',  ( -33.45795555112739805, -6.923750488305755901, -15.42510020897664447 ) ) ;
#2849 = CARTESIAN_POINT ( 'NONE',  ( -3.994222698720575782, -12.11525528276082042, -12.27879612716743551 ) ) ;
#2850 =( GEOMETRIC_REPRESENTATION_CONTEXT ( 3 ) GLOBAL_UNCERTAINTY_ASSIGNED_CONTEXT ( ( #1677 ) ) GLOBAL_UNIT_ASSIGNED_CONTEXT ( ( #3475, #2010, #2028 ) ) REPRESENTATION_CONTEXT ( 'NONE', 'WORKASPACE' ) );
#2851 = CARTESIAN_POINT ( 'NONE',  ( 3.022300025970832138, 42.86557719647848330, 6.200424459846637528E-30 ) ) ;
#2852 = FILL_AREA_STYLE ('',( #3476 ) ) ;
#2853 = VECTOR ( 'NONE', #1060, 1000.000000000000000 ) ;
#2854 = CARTESIAN_POINT ( 'NONE',  ( 26.29331124516313878, 9.761002632291306824, -8.421421619810873338 ) ) ;
#2855 = CARTESIAN_POINT ( 'NONE',  ( 11.95604765870734987, 6.685837765422558476, -13.02536260350532338 ) ) ;
#2856 =( LENGTH_UNIT ( ) NAMED_UNIT ( * ) SI_UNIT ( .MILLI., .METRE. ) );
#2857 = ORIENTED_EDGE ( 'NONE', *, *, #2088, .T. ) ;
#2858 = CARTESIAN_POINT ( 'NONE',  ( 32.13917783605442935, 29.66822346867020599, -8.972947922974192636 ) ) ;
#2859 = CARTESIAN_POINT ( 'NONE',  ( -40.96167355804163890, 21.73914268866904465, -3.129636159629258261E-30 ) ) ;
#2860 = EDGE_CURVE ( 'NONE', #1873, #1477, #1524, .T. ) ;
#2861 = CARTESIAN_POINT ( 'NONE',  ( 40.23589078290646626, 4.090659126987025829, -13.48296261722493128 ) ) ;
#2862 = ADVANCED_FACE ( 'NONE', ( #1413 ), #1832, .F. ) ;
#2863 = CARTESIAN_POINT ( 'NONE',  ( -9.133215826871923682, 11.30445431023496106, -12.21097589311225207 ) ) ;
#2864 = CARTESIAN_POINT ( 'NONE',  ( 34.88266412793346660, -5.112420639311778814, -11.04400743808742291 ) ) ;
#2865 = ORIENTED_EDGE ( 'NONE', *, *, #1875, .T. ) ;
#2866 = EDGE_CURVE ( 'NONE', #1596, #1784, #1889, .T. ) ;
#2867 = CARTESIAN_POINT ( 'NONE',  ( -18.22195578665122184, -11.86746620887684145, -12.23510422791692598 ) ) ;
#2868 = CARTESIAN_POINT ( 'NONE',  ( 27.04705771491446953, 33.90346604827300325, -2.602085213965208275E-15 ) ) ;
#2869 = CARTESIAN_POINT ( 'NONE',  ( 36.07816333368519679, -3.831597718503189753, -10.81816379963904673 ) ) ;
#2870 = CARTESIAN_POINT ( 'NONE',  ( 9.059919078209027532, -11.01082555875636082, -16.14576181607888827 ) ) ;
#2871 = VERTEX_POINT ( 'NONE', #2823 ) ;
#2872 = CARTESIAN_POINT ( 'NONE',  ( -32.56087974619970993, 32.12548081396362676, -16.34271213963313230 ) ) ;
#2873 = CARTESIAN_POINT ( 'NONE',  ( 2.256452782521194411, 42.91802229438703620, -6.636650901040942685 ) ) ;
#2874 = DIRECTION ( 'NONE',  ( -0.000000000000000000, -1.497534851276745554E-16, -1.000000000000000000 ) ) ;
#2875 = CARTESIAN_POINT ( 'NONE',  ( 40.07200613098027020, 18.27816793389831673, -16.31602583597862477 ) ) ;
#2876 = CARTESIAN_POINT ( 'NONE',  ( -15.13321582687193079, 17.30445431023496639, -11.68199495100980378 ) ) ;
#2877 = CARTESIAN_POINT ( 'NONE',  ( 19.96765914696780442, 38.33195810458921926, -7.445297752963303317 ) ) ;
#2878 = ORIENTED_EDGE ( 'NONE', *, *, #2617, .F. ) ;
#2879 = CARTESIAN_POINT ( 'NONE',  ( 37.37604811720220965, 22.67744911092649218, -6.143903610746393795 ) ) ;
#2880 = CARTESIAN_POINT ( 'NONE',  ( -42.91519561377998571, 5.326141835198577645, -13.26511368156767467 ) ) ;
#2881 = CARTESIAN_POINT ( 'NONE',  ( 41.53977477055504863, 8.489328888617501789, -12.70735845902245664 ) ) ;
#2882 =( LENGTH_UNIT ( ) NAMED_UNIT ( * ) SI_UNIT ( .MILLI., .METRE. ) );
#2883 = SURFACE_STYLE_USAGE ( .BOTH. , #1736 ) ;
#2884 = CARTESIAN_POINT ( 'NONE',  ( 41.39647197703975934, 13.01430296737455805, -7.847776994383557359 ) ) ;
#2885 =( LENGTH_UNIT ( ) NAMED_UNIT ( * ) SI_UNIT ( .MILLI., .METRE. ) );
#2886 = CARTESIAN_POINT ( 'NONE',  ( 18.85439554104442905, 14.75349771261468668, -7.541110036094886837 ) ) ;
#2887 = CARTESIAN_POINT ( 'NONE',  ( -35.48781971734324259, -5.577864557028092030, -15.18778420633626425 ) ) ;
#2888 = SURFACE_STYLE_USAGE ( .BOTH. , #3191 ) ;
#2889 = EDGE_CURVE ( 'NONE', #1605, #2664, #1651, .T. ) ;
#2890 = CARTESIAN_POINT ( 'NONE',  ( 12.59357422083296996, -10.83561818707800128, -16.11486802922951256 ) ) ;
#2891 = CARTESIAN_POINT ( 'NONE',  ( -18.98352708307155723, 2.441761736307013653, -9.712001268078289229 ) ) ;
#2892 = CARTESIAN_POINT ( 'NONE',  ( -9.732708171402336461, 42.15376549600323841, 0.000000000000000000 ) ) ;
#2893 = CARTESIAN_POINT ( 'NONE',  ( -6.058947956115950717, 42.72556416490517961, -6.670586461925236854 ) ) ;
#2894 = CARTESIAN_POINT ( 'NONE',  ( 28.56455600043804210, 32.78038745031857815, -16.31602583597862477 ) ) ;
#2895 = CARTESIAN_POINT ( 'NONE',  ( 10.22464989576445760, -11.65847887877742650, -12.19825412299417167 ) ) ;
#2896 = LINE ( 'NONE', #3732, #1462 ) ;
#2897 = VERTEX_POINT ( 'NONE', #496 ) ;
#2898 = CARTESIAN_POINT ( 'NONE',  ( 32.13917783605442935, 28.97363075800249632, -5.033716910925429389 ) ) ;
#2899 = CARTESIAN_POINT ( 'NONE',  ( -38.23048048145460598, 26.04035763373676104, -9.612638552065220665 ) ) ;
#2900 = AXIS2_PLACEMENT_3D ( 'NONE', #1021, #124, #1263 ) ;
#2901 = CARTESIAN_POINT ( 'NONE',  ( 37.81234191382154108, -0.6801563447786119765, -14.32418610487919963 ) ) ;
#2902 = COLOUR_RGB ( '',0.000000000000000000, 1.000000000000000000, 0.000000000000000000 ) ;
#2903 = SURFACE_STYLE_USAGE ( .BOTH. , #1515 ) ;
#2904 = DIRECTION ( 'NONE',  ( 0.000000000000000000, 0.000000000000000000, 1.000000000000000000 ) ) ;
#2905 = EDGE_LOOP ( 'NONE', ( #55, #2840, #2711, #522 ) ) ;
#2906 = LINE ( 'NONE', #331, #2484 ) ;
#2907 = CARTESIAN_POINT ( 'NONE',  ( -15.13321582687193079, 14.30445431023496461, -11.68199495100980378 ) ) ;
#2908 = STYLED_ITEM ( 'NONE', ( #252 ), #470 ) ;
#2909 = COLOUR_RGB ( '',0.000000000000000000, 1.000000000000000000, 0.000000000000000000 ) ;
#2910 = COLOUR_RGB ( '',0.000000000000000000, 1.000000000000000000, 0.000000000000000000 ) ;
#2911 = ADVANCED_FACE ( 'NONE', ( #3375, #3705 ), #520, .T. ) ;
#2912 = SURFACE_STYLE_FILL_AREA ( #3251 ) ;
#2913 = CARTESIAN_POINT ( 'NONE',  ( -7.501855457629312163, 42.52596677912576695, -16.34271213963312874 ) ) ;
#2914 = VECTOR ( 'NONE', #992, 1000.000000000000000 ) ;
#2915 = CARTESIAN_POINT ( 'NONE',  ( -17.03788367393009295, -11.96461732706385739, -12.25223459125929359 ) ) ;
#2916 = STYLED_ITEM ( 'NONE', ( #1685 ), #2862 ) ;
#2917 = UNCERTAINTY_MEASURE_WITH_UNIT (LENGTH_MEASURE( 1.000000000000000082E-05 ), #2802, 'distance_accuracy_value', 'NONE');
#2918 = ORIENTED_EDGE ( 'NONE', *, *, #1164, .F. ) ;
#2919 = CARTESIAN_POINT ( 'NONE',  ( 21.83514258254275475, 36.69411803039452025, -3.672386700586411035 ) ) ;
#2920 = CARTESIAN_POINT ( 'NONE',  ( -36.02454603456869364, 28.70551265303247490, -9.142699814392472035 ) ) ;
#2921 = CARTESIAN_POINT ( 'NONE',  ( 29.98524916588785416, -7.600654538735869714, -15.54445665641889818 ) ) ;
#2922 = FILL_AREA_STYLE ('',( #378 ) ) ;
#2923 = DIRECTION ( 'NONE',  ( -7.677592639748479295E-15, 0.1736481776670532051, -0.9848077530121864820 ) ) ;
#2924 = LINE ( 'NONE', #1484, #784 ) ;
#2925 = PRESENTATION_STYLE_ASSIGNMENT (( #1772 ) ) ;
#2926 = CARTESIAN_POINT ( 'NONE',  ( 33.71566876161635662, 27.99652176198913267, -9.267714037560578433 ) ) ;
#2927 = PRODUCT ( 'Base-Dennis-Share', 'Base-Dennis-Share', '', ( #1799 ) ) ;
#2928 = LINE ( 'NONE', #1487, #2233 ) ;
#2929 = CARTESIAN_POINT ( 'NONE',  ( 7.845487247224729899, 42.16561630983307651, -16.31602583597862477 ) ) ;
#2930 = CARTESIAN_POINT ( 'NONE',  ( 0.1855137038661037185, -11.29614955300689338, -16.19607213450873218 ) ) ;
#2931 = ORIENTED_EDGE ( 'NONE', *, *, #910, .T. ) ;
#2932 = DIRECTION ( 'NONE',  ( 0.000000000000000000, -0.000000000000000000, -1.000000000000000000 ) ) ;
#2933 = CARTESIAN_POINT ( 'NONE',  ( -43.49255440930959082, 13.72742112219123989, -11.78374147079929557 ) ) ;
#2934 = CARTESIAN_POINT ( 'NONE',  ( -30.25670156293456969, -8.382829308974017124, -15.68237517203466247 ) ) ;
#2935 = EDGE_CURVE ( 'NONE', #3737, #2951, #3533, .T. ) ;
#2936 = ORIENTED_EDGE ( 'NONE', *, *, #205, .T. ) ;
#2937 = CARTESIAN_POINT ( 'NONE',  ( 41.53580399420506097, 7.758101471393071158, -8.774587134165292568 ) ) ;
#2938 = CARTESIAN_POINT ( 'NONE',  ( -43.52749624826284247, 13.31322876228144381, -11.85677475905806588 ) ) ;
#2939 = CARTESIAN_POINT ( 'NONE',  ( -17.88321582687193256, 14.30445431023033009, -11.68199495098381036 ) ) ;
#2940 = CARTESIAN_POINT ( 'NONE',  ( 34.82667804147401114, 26.73959825526510059, 1.301042606982601968E-15 ) ) ;
#2941 = DIRECTION ( 'NONE',  ( 0.01322932856868109727, -0.9847215711106220848, -0.1736329814725587339 ) ) ;
#2942 = ORIENTED_EDGE ( 'NONE', *, *, #3170, .F. ) ;
#2943 = CARTESIAN_POINT ( 'NONE',  ( 37.89747536434708763, 22.58209067483726074, -10.22242432341284868 ) ) ;
#2944 = CARTESIAN_POINT ( 'NONE',  ( -0.3529191876524464533, -11.31301022573807380, -16.19904512602413860 ) ) ;
#2945 = FILL_AREA_STYLE_COLOUR ( '', #970 ) ;
#2946 = CARTESIAN_POINT ( 'NONE',  ( -40.83227978295691685, 0.1605105780136028282, -14.17595384459600538 ) ) ;
#2947 = CARTESIAN_POINT ( 'NONE',  ( 12.84589766763531848, 40.94442603744325737, -6.984649170165703858 ) ) ;
#2948 = SHAPE_DEFINITION_REPRESENTATION ( #2439, #1120 ) ;
#2949 =( NAMED_UNIT ( * ) PLANE_ANGLE_UNIT ( ) SI_UNIT ( $, .RADIAN. ) );
#2950 = UNCERTAINTY_MEASURE_WITH_UNIT (LENGTH_MEASURE( 1.000000000000000082E-05 ), #1154, 'distance_accuracy_value', 'NONE');
#2951 = VERTEX_POINT ( 'NONE', #780 ) ;
#2952 = CARTESIAN_POINT ( 'NONE',  ( 41.39647197703975934, 13.01430296737455805, -7.847776994383557359 ) ) ;
#2953 = CARTESIAN_POINT ( 'NONE',  ( -43.12260995217663151, 15.94844913939488507, -11.39211430645988976 ) ) ;
#2954 = EDGE_CURVE ( 'NONE', #1702, #2370, #3616, .T. ) ;
#2955 = CARTESIAN_POINT ( 'NONE',  ( 27.65178351640231824, -8.537826945894693154, -15.70970543737659497 ) ) ;
#2956 = CARTESIAN_POINT ( 'NONE',  ( 5.868707698641586035, 22.85871820261570164, -10.17364742665854749 ) ) ;
#2957 = VERTEX_POINT ( 'NONE', #2295 ) ;
#2958 = PRESENTATION_STYLE_ASSIGNMENT (( #3039 ) ) ;
#2959 = DIRECTION ( 'NONE',  ( -0.000000000000000000, -1.497534851276745554E-16, -1.000000000000000000 ) ) ;
#2960 = VECTOR ( 'NONE', #822, 1000.000000000000114 ) ;
#2961 = CARTESIAN_POINT ( 'NONE',  ( 27.08901033991574536, 33.86267700081515386, -8.233352595930442774 ) ) ;
#2962 = AXIS2_PLACEMENT_3D ( 'NONE', #3582, #691, #432 ) ;
#2963 = CARTESIAN_POINT ( 'NONE',  ( -43.14021826142035820, 6.271522529658192013, 9.629649721936181455E-32 ) ) ;
#2964 = CARTESIAN_POINT ( 'NONE',  ( 6.099222103387006655, 42.46907319835226247, 0.000000000000000000 ) ) ;
#2965 = CARTESIAN_POINT ( 'NONE',  ( -8.257797188239802466, -11.49602585452449688, -16.23131571927046934 ) ) ;
#2966 = CARTESIAN_POINT ( 'NONE',  ( 39.38548306108643970, 2.228771115889498944, 6.938893903907228378E-15 ) ) ;
#2967 =( GEOMETRIC_REPRESENTATION_CONTEXT ( 3 ) GLOBAL_UNCERTAINTY_ASSIGNED_CONTEXT ( ( #1714 ) ) GLOBAL_UNIT_ASSIGNED_CONTEXT ( ( #3265, #3227, #3564 ) ) REPRESENTATION_CONTEXT ( 'NONE', 'WORKASPACE' ) );
#2968 = CARTESIAN_POINT ( 'NONE',  ( 12.61404121415769097, 41.01066770428177222, -6.972968977054961215 ) ) ;
#2969 = DIRECTION ( 'NONE',  ( 0.000000000000000000, 0.000000000000000000, 1.000000000000000000 ) ) ;
#2970 = CARTESIAN_POINT ( 'NONE',  ( -25.19194214947617994, -10.00717860941703741, -15.96879177979768727 ) ) ;
#2971 = AXIS2_PLACEMENT_3D ( 'NONE', #102, #2104, #668 ) ;
#2972 = CARTESIAN_POINT ( 'NONE',  ( 40.08480596890120751, 17.50174637525799781, -7.056519647171362486 ) ) ;
#2973 = CARTESIAN_POINT ( 'NONE',  ( -33.72509273886431203, 31.06054590355770983, -8.727443911859031900 ) ) ;
#2974 = MECHANICAL_DESIGN_GEOMETRIC_PRESENTATION_REPRESENTATION (  '', ( #2916 ), #3098 ) ;
#2975 = CARTESIAN_POINT ( 'NONE',  ( 25.27582944175453505, -9.233151151454375594, -15.83230985515651845 ) ) ;
#2976 = CARTESIAN_POINT ( 'NONE',  ( -9.047895221972904523, -11.52307608527078742, -16.23608540477863116 ) ) ;
#2977 = CARTESIAN_POINT ( 'NONE',  ( 41.68757400343531572, 10.50965681513403460, -12.35112013569418288 ) ) ;
#2978 = AXIS2_PLACEMENT_3D ( 'NONE', #2799, #1362, #820 ) ;
#2979 = ORIENTED_EDGE ( 'NONE', *, *, #2715, .F. ) ;
#2980 = CARTESIAN_POINT ( 'NONE',  ( -12.43469893549402983, 40.95653017708621491, -2.920808436225176496 ) ) ;
#2981 = CARTESIAN_POINT ( 'NONE',  ( -20.98335206027896760, 3.110297756292060178, -13.65582677772245290 ) ) ;
#2982 = EDGE_CURVE ( 'NONE', #2216, #484, #3515, .T. ) ;
#2983 = CARTESIAN_POINT ( 'NONE',  ( 19.27965504937995433, 38.64185289419161506, -7.390654940376014004 ) ) ;
#2984 = CARTESIAN_POINT ( 'NONE',  ( 21.29331124516314233, 14.86100263228771823, 0.000000000000000000 ) ) ;
#2985 = EDGE_CURVE ( 'NONE', #2871, #689, #3194, .T. ) ;
#2986 = CARTESIAN_POINT ( 'NONE',  ( -8.039574571549040982, -6.685837765422562029, -15.38314977687250540 ) ) ;
#2987 = ORIENTED_EDGE ( 'NONE', *, *, #2339, .F. ) ;
#2988 = CARTESIAN_POINT ( 'NONE',  ( 40.07200613098027020, 18.27816793389831673, 0.000000000000000000 ) ) ;
#2989 = DIRECTION ( 'NONE',  ( 0.000000000000000000, 0.1736481776669306920, -0.9848077530122080203 ) ) ;
#2990 = CARTESIAN_POINT ( 'NONE',  ( -26.49904370754139649, 36.38820533400241430, -7.788033810244589183 ) ) ;
#2991 = EDGE_LOOP ( 'NONE', ( #2865, #3516 ) ) ;
#2992 = CARTESIAN_POINT ( 'NONE',  ( -39.32092534135905737, -2.002940295615579736, -14.55742860505405645 ) ) ;
#2993 = CARTESIAN_POINT ( 'NONE',  ( -24.12100637035624118, 37.60270982064714218, -7.573883901058019674 ) ) ;
#2994 = CARTESIAN_POINT ( 'NONE',  ( 36.62573535628344246, -2.447579221214054801, -14.63583044431634761 ) ) ;
#2995 =( NAMED_UNIT ( * ) SI_UNIT ( $, .STERADIAN. ) SOLID_ANGLE_UNIT ( ) );
#2996 = CARTESIAN_POINT ( 'NONE',  ( -15.13321582687193079, 11.30445431023496106, -10.61955610508005243 ) ) ;
#2997 = ORIENTED_EDGE ( 'NONE', *, *, #241, .F. ) ;
#2998 =( LENGTH_UNIT ( ) NAMED_UNIT ( * ) SI_UNIT ( .MILLI., .METRE. ) );
#2999 = SURFACE_STYLE_USAGE ( .BOTH. , #419 ) ;
#3000 = CARTESIAN_POINT ( 'NONE',  ( 22.57328871521445990, 36.86050028476857676, -7.704755467572974581 ) ) ;
#3001 = CARTESIAN_POINT ( 'NONE',  ( -42.71760741413188356, 4.532681219498960523, 6.291371151665014828E-30 ) ) ;
#3002 = CARTESIAN_POINT ( 'NONE',  ( -3.103590013251167790, 42.31880201694251298, -2.680603155799149651 ) ) ;
#3003 = CARTESIAN_POINT ( 'NONE',  ( 13.24211425196043557, 40.83207502701823444, -16.31602583597862122 ) ) ;
#3004 = CARTESIAN_POINT ( 'NONE',  ( -15.72803984334204053, -11.34829420495620234, -16.20526664354693835 ) ) ;
#3005 = CARTESIAN_POINT ( 'NONE',  ( 25.73221053500335032, 34.80977602507809365, 3.469446951953614189E-15 ) ) ;
#3006 = EDGE_CURVE ( 'NONE', #2167, #165, #279, .T. ) ;
#3007 = CARTESIAN_POINT ( 'NONE',  ( 12.59357422083296285, -11.53021089774630070, -12.17563701717738489 ) ) ;
#3008 = CARTESIAN_POINT ( 'NONE',  ( -38.71764751293244444, -2.652866832634837913, -14.67202818900904937 ) ) ;
#3009 = CARTESIAN_POINT ( 'NONE',  ( 16.30803402217800269, 39.85382098286476804, -7.176952266585088225 ) ) ;
#3010 = ORIENTED_EDGE ( 'NONE', *, *, #2889, .T. ) ;
#3011 = CARTESIAN_POINT ( 'NONE',  ( 41.66047850185354662, 9.609481542881333382, -12.50984532355885293 ) ) ;
#3012 = CARTESIAN_POINT ( 'NONE',  ( -27.73577743135966145, 35.65240032463206887, -7.917776085937624941 ) ) ;
#3013 = CARTESIAN_POINT ( 'NONE',  ( -24.33858243545331845, -10.21277780369381816, -16.00504446496067956 ) ) ;
#3014 = DIRECTION ( 'NONE',  ( 7.677085236174923462E-15, -0.1736481776670531774, 0.9848077530121863710 ) ) ;
#3015 = DIRECTION ( 'NONE',  ( -7.677952559960894179E-15, 0.1736481776670531774, -0.9848077530121863710 ) ) ;
#3016 = ORIENTED_EDGE ( 'NONE', *, *, #3536, .T. ) ;
#3017 = FACE_OUTER_BOUND ( 'NONE', #290, .T. ) ;
#3018 = CARTESIAN_POINT ( 'NONE',  ( 7.424056910885221683, -11.08325017682337155, 2.602085213965211430E-15 ) ) ;
#3019 = CARTESIAN_POINT ( 'NONE',  ( -28.72459160589213312, 34.35918748009193990, -4.084097954685217857 ) ) ;
#3020 = CARTESIAN_POINT ( 'NONE',  ( -26.59509352648888125, -9.627856890848692117, 1.301042606982599404E-15 ) ) ;
#3021 = CARTESIAN_POINT ( 'NONE',  ( 29.04331124516313878, 14.86100263228771823, -11.58386046573706452 ) ) ;
#3022 = CARTESIAN_POINT ( 'NONE',  ( -19.15515282998518032, -11.06437667633021782, -16.15520432295404163 ) ) ;
#3023 = ORIENTED_EDGE ( 'NONE', *, *, #528, .F. ) ;
#3024 = VECTOR ( 'NONE', #3486, 1000.000000000000000 ) ;
#3025 = DIRECTION ( 'NONE',  ( 1.000000000000000000, 0.000000000000000000, -0.000000000000000000 ) ) ;
#3026 = CARTESIAN_POINT ( 'NONE',  ( -43.15245416242923682, 5.757100385708862511, -16.34271213963313230 ) ) ;
#3027 = ORIENTED_EDGE ( 'NONE', *, *, #1572, .F. ) ;
#3028 = CARTESIAN_POINT ( 'NONE',  ( -42.56596627788521658, 18.05867819853841638, -11.02002398785477411 ) ) ;
#3029 = STYLED_ITEM ( 'NONE', ( #1544 ), #581 ) ;
#3030 = EDGE_CURVE ( 'NONE', #222, #330, #3437, .T. ) ;
#3031 =( GEOMETRIC_REPRESENTATION_CONTEXT ( 3 ) GLOBAL_UNCERTAINTY_ASSIGNED_CONTEXT ( ( #862 ) ) GLOBAL_UNIT_ASSIGNED_CONTEXT ( ( #433, #487, #2719 ) ) REPRESENTATION_CONTEXT ( 'NONE', 'WORKASPACE' ) );
#3032 = CARTESIAN_POINT ( 'NONE',  ( -43.45522421092513099, 13.34482874719065215, -7.789496381582273976 ) ) ;
#3033 = PRESENTATION_LAYER_ASSIGNMENT (  '', '', ( #1089 ) ) ;
#3034 = CARTESIAN_POINT ( 'NONE',  ( 36.45200495907432270, -2.684145409863855747, -14.67754344609262418 ) ) ;
#3035 = CARTESIAN_POINT ( 'NONE',  ( -14.71377605422047985, 41.05076531925945460, -6.965898685672081925 ) ) ;
#3036 = CIRCLE ( 'NONE', #2181, 1.999999999999999778 ) ;
#3037 = CARTESIAN_POINT ( 'NONE',  ( -12.38321582687193079, 14.30445431023033009, -33.14213562373095101 ) ) ;
#3038 = ORIENTED_EDGE ( 'NONE', *, *, #383, .T. ) ;
#3039 = SURFACE_STYLE_USAGE ( .BOTH. , #718 ) ;
#3040 = CARTESIAN_POINT ( 'NONE',  ( -28.72459160589213312, 35.05378019075965312, -8.023328966733979328 ) ) ;
#3041 = CARTESIAN_POINT ( 'NONE',  ( 38.32967042283071635, 21.88735389328431324, -10.34492516249129856 ) ) ;
#3042 = COLOUR_RGB ( '',0.000000000000000000, 1.000000000000000000, 0.000000000000000000 ) ;
#3043 = CARTESIAN_POINT ( 'NONE',  ( -27.72218270237753757, -9.284751250255984800, 6.034580492413296033E-30 ) ) ;
#3044 = CARTESIAN_POINT ( 'NONE',  ( -5.467305001130268849, 42.12297641475137766, -2.715132492978930667 ) ) ;
#3045 = CARTESIAN_POINT ( 'NONE',  ( -9.374638477554114502, -11.50407685627986965, -16.23273532810166486 ) ) ;
#3046 = ORIENTED_EDGE ( 'NONE', *, *, #2580, .T. ) ;
#3047 = FACE_OUTER_BOUND ( 'NONE', #2991, .T. ) ;
#3048 = CARTESIAN_POINT ( 'NONE',  ( -33.30039478168813361, -7.015594745169591029, 3.469446951953614189E-15 ) ) ;
#3049 = ORIENTED_EDGE ( 'NONE', *, *, #2531, .T. ) ;
#3050 = CARTESIAN_POINT ( 'NONE',  ( -39.44486114276937627, 23.66457058391375767, -5.969847461822058499 ) ) ;
#3051 = CARTESIAN_POINT ( 'NONE',  ( -9.952874607462263157, 42.10915173015216340, -6.779276605416435508 ) ) ;
#3052 = CARTESIAN_POINT ( 'NONE',  ( -43.53235666827172423, 8.101280081998716298, -8.714075485913472363 ) ) ;
#3053 = CARTESIAN_POINT ( 'NONE',  ( 17.31762234048791527, -11.18557384822064904, -12.11486820679425058 ) ) ;
#3054 = CARTESIAN_POINT ( 'NONE',  ( -27.83261713205030929, 35.59353195290365335, -7.928156168183733143 ) ) ;
#3055 = CARTESIAN_POINT ( 'NONE',  ( 26.29331124516313878, 17.86100263228771823, -11.05487952361496795 ) ) ;
#3056 = EDGE_CURVE ( 'NONE', #3405, #1697, #3477, .T. ) ;
#3057 = DIRECTION ( 'NONE',  ( 0.000000000000000000, 1.000000000000000000, 0.000000000000000000 ) ) ;
#3058 = CARTESIAN_POINT ( 'NONE',  ( 34.62470078050339595, -4.595482174715331602, 1.301042606982605715E-15 ) ) ;
#3059 = DIRECTION ( 'NONE',  ( 1.000000000000000000, 0.000000000000000000, 0.000000000000000000 ) ) ;
#3060 = CARTESIAN_POINT ( 'NONE',  ( 39.61164025671936884, 19.35798316243028694, -10.79092146655547957 ) ) ;
#3061 = CARTESIAN_POINT ( 'NONE',  ( 12.02376946124596557, 40.48894051111946624, -3.003257110235572735 ) ) ;
#3062 = CARTESIAN_POINT ( 'NONE',  ( 8.039574571549039206, -3.552713678800500929E-15, 0.000000000000000000 ) ) ;
#3063 = CARTESIAN_POINT ( 'NONE',  ( -20.89258915138154649, -10.84747491928074226, -16.11695869102309686 ) ) ;
#3064 = LINE ( 'NONE', #707, #1656 ) ;
#3065 = CARTESIAN_POINT ( 'NONE',  ( -27.93970474132681403, -9.202936934295401272, -16.34271213963313230 ) ) ;
#3066 = CARTESIAN_POINT ( 'NONE',  ( -43.03281270835104522, 15.66478452211185157, -7.380425584413250029 ) ) ;
#3067 = EDGE_LOOP ( 'NONE', ( #2148, #1306 ) ) ;
#3068 = CARTESIAN_POINT ( 'NONE',  ( -23.58688773021488316, 37.17271890615536734, -3.587996453199074232 ) ) ;
#3069 = CARTESIAN_POINT ( 'NONE',  ( 22.06125329905554722, -9.873447995945056732, -16.31602583597862122 ) ) ;
#3070 = CARTESIAN_POINT ( 'NONE',  ( -15.13321582687193256, 14.30445431023033009, -7.000000000000000000 ) ) ;
#3071 = EDGE_CURVE ( 'NONE', #1004, #2679, #988, .T. ) ;
#3072 = CARTESIAN_POINT ( 'NONE',  ( 39.43130510705800873, 19.76824083020715506, -10.71858197068383411 ) ) ;
#3073 = SURFACE_SIDE_STYLE ('',( #1942 ) ) ;
#3074 = PRESENTATION_STYLE_ASSIGNMENT (( #1383 ) ) ;
#3075 = CARTESIAN_POINT ( 'NONE',  ( 15.41734352860753887, 39.48107496341739875, -3.180970999221961915 ) ) ;
#3076 = FACE_OUTER_BOUND ( 'NONE', #3451, .T. ) ;
#3077 = CARTESIAN_POINT ( 'NONE',  ( -25.33270029208517471, -9.956323080512277102, -15.95982457794011644 ) ) ;
#3078 = ORIENTED_EDGE ( 'NONE', *, *, #1040, .F. ) ;
#3079 = FILL_AREA_STYLE ('',( #2557 ) ) ;
#3080 = CARTESIAN_POINT ( 'NONE',  ( -19.84589074467731962, -11.02107292848119435, -16.34271213963313585 ) ) ;
#3081 = ORIENTED_EDGE ( 'NONE', *, *, #3414, .T. ) ;
#3082 = CONICAL_SURFACE ( 'NONE', #1984, 5.100000000000000533, 0.7853981633974320697 ) ;
#3083 = AXIS2_PLACEMENT_3D ( 'NONE', #1954, #3423, #3385 ) ;
#3084 = CARTESIAN_POINT ( 'NONE',  ( -38.77934480738563394, 24.62965498130889230, -5.799677043900523188 ) ) ;
#3085 = AXIS2_PLACEMENT_3D ( 'NONE', #1494, #14, #2636 ) ;
#3086 = DIRECTION ( 'NONE',  ( -0.01322932856868113023, 0.9847215711106220848, 0.1736329814725587617 ) ) ;
#3087 = CARTESIAN_POINT ( 'NONE',  ( -43.38795303008554072, 7.626414805533268115, -12.85951349389882381 ) ) ;
#3088 = CARTESIAN_POINT ( 'NONE',  ( 15.35963134874813285, -10.66368505205416817, -16.31602583597862477 ) ) ;
#3089 = CIRCLE ( 'NONE', #1986, 6.685837765422565582 ) ;
#3090 = CARTESIAN_POINT ( 'NONE',  ( 0.4441093681442623287, 42.34789543139318369, -2.675473201870562701 ) ) ;
#3091 = CARTESIAN_POINT ( 'NONE',  ( -21.60179584255668317, 38.72997752217059997, -1.301042606982605715E-15 ) ) ;
#3092 = MECHANICAL_DESIGN_GEOMETRIC_PRESENTATION_REPRESENTATION (  '', ( #265 ), #900 ) ;
#3093 =( LENGTH_UNIT ( ) NAMED_UNIT ( * ) SI_UNIT ( .MILLI., .METRE. ) );
#3094 = MECHANICAL_DESIGN_GEOMETRIC_PRESENTATION_REPRESENTATION (  '', ( #77 ), #1398 ) ;
#3095 = DIRECTION ( 'NONE',  ( 1.000000000000000000, 0.000000000000000000, 0.000000000000000000 ) ) ;
#3096 = CARTESIAN_POINT ( 'NONE',  ( 36.45200495907432270, -3.378738120531565858, -10.73831243404386093 ) ) ;
#3097 = CARTESIAN_POINT ( 'NONE',  ( -35.80781009691469308, -5.331624556305563090, -15.14436545047917093 ) ) ;
#3098 =( GEOMETRIC_REPRESENTATION_CONTEXT ( 3 ) GLOBAL_UNCERTAINTY_ASSIGNED_CONTEXT ( ( #3553 ) ) GLOBAL_UNIT_ASSIGNED_CONTEXT ( ( #1946, #1356, #1135 ) ) REPRESENTATION_CONTEXT ( 'NONE', 'WORKASPACE' ) );
#3099 = DIRECTION ( 'NONE',  ( 0.000000000000000000, -1.000000000000000000, 1.700709290173340163E-16 ) ) ;
#3100 = ADVANCED_FACE ( 'NONE', ( #2093, #3284, #3240, #396, #415 ), #1205, .F. ) ;
#3101 = CARTESIAN_POINT ( 'NONE',  ( -8.039574571549039206, 3.552713678800500929E-15, 0.000000000000000000 ) ) ;
#3102 = CARTESIAN_POINT ( 'NONE',  ( -43.75764340390290386, 10.58312260984359376, -16.34271213963313230 ) ) ;
#3103 = EDGE_LOOP ( 'NONE', ( #3330, #939 ) ) ;
#3104 = CARTESIAN_POINT ( 'NONE',  ( -36.38027592592005988, -5.573892276463539019, -11.12537733854898470 ) ) ;
#3105 = CARTESIAN_POINT ( 'NONE',  ( 33.99323622843128589, -5.174556535803106705, -15.11667012065225890 ) ) ;
#3106 = CARTESIAN_POINT ( 'NONE',  ( -4.311045049232105519, -11.42455542746721697, -16.31602583597862122 ) ) ;
#3107 = DIRECTION ( 'NONE',  ( 0.000000000000000000, 0.000000000000000000, 1.000000000000000000 ) ) ;
#3108 = UNCERTAINTY_MEASURE_WITH_UNIT (LENGTH_MEASURE( 1.000000000000000082E-05 ), #2161, 'distance_accuracy_value', 'NONE');
#3109 = CYLINDRICAL_SURFACE ( 'NONE', #1153, 5.000000000000000888 ) ;
#3110 = CARTESIAN_POINT ( 'NONE',  ( 41.20849214290989693, 14.59178937303650692, -11.63133002690749684 ) ) ;
#3111 = CARTESIAN_POINT ( 'NONE',  ( -5.467305001130268849, 42.12297641475137766, -2.715132492978929335 ) ) ;
#3112 = CARTESIAN_POINT ( 'NONE',  ( -2.052943825572204783, 43.05006515567387737, -9.629649721936196782E-32 ) ) ;
#3113 = CARTESIAN_POINT ( 'NONE',  ( 40.85917352443839690, 5.744775193827767801, -13.19129732541733446 ) ) ;
#3114 =( NAMED_UNIT ( * ) SI_UNIT ( $, .STERADIAN. ) SOLID_ANGLE_UNIT ( ) );
#3115 = FILL_AREA_STYLE ('',( #1701 ) ) ;
#3116 = CARTESIAN_POINT ( 'NONE',  ( 41.17025769109046962, 6.046074540728866964, -9.076463673740891025 ) ) ;
#3117 = SURFACE_STYLE_USAGE ( .BOTH. , #2310 ) ;
#3118 = CARTESIAN_POINT ( 'NONE',  ( -41.28613716629460129, 0.9972151712445254113, -14.02842024993162973 ) ) ;
#3119 = CARTESIAN_POINT ( 'NONE',  ( 26.29331124516313878, 14.86100263228771823, 0.000000000000000000 ) ) ;
#3120 = CARTESIAN_POINT ( 'NONE',  ( 34.06512555735857006, 27.63064499329204082, 3.033339662409820798E-30 ) ) ;
#3121 = EDGE_LOOP ( 'NONE', ( #3637, #1295 ) ) ;
#3122 = EDGE_CURVE ( 'NONE', #1155, #2897, #172, .T. ) ;
#3123 = CARTESIAN_POINT ( 'NONE',  ( -26.39210443411255014, 36.43441338145312614, 6.938893903907228378E-15 ) ) ;
#3124 = DIRECTION ( 'NONE',  ( -0.000000000000000000, -1.497534851276745554E-16, -1.000000000000000000 ) ) ;
#3125 = CARTESIAN_POINT ( 'NONE',  ( 18.82793688390717790, 14.31312268811011279, 6.472913884376874094 ) ) ;
#3126 = CARTESIAN_POINT ( 'NONE',  ( 19.82887316791405397, -10.18730040213707255, 3.469446951953614189E-15 ) ) ;
#3127 = FILL_AREA_STYLE_COLOUR ( '', #1094 ) ;
#3128 = VERTEX_POINT ( 'NONE', #3695 ) ;
#3129 = CARTESIAN_POINT ( 'NONE',  ( -9.889950282358020317, 42.12565347310551545, 1.301042606982602954E-15 ) ) ;
#3130 = CARTESIAN_POINT ( 'NONE',  ( 39.46742238439747297, 2.404040246185545460, -13.78035903208276558 ) ) ;
#3131 = CARTESIAN_POINT ( 'NONE',  ( -19.01660040449315403, 2.493747497357749587, 4.388839143129747100 ) ) ;
#3132 = CARTESIAN_POINT ( 'NONE',  ( 20.83570397603828184, -10.74837053811836007, -12.03777746716816921 ) ) ;
#3133 = DIRECTION ( 'NONE',  ( 0.000000000000000000, 0.000000000000000000, 1.000000000000000000 ) ) ;
#3134 = CARTESIAN_POINT ( 'NONE',  ( -37.48342784697219088, -3.892203875712191952, -14.89055674790062866 ) ) ;
#3135 = CARTESIAN_POINT ( 'NONE',  ( 32.29331124516315299, 17.86100263228771823, -11.05487952361501591 ) ) ;
#3136 = CARTESIAN_POINT ( 'NONE',  ( 32.46319889127379810, 29.34472237044894172, 6.291371151664927247E-30 ) ) ;
#3137 = CARTESIAN_POINT ( 'NONE',  ( 12.04958681999617376, -10.86847250226128558, -16.12066113143250590 ) ) ;
#3138 = ORIENTED_EDGE ( 'NONE', *, *, #2189, .F. ) ;
#3139 = CARTESIAN_POINT ( 'NONE',  ( -13.13808440613499329, 41.45337843945575429, 3.469446951953614189E-15 ) ) ;
#3140 = CARTESIAN_POINT ( 'NONE',  ( 1.732051398952697774, 42.95785404979847044, -6.629627487872918223 ) ) ;
#3141 = EDGE_CURVE ( 'NONE', #330, #3336, #788, .T. ) ;
#3142 =( LENGTH_UNIT ( ) NAMED_UNIT ( * ) SI_UNIT ( .MILLI., .METRE. ) );
#3143 = MECHANICAL_DESIGN_GEOMETRIC_PRESENTATION_REPRESENTATION (  '', ( #2641 ), #2591 ) ;
#3144 = CARTESIAN_POINT ( 'NONE',  ( 18.71617322699460573, -10.31869649383529541, -16.31602583597862477 ) ) ;
#3145 = CARTESIAN_POINT ( 'NONE',  ( -15.13321582687193079, 9.204454310215513857, -8.519556105060607010 ) ) ;
#3146 = AXIS2_PLACEMENT_3D ( 'NONE', #3062, #2754, #3666 ) ;
#3147 = CARTESIAN_POINT ( 'NONE',  ( 26.29331124516313878, 14.86100263228771645, -8.421421619807279768 ) ) ;
#3148 = EDGE_CURVE ( 'NONE', #3393, #32, #83, .T. ) ;
#3149 = ORIENTED_EDGE ( 'NONE', *, *, #3215, .T. ) ;
#3150 = CARTESIAN_POINT ( 'NONE',  ( -39.22777351882408681, 24.80946231434958094, 1.301042606982605715E-15 ) ) ;
#3151 = VECTOR ( 'NONE', #416, 1000.000000000000227 ) ;
#3152 = CARTESIAN_POINT ( 'NONE',  ( 40.90200538505077787, 5.874835502875471960, -13.16836418381292972 ) ) ;
#3153 =( BOUNDED_CURVE ( )  B_SPLINE_CURVE ( 3, ( #1014, #1900, #2433, #1052 ),
 .UNSPECIFIED., .F., .T. ) 
 B_SPLINE_CURVE_WITH_KNOTS ( ( 4, 4 ),
 ( 4.712388980384689674, 7.853981633974482790 ),
 .UNSPECIFIED. ) 
 CURVE ( )  GEOMETRIC_REPRESENTATION_ITEM ( )  RATIONAL_B_SPLINE_CURVE ( ( 1.000000000000000000, 0.3333333333333333703, 0.3333333333333333703, 1.000000000000000000 ) ) 
 REPRESENTATION_ITEM ( '' )  );
#3154 = CARTESIAN_POINT ( 'NONE',  ( -15.13321582687193079, 11.30445431023496106, -12.21097589311220233 ) ) ;
#3155 = CARTESIAN_POINT ( 'NONE',  ( 37.47804753084626839, -1.927593603360766128, -10.48243650275948902 ) ) ;
#3156 = ORIENTED_EDGE ( 'NONE', *, *, #1241, .T. ) ;
#3157 = SURFACE_STYLE_USAGE ( .BOTH. , #871 ) ;
#3158 = CARTESIAN_POINT ( 'NONE',  ( -15.13321582687193256, 14.30445431023033009, -33.14213562373095101 ) ) ;
#3159 = CARTESIAN_POINT ( 'NONE',  ( -40.82951970058492464, 0.1564166575986968011, -14.17667571322707154 ) ) ;
#3160 = PRESENTATION_LAYER_ASSIGNMENT (  '', '', ( #77 ) ) ;
#3161 = CARTESIAN_POINT ( 'NONE',  ( 7.694408834115212592, 42.20551309863527933, -2.760499586954998586E-30 ) ) ;
#3162 = COLOUR_RGB ( '',0.000000000000000000, 1.000000000000000000, 0.000000000000000000 ) ;
#3163 = CARTESIAN_POINT ( 'NONE',  ( -27.92764924506071011, 35.54081935016332494, -16.34271213963313230 ) ) ;
#3164 = CARTESIAN_POINT ( 'NONE',  ( -3.537502656070888651, 42.98365509168138487, -6.625078068058528835 ) ) ;
#3165 = LINE ( 'NONE', #801, #2358 ) ;
#3166 = CARTESIAN_POINT ( 'NONE',  ( 40.38391006596854993, 4.387990036923576476, -3.469446951953614189E-15 ) ) ;
#3167 = PRESENTATION_STYLE_ASSIGNMENT (( #863 ) ) ;
#3168 = ORIENTED_EDGE ( 'NONE', *, *, #1759, .T. ) ;
#3169 = CARTESIAN_POINT ( 'NONE',  ( 36.34638197836309104, 24.79758373455361209, -9.831773121409653982 ) ) ;
#3170 = EDGE_CURVE ( 'NONE', #3716, #1599, #488, .T. ) ;
#3171 = CARTESIAN_POINT ( 'NONE',  ( 41.68613298308011395, 11.02181083288060215, -12.26081356409151724 ) ) ;
#3172 = CARTESIAN_POINT ( 'NONE',  ( 19.01314748386857900, 3.631431569955435368, -13.56393682581434490 ) ) ;
#3173 = CARTESIAN_POINT ( 'NONE',  ( 41.14155398223267923, 14.15344216736002991, -7.646916018643463708 ) ) ;
#3174 = ORIENTED_EDGE ( 'NONE', *, *, #3657, .F. ) ;
#3175 = CYLINDRICAL_SURFACE ( 'NONE', #323, 3.000000000000002665 ) ;
#3176 = CARTESIAN_POINT ( 'NONE',  ( -38.46782370774047166, -2.908882922435443330, -14.71717073314182755 ) ) ;
#3177 = CARTESIAN_POINT ( 'NONE',  ( 35.91893461130580079, 25.35982034085141734, 1.301042606982605321E-15 ) ) ;
#3178 = VERTEX_POINT ( 'NONE', #455 ) ;
#3179 = CARTESIAN_POINT ( 'NONE',  ( 8.039574571549053417, -6.685837765422565582, -15.38314977687250540 ) ) ;
#3180 = CARTESIAN_POINT ( 'NONE',  ( -32.56087974619970993, 32.12548081396362676, 0.000000000000000000 ) ) ;
#3181 = CARTESIAN_POINT ( 'NONE',  ( 39.38548306108643970, 2.228771115889498944, -16.31602583597861766 ) ) ;
#3182 = CARTESIAN_POINT ( 'NONE',  ( -17.03788367393009295, -11.27002461639614772, -16.19146560330805329 ) ) ;
#3183 = ORIENTED_EDGE ( 'NONE', *, *, #430, .F. ) ;
#3184 = CARTESIAN_POINT ( 'NONE',  ( 19.22091778906847281, 38.67493064925531598, -7.384822439696367091 ) ) ;
#3185 = CARTESIAN_POINT ( 'NONE',  ( -40.07370723720310934, 23.31536579263246622, -10.09312813586267765 ) ) ;
#3186 = CARTESIAN_POINT ( 'NONE',  ( 37.90238640933136338, -0.5295338784483926142, -14.29762730016430083 ) ) ;
#3187 = LINE ( 'NONE', #593, #3690 ) ;
#3188 = ORIENTED_EDGE ( 'NONE', *, *, #1009, .T. ) ;
#3189 = LINE ( 'NONE', #1079, #1080 ) ;
#3190 = EDGE_CURVE ( 'NONE', #3243, #2951, #2481, .T. ) ;
#3191 = SURFACE_SIDE_STYLE ('',( #615 ) ) ;
#3192 = CARTESIAN_POINT ( 'NONE',  ( 0.1556489750138123906, -11.29710779479354699, -16.19624109838976977 ) ) ;
#3193 = DIRECTION ( 'NONE',  ( 0.000000000000000000, 1.000000000000000000, 0.000000000000000000 ) ) ;
#3194 = LINE ( 'NONE', #3691, #271 ) ;
#3195 = CARTESIAN_POINT ( 'NONE',  ( -4.721737243240561099, 42.88521840370692217, -16.34271213963313585 ) ) ;
#3196 = CARTESIAN_POINT ( 'NONE',  ( -6.364254721256791036, -11.48387596418423229, -16.22917336578396430 ) ) ;
#3197 = CARTESIAN_POINT ( 'NONE',  ( 20.99908442567798872, 37.78558583240587154, -7.541637926060223762 ) ) ;
#3198 = ORIENTED_EDGE ( 'NONE', *, *, #951, .F. ) ;
#3199 = CARTESIAN_POINT ( 'NONE',  ( 12.02376946124596557, 41.18353322178717946, -6.942488122284333762 ) ) ;
#3200 = CARTESIAN_POINT ( 'NONE',  ( -38.69860621629698016, 25.40715164291541939, -9.724289852593338779 ) ) ;
#3201 = AXIS2_PLACEMENT_3D ( 'NONE', #1990, #2811, #1088 ) ;
#3202 = CARTESIAN_POINT ( 'NONE',  ( 19.80760867721307150, -10.18143816519872580, -15.99951844113519250 ) ) ;
#3203 = COLOUR_RGB ( '',0.000000000000000000, 1.000000000000000000, 0.000000000000000000 ) ;
#3204 = CYLINDRICAL_SURFACE ( 'NONE', #1335, 6.685837765422562029 ) ;
#3205 = ORIENTED_EDGE ( 'NONE', *, *, #1260, .F. ) ;
#3206 = PRESENTATION_STYLE_ASSIGNMENT (( #558 ) ) ;
#3207 = SURFACE_STYLE_FILL_AREA ( #883 ) ;
#3208 = VECTOR ( 'NONE', #2098, 1000.000000000000000 ) ;
#3209 = CARTESIAN_POINT ( 'NONE',  ( 22.68972912231098249, 36.78985141311370199, -7.717212769802351602 ) ) ;
#3210 = PRESENTATION_LAYER_ASSIGNMENT (  '', '', ( #1087 ) ) ;
#3211 = FILL_AREA_STYLE_COLOUR ( '', #2785 ) ;
#3212 = AXIS2_PLACEMENT_3D ( 'NONE', #2061, #1184, #3473 ) ;
#3213 = CARTESIAN_POINT ( 'NONE',  ( 23.80196290877792720, 36.10555355882135586, 3.469446951953614189E-15 ) ) ;
#3214 =( GEOMETRIC_REPRESENTATION_CONTEXT ( 3 ) GLOBAL_UNCERTAINTY_ASSIGNED_CONTEXT ( ( #1197 ) ) GLOBAL_UNIT_ASSIGNED_CONTEXT ( ( #3231, #1532, #2346 ) ) REPRESENTATION_CONTEXT ( 'NONE', 'WORKASPACE' ) );
#3215 = EDGE_CURVE ( 'NONE', #1857, #2261, #3677, .T. ) ;
#3216 = CARTESIAN_POINT ( 'NONE',  ( -17.88321582687193256, 19.80445431023033009, -10.71219655708725149 ) ) ;
#3217 = CARTESIAN_POINT ( 'NONE',  ( 9.660662204614778759, 41.77728537901400330, -6.837793597111561539 ) ) ;
#3218 = AXIS2_PLACEMENT_3D ( 'NONE', #2707, #481, #3635 ) ;
#3219 = ORIENTED_EDGE ( 'NONE', *, *, #1830, .T. ) ;
#3220 = CARTESIAN_POINT ( 'NONE',  ( -36.38027592592005988, -4.879299565795828464, -15.06460835059774617 ) ) ;
#3221 = CARTESIAN_POINT ( 'NONE',  ( 1.617236944924499431, 42.28329652632157121, -2.686863731758911022 ) ) ;
#3222 =( GEOMETRIC_REPRESENTATION_CONTEXT ( 3 ) GLOBAL_UNCERTAINTY_ASSIGNED_CONTEXT ( ( #2563 ) ) GLOBAL_UNIT_ASSIGNED_CONTEXT ( ( #24, #104, #3234 ) ) REPRESENTATION_CONTEXT ( 'NONE', 'WORKASPACE' ) );
#3223 = CARTESIAN_POINT ( 'NONE',  ( -41.69109990429327439, 20.20503845522186737, -10.64156276428367498 ) ) ;
#3224 = CARTESIAN_POINT ( 'NONE',  ( 19.01314748386860387, 2.936838859287221659, -9.624705813765590534 ) ) ;
#3225 = CARTESIAN_POINT ( 'NONE',  ( -15.13321582687193079, 17.30445431023496639, -11.15301400886063909 ) ) ;
#3226 = CARTESIAN_POINT ( 'NONE',  ( -18.98352708307145065, -1.937671936443177589, 3.607460334114244827 ) ) ;
#3227 =( NAMED_UNIT ( * ) PLANE_ANGLE_UNIT ( ) SI_UNIT ( $, .RADIAN. ) );
#3228 = CARTESIAN_POINT ( 'NONE',  ( 37.51710961592768712, 23.16157893777673138, -10.12024490765266904 ) ) ;
#3229 = SURFACE_STYLE_USAGE ( .BOTH. , #2064 ) ;
#3230 = CARTESIAN_POINT ( 'NONE',  ( -5.127418572853157386, -11.44436370428691596, -16.22220628830217848 ) ) ;
#3231 =( LENGTH_UNIT ( ) NAMED_UNIT ( * ) SI_UNIT ( .MILLI., .METRE. ) );
#3232 = CARTESIAN_POINT ( 'NONE',  ( -41.64626204090193085, 1.734932821075251264, -13.89834072411668764 ) ) ;
#3233 = ORIENTED_EDGE ( 'NONE', *, *, #2446, .F. ) ;
#3234 =( NAMED_UNIT ( * ) SI_UNIT ( $, .STERADIAN. ) SOLID_ANGLE_UNIT ( ) );
#3235 = ADVANCED_FACE ( 'NONE', ( #1023, #1639, #2784, #2500, #2743 ), #232, .F. ) ;
#3236 = CARTESIAN_POINT ( 'NONE',  ( -28.58488847197044436, -9.000056698151855272, -15.79120901397895693 ) ) ;
#3237 = ORIENTED_EDGE ( 'NONE', *, *, #3006, .F. ) ;
#3238 = CARTESIAN_POINT ( 'NONE',  ( -34.81945642799924201, 29.99538036914119132, -8.915261334497541768 ) ) ;
#3239 = CARTESIAN_POINT ( 'NONE',  ( 33.15151249674179468, -5.763453701693221021, -15.22050857986789119 ) ) ;
#3240 = FACE_BOUND ( 'NONE', #3121, .T. ) ;
#3241 = CARTESIAN_POINT ( 'NONE',  ( 16.82811190669970003, 16.69688416415277032, -7.198438570745173237 ) ) ;
#3242 = CARTESIAN_POINT ( 'NONE',  ( 8.039574571549039206, 6.685837765422558476, -13.02536260350532160 ) ) ;
#3243 = VERTEX_POINT ( 'NONE', #2175 ) ;
#3244 = DIRECTION ( 'NONE',  ( 0.000000000000000000, 1.000000000000000000, 0.000000000000000000 ) ) ;
#3245 = DIRECTION ( 'NONE',  ( 0.000000000000000000, 1.000000000000000000, 0.000000000000000000 ) ) ;
#3246 = CARTESIAN_POINT ( 'NONE',  ( 28.57239452572679994, 32.75762228926984676, -8.428203556735041957 ) ) ;
#3247 = DIRECTION ( 'NONE',  ( -0.01322932856868140952, 0.9847215711106220848, 0.1736329814725587617 ) ) ;
#3248 =( BOUNDED_CURVE ( )  B_SPLINE_CURVE ( 3, ( #1268, #696, #2663, #435 ),
 .UNSPECIFIED., .F., .T. ) 
 B_SPLINE_CURVE_WITH_KNOTS ( ( 4, 4 ),
 ( 3.141592653589794892, 4.712388980384689674 ),
 .UNSPECIFIED. ) 
 CURVE ( )  GEOMETRIC_REPRESENTATION_ITEM ( )  RATIONAL_B_SPLINE_CURVE ( ( 1.000000000000000000, 0.8047378541243654926, 0.8047378541243654926, 1.000000000000000000 ) ) 
 REPRESENTATION_ITEM ( '' )  );
#3249 = EDGE_LOOP ( 'NONE', ( #1870, #2606, #2147, #379 ) ) ;
#3250 = CARTESIAN_POINT ( 'NONE',  ( 38.57719319368892741, 21.47306652913954395, 0.000000000000000000 ) ) ;
#3251 = FILL_AREA_STYLE ('',( #2945 ) ) ;
#3252 = CARTESIAN_POINT ( 'NONE',  ( -17.87856931691482032, 40.11809264602722180, -7.130354042132427850 ) ) ;
#3253 = CARTESIAN_POINT ( 'NONE',  ( -33.44562855224471321, 31.32805356236584160, 0.000000000000000000 ) ) ;
#3254 = CARTESIAN_POINT ( 'NONE',  ( 12.08258130668156127, 41.16006481289258545, -6.946626235967016783 ) ) ;
#3255 = CARTESIAN_POINT ( 'NONE',  ( -13.47759471619014882, -11.48300170414987953, -16.22901921015175120 ) ) ;
#3256 = ADVANCED_FACE ( 'NONE', ( #2221 ), #3109, .F. ) ;
#3257 = CARTESIAN_POINT ( 'NONE',  ( 39.87226118195352598, 18.74785630286961080, -10.89850329354767133 ) ) ;
#3258 = CARTESIAN_POINT ( 'NONE',  ( -23.33306947693581535, 37.97577323235339009, -7.508102756059014560 ) ) ;
#3259 = CARTESIAN_POINT ( 'NONE',  ( 26.10474340696034190, -9.014241198734174176, -15.79371012414632069 ) ) ;
#3260 = EDGE_CURVE ( 'NONE', #1477, #1550, #2896, .T. ) ;
#3261 = CARTESIAN_POINT ( 'NONE',  ( 40.73214395731845627, 5.351097689264756596, -13.26071329116481756 ) ) ;
#3262 = DIRECTION ( 'NONE',  ( -0.9999124886036886428, -0.01302834534158412057, -0.002297248797702603190 ) ) ;
#3263 = EDGE_LOOP ( 'NONE', ( #2683, #2579, #493, #578 ) ) ;
#3264 = CARTESIAN_POINT ( 'NONE',  ( -14.71377605422038215, 40.35617260859176270, -3.026667673623278709 ) ) ;
#3265 =( LENGTH_UNIT ( ) NAMED_UNIT ( * ) SI_UNIT ( .MILLI., .METRE. ) );
#3266 = APPLICATION_CONTEXT ( 'automotive_design' ) ;
#3267 = CARTESIAN_POINT ( 'NONE',  ( -34.21427473058360391, 30.61259394934407752, -8.806429927446764339 ) ) ;
#3268 = VECTOR ( 'NONE', #1367, 1000.000000000000000 ) ;
#3269 = CARTESIAN_POINT ( 'NONE',  ( 24.82932524470200875, 35.42079862477965690, -7.958613714399995764 ) ) ;
#3270 =( GEOMETRIC_REPRESENTATION_CONTEXT ( 3 ) GLOBAL_UNCERTAINTY_ASSIGNED_CONTEXT ( ( #2673 ) ) GLOBAL_UNIT_ASSIGNED_CONTEXT ( ( #1063, #1923, #2534 ) ) REPRESENTATION_CONTEXT ( 'NONE', 'WORKASPACE' ) );
#3271 = DIRECTION ( 'NONE',  ( 1.000000000000000000, 0.000000000000000000, 0.000000000000000000 ) ) ;
#3272 = CARTESIAN_POINT ( 'NONE',  ( 1.841054344941284615, 42.94859519105889945, 3.469446951953614189E-15 ) ) ;
#3273 = CARTESIAN_POINT ( 'NONE',  ( 41.19724402458710699, 14.91036376678424880, -3.469446951953614189E-15 ) ) ;
#3274 = PRESENTATION_LAYER_ASSIGNMENT (  '', '', ( #3029 ) ) ;
#3275 = CARTESIAN_POINT ( 'NONE',  ( -42.47457663196226463, 18.30939583225510248, -10.97581570449120925 ) ) ;
#3276 = CARTESIAN_POINT ( 'NONE',  ( 13.80119412837369985, 40.66783123161934554, -7.033420297156321332 ) ) ;
#3277 = EDGE_LOOP ( 'NONE', ( #1468, #2284 ) ) ;
#3278 = ORIENTED_EDGE ( 'NONE', *, *, #2982, .F. ) ;
#3279 = CARTESIAN_POINT ( 'NONE',  ( -37.69759898652006314, -3.695144093047830758, -14.85580979139868774 ) ) ;
#3280 = VECTOR ( 'NONE', #2411, 1000.000000000000000 ) ;
#3281 = CARTESIAN_POINT ( 'NONE',  ( -27.24254778603125615, 35.95100779438476479, -7.865123532379100446 ) ) ;
#3282 = PRESENTATION_LAYER_ASSIGNMENT (  '', '', ( #2793 ) ) ;
#3283 = CARTESIAN_POINT ( 'NONE',  ( 26.70655005534990067, -8.836192859349619511, -15.76231539804245507 ) ) ;
#3284 = FACE_BOUND ( 'NONE', #3067, .T. ) ;
#3285 = CARTESIAN_POINT ( 'NONE',  ( 5.868707698641586035, 20.75871820255881062, -6.482227638613555776 ) ) ;
#3286 = AXIS2_PLACEMENT_3D ( 'NONE', #2695, #2460, #3057 ) ;
#3287 = VERTEX_POINT ( 'NONE', #570 ) ;
#3288 = CARTESIAN_POINT ( 'NONE',  ( -6.635196113887154468, 41.96103460356361836, -2.743687203596127056 ) ) ;
#3289 = CARTESIAN_POINT ( 'NONE',  ( 40.65444395555199009, 5.055964200446500634, 1.540743955509772918E-30 ) ) ;
#3290 = CARTESIAN_POINT ( 'NONE',  ( -20.34081881620549126, 39.24639344673177987, -7.284058130030127032 ) ) ;
#3291 = EDGE_CURVE ( 'NONE', #697, #3411, #3346, .T. ) ;
#3292 = CARTESIAN_POINT ( 'NONE',  ( 28.60348190591162165, 32.73362443161550317, -8.432435026518707133 ) ) ;
#3293 = CARTESIAN_POINT ( 'NONE',  ( -19.04305906163062545, 6.873008806304812701, -8.930652851451780450 ) ) ;
#3294 = CARTESIAN_POINT ( 'NONE',  ( -14.71377605422047985, 40.35617260859173427, -3.026667673623284927 ) ) ;
#3295 = CARTESIAN_POINT ( 'NONE',  ( 14.86917716548395774, 40.33961697973320071, 0.000000000000000000 ) ) ;
#3296 = CARTESIAN_POINT ( 'NONE',  ( -10.29892392295721848, -11.50477499798688719, -16.23285842932096301 ) ) ;
#3297 = CARTESIAN_POINT ( 'NONE',  ( 40.38391006596854993, 4.387990036923576476, -16.31602583597862832 ) ) ;
#3298 = CYLINDRICAL_SURFACE ( 'NONE', #1767, 2.749999999999997335 ) ;
#3299 = CARTESIAN_POINT ( 'NONE',  ( -35.18932788261661671, 29.62892761169029399, -16.34271213963313585 ) ) ;
#3300 = CARTESIAN_POINT ( 'NONE',  ( 11.05781542761591041, 41.43819190739814218, -6.897584925139595313 ) ) ;
#3301 = ORIENTED_EDGE ( 'NONE', *, *, #511, .F. ) ;
#3302 = VERTEX_POINT ( 'NONE', #303 ) ;
#3303 = CARTESIAN_POINT ( 'NONE',  ( 38.08706897021031779, -0.9206299371265243003, -10.30488163980927929 ) ) ;
#3304 = CARTESIAN_POINT ( 'NONE',  ( -24.65303438795188029, 37.33912938451534558, -7.620360243534988420 ) ) ;
#3305 = FACE_OUTER_BOUND ( 'NONE', #2109, .T. ) ;
#3306 = CARTESIAN_POINT ( 'NONE',  ( 35.51921006455286545, -3.801389074863297246, -14.87454364825770803 ) ) ;
#3307 = LINE ( 'NONE', #1025, #2058 ) ;
#3308 = ORIENTED_EDGE ( 'NONE', *, *, #3071, .F. ) ;
#3309 = CYLINDRICAL_SURFACE ( 'NONE', #2473, 4.999999999999999112 ) ;
#3310 = CARTESIAN_POINT ( 'NONE',  ( 40.74603568355475147, 16.21234517630526994, -11.34558231505118009 ) ) ;
#3311 = EDGE_CURVE ( 'NONE', #346, #1837, #804, .T. ) ;
#3312 = CARTESIAN_POINT ( 'NONE',  ( -31.06031900786804201, -8.065726341813904909, -1.301042606982611237E-15 ) ) ;
#3313 = CARTESIAN_POINT ( 'NONE',  ( 27.68968580693253756, 32.74557311400089077, -4.368621703885860796 ) ) ;
#3314 = CARTESIAN_POINT ( 'NONE',  ( -29.62863213818731367, -8.614649839742128279, -15.72325138629756047 ) ) ;
#3315 = ORIENTED_EDGE ( 'NONE', *, *, #1653, .T. ) ;
#3316 = FACE_BOUND ( 'NONE', #2163, .T. ) ;
#3317 = CARTESIAN_POINT ( 'NONE',  ( -38.11855487730512948, -3.282315234402959359, -16.34271213963313585 ) ) ;
#3318 = ORIENTED_EDGE ( 'NONE', *, *, #2574, .T. ) ;
#3319 = CARTESIAN_POINT ( 'NONE',  ( -43.53235666827172423, 8.101280081998716298, -8.714075485913472363 ) ) ;
#3320 = CARTESIAN_POINT ( 'NONE',  ( 41.68388624938833686, 10.19292398351826989, -12.40696867958416227 ) ) ;
#3321 = CARTESIAN_POINT ( 'NONE',  ( -18.66463616158935324, 39.84835896625253326, -7.177915367482631481 ) ) ;
#3322 = CARTESIAN_POINT ( 'NONE',  ( 40.92403832815270448, 5.913204279876036473, -13.16159873320600404 ) ) ;
#3323 = ORIENTED_EDGE ( 'NONE', *, *, #205, .F. ) ;
#3324 = CARTESIAN_POINT ( 'NONE',  ( -21.41125010239417037, -6.685837765422561141, -15.38314977687250718 ) ) ;
#3325 = CARTESIAN_POINT ( 'NONE',  ( 41.72064412056932525, 10.83386461352692365, -2.602085213965211036E-15 ) ) ;
#3326 = PRESENTATION_STYLE_ASSIGNMENT (( #2999 ) ) ;
#3327 = CARTESIAN_POINT ( 'NONE',  ( -43.65646678510204737, 11.54620319247009519, 2.602085213965220502E-15 ) ) ;
#3328 = CARTESIAN_POINT ( 'NONE',  ( 32.13917783605442935, 28.97363075800249632, -5.033716910925431165 ) ) ;
#3329 = CARTESIAN_POINT ( 'NONE',  ( -11.31594756255659462, -11.49554175927597655, -16.23123036021688748 ) ) ;
#3330 = ORIENTED_EDGE ( 'NONE', *, *, #1040, .T. ) ;
#3331 = VECTOR ( 'NONE', #3015, 1000.000000000000114 ) ;
#3332 = DIRECTION ( 'NONE',  ( 0.9999124886036886428, 0.01302834534158437731, 0.002297248797702648292 ) ) ;
#3333 = CARTESIAN_POINT ( 'NONE',  ( -32.09081857140339622, -7.624059317720549345, -16.34271213963313230 ) ) ;
#3334 = ORIENTED_EDGE ( 'NONE', *, *, #70, .F. ) ;
#3335 = PRESENTATION_LAYER_ASSIGNMENT (  '', '', ( #2908 ) ) ;
#3336 = VERTEX_POINT ( 'NONE', #2260 ) ;
#3337 = ADVANCED_FACE ( 'NONE', ( #3424 ), #1933, .F. ) ;
#3338 = CARTESIAN_POINT ( 'NONE',  ( -43.38795303008554072, 6.931822094865557560, -8.920282481850062339 ) ) ;
#3339 = CARTESIAN_POINT ( 'NONE',  ( -43.53235666827172423, 8.795872792666425966, -12.65330649796223383 ) ) ;
#3340 = CARTESIAN_POINT ( 'NONE',  ( 22.00549537411258427, -9.887255625527918923, -15.94764612213096733 ) ) ;
#3341 = CARTESIAN_POINT ( 'NONE',  ( -24.67125049517474622, 37.33009181101741092, -7.621953811582814708 ) ) ;
#3342 = DIRECTION ( 'NONE',  ( 1.000000000000000000, 0.000000000000000000, 0.000000000000000000 ) ) ;
#3343 = PRESENTATION_LAYER_ASSIGNMENT (  '', '', ( #2539 ) ) ;
#3344 = FACE_OUTER_BOUND ( 'NONE', #1535, .T. ) ;
#3345 = SURFACE_STYLE_FILL_AREA ( #458 ) ;
#3346 = CIRCLE ( 'NONE', #3455, 2.000000000000000444 ) ;
#3347 = AXIS2_PLACEMENT_3D ( 'NONE', #566, #501, #1435 ) ;
#3348 = CARTESIAN_POINT ( 'NONE',  ( -34.70719732103502508, -6.145794029818248738, 1.301042606982605124E-15 ) ) ;
#3349 = CARTESIAN_POINT ( 'NONE',  ( 32.95666523366010381, 28.14288934887369820, -5.180199035346607417 ) ) ;
#3350 = CARTESIAN_POINT ( 'NONE',  ( 29.04331124516314233, 9.361002632287720004, -12.55365885963362516 ) ) ;
#3351 = CARTESIAN_POINT ( 'NONE',  ( -19.32761557983184275, -11.04485811954156382, -16.15176267476770633 ) ) ;
#3352 = PLANE ( 'NONE',  #2425 ) ;
#3353 = CARTESIAN_POINT ( 'NONE',  ( -28.51261497610485662, -9.013198143289955055, -16.34271213963313585 ) ) ;
#3354 = ORIENTED_EDGE ( 'NONE', *, *, #2067, .F. ) ;
#3355 = CARTESIAN_POINT ( 'NONE',  ( -42.56596627788521658, 17.36408548787070671, -7.080792975806014411 ) ) ;
#3356 = CARTESIAN_POINT ( 'NONE',  ( 37.15307986258567041, -2.424027973860408025, -10.56997127642959633 ) ) ;
#3357 = DIRECTION ( 'NONE',  ( 0.000000000000000000, 0.000000000000000000, 1.000000000000000000 ) ) ;
#3358 = CARTESIAN_POINT ( 'NONE',  ( 5.868707698641586035, 25.85871820261570520, -9.644666484600197265 ) ) ;
#3359 = CARTESIAN_POINT ( 'NONE',  ( 25.47674830186027251, 34.98498979770162975, -8.035458569043720800 ) ) ;
#3360 = CARTESIAN_POINT ( 'NONE',  ( -21.32628225089153062, 38.90448010412139723, -16.34271213963313585 ) ) ;
#3361 = CARTESIAN_POINT ( 'NONE',  ( -16.66598784963256463, 40.55347150109463428, 1.301042606982605124E-15 ) ) ;
#3362 = CARTESIAN_POINT ( 'NONE',  ( -19.27600704485210770, -11.05075306923227174, -16.15280211344810368 ) ) ;
#3363 = ORIENTED_EDGE ( 'NONE', *, *, #1429, .T. ) ;
#3364 = CARTESIAN_POINT ( 'NONE',  ( 38.48283619986457893, 9.761002632291388537, -8.421421619810955050 ) ) ;
#3365 = CARTESIAN_POINT ( 'NONE',  ( -42.96155918800102569, 16.75431636212001152, -16.34271213963313585 ) ) ;
#3366 = ORIENTED_EDGE ( 'NONE', *, *, #3170, .T. ) ;
#3367 = CARTESIAN_POINT ( 'NONE',  ( 34.88266412793346660, -5.112420639311778814, -11.04400743808742291 ) ) ;
#3368 = CARTESIAN_POINT ( 'NONE',  ( -18.95706842593422792, 1.166911304753983414, -13.99849824307216117 ) ) ;
#3369 = ADVANCED_FACE ( 'NONE', ( #1745 ), #2314, .F. ) ;
#3370 = FILL_AREA_STYLE ('',( #2193 ) ) ;
#3371 = ADVANCED_FACE ( 'NONE', ( #174 ), #2095, .F. ) ;
#3372 = FILL_AREA_STYLE ('',( #3390 ) ) ;
#3373 = CARTESIAN_POINT ( 'NONE',  ( 40.47499527919452333, 16.39462515692905953, -7.251734988877585053 ) ) ;
#3374 = VERTEX_POINT ( 'NONE', #153 ) ;
#3375 = FACE_OUTER_BOUND ( 'NONE', #3425, .T. ) ;
#3376 = CARTESIAN_POINT ( 'NONE',  ( -15.65793508426446046, -11.38418807499493113, -3.469446951953614189E-15 ) ) ;
#3377 = EDGE_LOOP ( 'NONE', ( #272, #1634, #847, #2918 ) ) ;
#3378 = STYLED_ITEM ( 'NONE', ( #3431 ), #340 ) ;
#3379 = COLOUR_RGB ( '',0.000000000000000000, 1.000000000000000000, 0.000000000000000000 ) ;
#3380 = CARTESIAN_POINT ( 'NONE',  ( -25.19194214947617994, -10.70177132008474707, -12.02956076774892757 ) ) ;
#3381 = VECTOR ( 'NONE', #3416, 1000.000000000000000 ) ;
#3382 = AXIS2_PLACEMENT_3D ( 'NONE', #158, #1868, #2182 ) ;
#3383 = CARTESIAN_POINT ( 'NONE',  ( 37.15307986258567041, -1.729435263192697692, -14.50920228847835958 ) ) ;
#3384 = LINE ( 'NONE', #786, #3633 ) ;
#3385 = DIRECTION ( 'NONE',  ( 0.000000000000000000, 1.000000000000000000, 0.000000000000000000 ) ) ;
#3386 = DIRECTION ( 'NONE',  ( 0.000000000000000000, -0.9848077530121863710, -0.1736481776670531774 ) ) ;
#3387 = CARTESIAN_POINT ( 'NONE',  ( 35.78823713220793223, 25.52848702089881883, -9.702895151738580637 ) ) ;
#3388 = DIRECTION ( 'NONE',  ( 0.000000000000000000, 1.497534851276745554E-16, 1.000000000000000000 ) ) ;
#3389 = CARTESIAN_POINT ( 'NONE',  ( 37.61954499308755828, -0.9990603474673344087, -14.38041748480918081 ) ) ;
#3390 = FILL_AREA_STYLE_COLOUR ( '', #553 ) ;
#3391 = VECTOR ( 'NONE', #2989, 1000.000000000000000 ) ;
#3392 = SURFACE_STYLE_FILL_AREA ( #3115 ) ;
#3393 = VERTEX_POINT ( 'NONE', #2996 ) ;
#3394 = EDGE_CURVE ( 'NONE', #3178, #2322, #2796, .T. ) ;
#3395 = CYLINDRICAL_SURFACE ( 'NONE', #653, 2.750000000000000888 ) ;
#3396 = CARTESIAN_POINT ( 'NONE',  ( -39.64661584326878341, -1.555923322236409057, -14.47860745181801967 ) ) ;
#3397 = AXIS2_PLACEMENT_3D ( 'NONE', #3119, #2809, #1987 ) ;
#3398 = LINE ( 'NONE', #798, #3381 ) ;
#3399 = VECTOR ( 'NONE', #2874, 1000.000000000000000 ) ;
#3400 = CARTESIAN_POINT ( 'NONE',  ( -9.889195508406531943, 42.12600290196698438, -6.776305289169028967 ) ) ;
#3401 = CARTESIAN_POINT ( 'NONE',  ( -42.93620760961985638, 4.620772835407626289, -9.327782820038812872 ) ) ;
#3402 = CARTESIAN_POINT ( 'NONE',  ( 19.82887316791405397, -10.18730040213707255, -16.31602583597862122 ) ) ;
#3403 = PRODUCT_DEFINITION_CONTEXT ( 'detailed design', #3266, 'design' ) ;
#3404 = CARTESIAN_POINT ( 'NONE',  ( 5.868707698641586035, 25.85871820260354426, -6.700000000000000178 ) ) ;
#3405 = VERTEX_POINT ( 'NONE', #1314 ) ;
#3406 = CARTESIAN_POINT ( 'NONE',  ( 21.29331124516314233, 14.86100263228771823, -6.700000000000000178 ) ) ;
#3407 = CARTESIAN_POINT ( 'NONE',  ( 41.60543705771362255, 9.098807734203637310, -12.59989089437449650 ) ) ;
#3408 = CARTESIAN_POINT ( 'NONE',  ( -18.95706842593419594, 0.4723185940857699272, -10.05926723102341036 ) ) ;
#3409 = CARTESIAN_POINT ( 'NONE',  ( 5.868707698641586035, 25.85871820261570520, -8.582227638670445913 ) ) ;
#3410 = CARTESIAN_POINT ( 'NONE',  ( 24.33005708067436856, -10.14122185216254302, -11.93072077253246555 ) ) ;
#3411 = VERTEX_POINT ( 'NONE', #398 ) ;
#3412 =( NAMED_UNIT ( * ) PLANE_ANGLE_UNIT ( ) SI_UNIT ( $, .RADIAN. ) );
#3413 = CARTESIAN_POINT ( 'NONE',  ( -37.04090279250193873, -4.297046986341757524, -14.96194151125861183 ) ) ;
#3414 = EDGE_CURVE ( 'NONE', #2033, #3374, #1597, .T. ) ;
#3415 = CARTESIAN_POINT ( 'NONE',  ( -10.07030532133482303, 9.654299767268526011, -12.50194266137607890 ) ) ;
#3416 = DIRECTION ( 'NONE',  ( 0.000000000000000000, 0.000000000000000000, 1.000000000000000000 ) ) ;
#3417 = CYLINDRICAL_SURFACE ( 'NONE', #2778, 2.000000000000000444 ) ;
#3418 = ORIENTED_EDGE ( 'NONE', *, *, #731, .T. ) ;
#3419 = CARTESIAN_POINT ( 'NONE',  ( -3.001705698736520489, 43.01843180712860715, -3.469446951953614189E-15 ) ) ;
#3420 = CARTESIAN_POINT ( 'NONE',  ( -0.8685120626194248183, 43.05745800771916265, -6.612064622706117056 ) ) ;
#3421 = DIRECTION ( 'NONE',  ( -7.678886376986422251E-15, 0.1736481776670532051, -0.9848077530121863710 ) ) ;
#3422 = CARTESIAN_POINT ( 'NONE',  ( 32.84479934538401835, -6.024666429806598167, 0.000000000000000000 ) ) ;
#3423 = DIRECTION ( 'NONE',  ( -0.000000000000000000, -1.497534851276745554E-16, -1.000000000000000000 ) ) ;
#3424 = FACE_OUTER_BOUND ( 'NONE', #2270, .T. ) ;
#3425 = EDGE_LOOP ( 'NONE', ( #3038, #1226 ) ) ;
#3426 = CARTESIAN_POINT ( 'NONE',  ( 40.98471197247243936, 6.133820002919993186, -13.12269822886975668 ) ) ;
#3427 = DIRECTION ( 'NONE',  ( 0.000000000000000000, 0.000000000000000000, 1.000000000000000000 ) ) ;
#3428 = CARTESIAN_POINT ( 'NONE',  ( 41.53580399420506097, 7.758101471393071158, -8.774587134165292568 ) ) ;
#3429 = ORIENTED_EDGE ( 'NONE', *, *, #3056, .T. ) ;
#3430 = DIRECTION ( 'NONE',  ( 7.677518879091899977E-15, -0.1736481776670531774, 0.9848077530121863710 ) ) ;
#3431 = PRESENTATION_STYLE_ASSIGNMENT (( #3117 ) ) ;
#3432 = CARTESIAN_POINT ( 'NONE',  ( -32.89758182883004167, -7.216858949176100602, -15.47678313890205715 ) ) ;
#3433 = DIRECTION ( 'NONE',  ( 0.000000000000000000, 0.000000000000000000, 1.000000000000000000 ) ) ;
#3434 = CARTESIAN_POINT ( 'NONE',  ( 28.46376649442463602, 32.84564439251719392, -2.602085213965210642E-15 ) ) ;
#3435 = DIRECTION ( 'NONE',  ( 0.000000000000000000, -0.9848077530121863710, -0.1736481776670531219 ) ) ;
#3436 = ORIENTED_EDGE ( 'NONE', *, *, #817, .T. ) ;
#3437 = LINE ( 'NONE', #3179, #150 ) ;
#3438 = CARTESIAN_POINT ( 'NONE',  ( -17.78369249409453090, 40.16182352791656029, -3.469446951953614189E-15 ) ) ;
#3439 = CARTESIAN_POINT ( 'NONE',  ( -4.531743471531708423, 42.90013918308488172, -6.639804176062473751 ) ) ;
#3440 =( LENGTH_UNIT ( ) NAMED_UNIT ( * ) SI_UNIT ( .MILLI., .METRE. ) );
#3441 = ADVANCED_FACE ( 'NONE', ( #126 ), #1293, .F. ) ;
#3442 = CARTESIAN_POINT ( 'NONE',  ( 25.25326238029580139, 35.13704507203826921, 0.000000000000000000 ) ) ;
#3443 = PRESENTATION_STYLE_ASSIGNMENT (( #2547 ) ) ;
#3444 =( GEOMETRIC_REPRESENTATION_CONTEXT ( 3 ) GLOBAL_UNCERTAINTY_ASSIGNED_CONTEXT ( ( #3108 ) ) GLOBAL_UNIT_ASSIGNED_CONTEXT ( ( #2161, #1627, #3739 ) ) REPRESENTATION_CONTEXT ( 'NONE', 'WORKASPACE' ) );
#3445 = PRESENTATION_STYLE_ASSIGNMENT (( #324 ) ) ;
#3446 = EDGE_LOOP ( 'NONE', ( #2735, #82 ) ) ;
#3447 = CARTESIAN_POINT ( 'NONE',  ( 3.953240331400393437, 42.07340352060623445, -2.723873531728521868 ) ) ;
#3448 = CARTESIAN_POINT ( 'NONE',  ( -35.51184966269776311, 29.28660649422948481, 1.301042606982606899E-15 ) ) ;
#3449 = CARTESIAN_POINT ( 'NONE',  ( 39.45883959905812333, 2.386462435698220474, -13.78345847433346449 ) ) ;
#3450 = FACE_OUTER_BOUND ( 'NONE', #2548, .T. ) ;
#3451 = EDGE_LOOP ( 'NONE', ( #2408, #1095, #658, #1101 ) ) ;
#3452 = CARTESIAN_POINT ( 'NONE',  ( -36.48048964436900121, -4.789271296271521372, -15.04873393765990208 ) ) ;
#3453 = CARTESIAN_POINT ( 'NONE',  ( 14.57806759109943506, 40.44307997986111758, -1.219755631445231904E-29 ) ) ;
#3454 = ORIENTED_EDGE ( 'NONE', *, *, #2954, .T. ) ;
#3455 = AXIS2_PLACEMENT_3D ( 'NONE', #25, #2837, #7 ) ;
#3456 = CARTESIAN_POINT ( 'NONE',  ( -2.277810933772755675, 43.04768581468063360, -6.613787723999585921 ) ) ;
#3457 = PRESENTATION_LAYER_ASSIGNMENT (  '', '', ( #2662 ) ) ;
#3458 = CARTESIAN_POINT ( 'NONE',  ( -29.85920018606282866, 34.28151735790578414, 0.000000000000000000 ) ) ;
#3459 = CARTESIAN_POINT ( 'NONE',  ( -8.044021686989946573, 4.606502438336419480, 4.761374842849592781 ) ) ;
#3460 = CARTESIAN_POINT ( 'NONE',  ( 38.84826982928614569, 1.175062653024463222, 0.000000000000000000 ) ) ;
#3461 = DIRECTION ( 'NONE',  ( -0.9999124886036886428, -0.01302834534158435822, -0.002297248797702644389 ) ) ;
#3462 = DIRECTION ( 'NONE',  ( 0.000000000000000000, 1.497534851276745554E-16, 1.000000000000000000 ) ) ;
#3463 = EDGE_CURVE ( 'NONE', #1550, #1605, #3307, .T. ) ;
#3464 =( LENGTH_UNIT ( ) NAMED_UNIT ( * ) SI_UNIT ( .MILLI., .METRE. ) );
#3465 = ORIENTED_EDGE ( 'NONE', *, *, #1650, .T. ) ;
#3466 = CARTESIAN_POINT ( 'NONE',  ( 0.4441093681442623287, 43.04248814206089691, -6.614704213919325504 ) ) ;
#3467 = B_SPLINE_SURFACE_WITH_KNOTS ( 'NONE', 3, 1, ( 
 ( #2585, #2351 ),
 ( #2313, #2371 ),
 ( #2895, #3537 ),
 ( #391, #84 ),
 ( #369, #933 ),
 ( #1800, #1196 ),
 ( #1162, #1243 ),
 ( #1455, #321 ),
 ( #1507, #915 ),
 ( #623, #2392 ),
 ( #1783, #3196 ),
 ( #2070, #3480 ),
 ( #589, #3255 ),
 ( #2915, #3182 ),
 ( #2086, #105 ),
 ( #60, #874 ),
 ( #2603, #1816 ),
 ( #2655, #2631 ),
 ( #1762, #2970 ),
 ( #3498, #341 ),
 ( #1534, #3236 ),
 ( #893, #2934 ),
 ( #2031, #602 ),
 ( #1473, #43 ),
 ( #2672, #356 ),
 ( #1178, #3552 ),
 ( #634, #2332 ),
 ( #2053, #3220 ),
 ( #950, #3517 ),
 ( #2111, #3279 ),
 ( #671, #1838 ),
 ( #411, #2992 ),
 ( #1244, #2394 ),
 ( #1858, #1556 ),
 ( #2089, #2112 ),
 ( #690, #1576 ),
 ( #3519, #2717 ),
 ( #916, #1287 ),
 ( #2072, #2477 ),
 ( #1904, #2238 ),
 ( #3401, #2780 ),
 ( #1878, #1019 ),
 ( #1894, #3087 ),
 ( #3052, #3339 ),
 ( #733, #211 ),
 ( #467, #1617 ),
 ( #2761, #2496 ),
 ( #190, #1347 ),
 ( #1327, #1057 ),
 ( #763, #3639 ),
 ( #3066, #710 ),
 ( #2492, #3028 ),
 ( #1633, #1930 ),
 ( #483, #1598 ),
 ( #1307, #2758 ),
 ( #187, #1496 ),
 ( #3490, #2325 ),
 ( #2559, #885 ),
 ( #2639, #35 ),
 ( #71, #2404 ),
 ( #2099, #3267 ),
 ( #3590, #1562 ),
 ( #1607, #1585 ),
 ( #2680, #2724 ),
 ( #3019, #3040 ),
 ( #130, #2666 ),
 ( #1519, #3565 ),
 ( #662, #985 ),
 ( #2698, #156 ),
 ( #1028, #3290 ),
 ( #3626, #1273 ),
 ( #679, #2445 ),
 ( #96, #2750 ),
 ( #2179, #178 ) ),
 .UNSPECIFIED., .F., .F., .F.,
 ( 4, 2, 2, 2, 2, 2, 2, 2, 2, 2, 2, 2, 2, 2, 2, 2, 2, 2, 2, 2, 2, 2, 2, 2, 2, 2, 2, 2, 2, 2, 2, 2, 2, 2, 2, 2, 4 ),
 ( 2, 2 ),
 ( 0.000000000000000000, 0.01562500000000011102, 0.03125000000000022204, 0.04687500000000022204, 0.06250000000000033307, 0.09375000000000055511, 0.1250000000000007772, 0.1406250000000007772, 0.1562500000000008882, 0.1718750000000009992, 0.1875000000000011102, 0.1953125000000011102, 0.2031250000000011102, 0.2187500000000009992, 0.2265625000000009992, 0.2343750000000009992, 0.2500000000000009992, 0.2539062500000009992, 0.2578125000000009992, 0.2656250000000009992, 0.2812500000000008882, 0.2890625000000008882, 0.2968750000000007772, 0.3125000000000006661, 0.3203125000000006661, 0.3281250000000006661, 0.3437500000000006661, 0.3593750000000006661, 0.3750000000000006661, 0.3906250000000005551, 0.4062500000000005551, 0.4218750000000005551, 0.4375000000000005551, 0.4531250000000005551, 0.4687500000000004441, 0.4843750000000004441, 0.5000000000000004441 ),
 ( 0.000000000000000000, 1.000000000000000000 ),
 .UNSPECIFIED. ) ;
#3468 = CARTESIAN_POINT ( 'NONE',  ( -43.43287631967107387, 7.901888918621408742, -12.81093997527875672 ) ) ;
#3469 = CARTESIAN_POINT ( 'NONE',  ( 41.39815175051545992, 7.655915697763168382, -12.85431169064851709 ) ) ;
#3470 =( NAMED_UNIT ( * ) PLANE_ANGLE_UNIT ( ) SI_UNIT ( $, .RADIAN. ) );
#3471 = CARTESIAN_POINT ( 'NONE',  ( 8.039574571549039206, -3.552713678800500929E-15, -6.700000000000000178 ) ) ;
#3472 = VERTEX_POINT ( 'NONE', #2177 ) ;
#3473 = DIRECTION ( 'NONE',  ( 0.000000000000000000, -0.9848077530121863710, -0.1736481776670531774 ) ) ;
#3474 =( NAMED_UNIT ( * ) SI_UNIT ( $, .STERADIAN. ) SOLID_ANGLE_UNIT ( ) );
#3475 =( LENGTH_UNIT ( ) NAMED_UNIT ( * ) SI_UNIT ( .MILLI., .METRE. ) );
#3476 = FILL_AREA_STYLE_COLOUR ( '', #63 ) ;
#3477 = LINE ( 'NONE', #838, #849 ) ;
#3478 = CARTESIAN_POINT ( 'NONE',  ( -6.065741365762698400, 42.72467342376196342, -6.670743523621613491 ) ) ;
#3479 = APPLICATION_PROTOCOL_DEFINITION ( 'draft international standard', 'automotive_design', 1998, #3266 ) ;
#3480 = CARTESIAN_POINT ( 'NONE',  ( -11.10592973138083472, -11.51569147382060088, -16.23478329853784530 ) ) ;
#3481 = UNCERTAINTY_MEASURE_WITH_UNIT (LENGTH_MEASURE( 1.000000000000000082E-05 ), #3142, 'distance_accuracy_value', 'NONE');
#3482 = ORIENTED_EDGE ( 'NONE', *, *, #3311, .T. ) ;
#3483 = CARTESIAN_POINT ( 'NONE',  ( 36.69603254289494032, 23.63157953198137307, -5.975664674399689069 ) ) ;
#3484 = CARTESIAN_POINT ( 'NONE',  ( -43.64220384465517100, 11.42493755470276184, -12.18973144638900052 ) ) ;
#3485 = CARTESIAN_POINT ( 'NONE',  ( 33.87496826758756185, -5.226067383243543141, -15.12575287286155401 ) ) ;
#3486 = DIRECTION ( 'NONE',  ( -1.000000000000000000, 4.315460875543731705E-16, 0.000000000000000000 ) ) ;
#3487 = VERTEX_POINT ( 'NONE', #1621 ) ;
#3488 = FILL_AREA_STYLE_COLOUR ( '', #73 ) ;
#3489 = DIRECTION ( 'NONE',  ( 0.000000000000000000, 0.000000000000000000, 1.000000000000000000 ) ) ;
#3490 = CARTESIAN_POINT ( 'NONE',  ( -38.77934480738563394, 24.62965498130889230, -5.799677043900521412 ) ) ;
#3491 = ADVANCED_FACE ( 'NONE', ( #3344 ), #1301, .T. ) ;
#3492 = CARTESIAN_POINT ( 'NONE',  ( -1.439725497963532108, -11.34539897091004512, -16.20475613566923556 ) ) ;
#3493 = VERTEX_POINT ( 'NONE', #724 ) ;
#3494 = CARTESIAN_POINT ( 'NONE',  ( 8.039574571549053417, -6.685837765422565582, -6.700000000000000178 ) ) ;
#3495 = B_SPLINE_SURFACE_WITH_KNOTS ( 'NONE', 3, 1, ( 
 ( #3106, #1675 ),
 ( #1106, #2524 ),
 ( #1916, #2801 ),
 ( #1693, #2813 ),
 ( #244, #1378 ),
 ( #2259, #1419 ),
 ( #1364, #231 ),
 ( #1069, #1400 ),
 ( #3088, #2562 ),
 ( #3144, #3693 ),
 ( #3402, #3126 ),
 ( #3069, #264 ),
 ( #802, #546 ),
 ( #1953, #2546 ),
 ( #2217, #529 ),
 ( #1348, #2498 ),
 ( #1905, #3731 ),
 ( #2833, #2192 ),
 ( #213, #3422 ),
 ( #821, #1712 ),
 ( #486, #1637 ),
 ( #3658, #1058 ),
 ( #765, #503 ),
 ( #2511, #929 ),
 ( #5, #3460 ),
 ( #3181, #2966 ),
 ( #301, #118 ),
 ( #3297, #3166 ),
 ( #969, #100 ),
 ( #424, #2082 ),
 ( #1998, #1566 ),
 ( #567, #2584 ),
 ( #2386, #1732 ),
 ( #946, #1217 ),
 ( #2367, #3273 ),
 ( #2875, #2988 ),
 ( #1814, #2128 ),
 ( #3529, #407 ),
 ( #76, #3250 ),
 ( #1436, #1146 ),
 ( #2274, #2704 ),
 ( #1835, #3550 ),
 ( #2298, #647 ),
 ( #2648, #388 ),
 ( #1551, #860 ),
 ( #2684, #686 ),
 ( #1531, #2670 ),
 ( #1236, #2103 ),
 ( #2014, #588 ),
 ( #1742, #667 ),
 ( #2894, #1256 ),
 ( #2409, #320 ),
 ( #3573, #1502 ),
 ( #1853, #3005 ),
 ( #1124, #3442 ),
 ( #842, #3213 ),
 ( #3571, #684 ),
 ( #2365, #1548 ),
 ( #1214, #3547 ),
 ( #1499, #967 ),
 ( #926, #2384 ),
 ( #2102, #3295 ),
 ( #1851, #2046 ),
 ( #3003, #422 ),
 ( #617, #1189 ),
 ( #406, #37 ),
 ( #1776, #3527 ),
 ( #944, #2646 ),
 ( #2929, #99 ),
 ( #645, #349 ),
 ( #1812, #2964 ),
 ( #2627, #53 ),
 ( #2344, #387 ),
 ( #117, #3272 ) ),
 .UNSPECIFIED., .F., .F., .F.,
 ( 4, 2, 2, 2, 2, 2, 2, 2, 2, 2, 2, 2, 2, 2, 2, 2, 2, 2, 2, 2, 2, 2, 2, 2, 2, 2, 2, 2, 2, 2, 2, 2, 2, 2, 2, 2, 4 ),
 ( 2, 2 ),
 ( 0.000000000000000000, 0.03124999999999998612, 0.06249999999999997224, 0.1249999999999999306, 0.1874999999999998890, 0.2187499999999998890, 0.2499999999999998612, 0.2812499999999998335, 0.3124999999999998335, 0.3437499999999997780, 0.3749999999999997780, 0.4062499999999997780, 0.4218749999999997780, 0.4374999999999997780, 0.4687499999999997224, 0.4843749999999997224, 0.4999999999999997224, 0.5624999999999998890, 0.5937500000000000000, 0.6093750000000000000, 0.6249999999999998890, 0.6406249999999998890, 0.6562499999999998890, 0.6874999999999998890, 0.7187499999999998890, 0.7499999999999998890, 0.7656249999999998890, 0.7812499999999998890, 0.8125000000000000000, 0.8437500000000001110, 0.8750000000000001110, 0.8906250000000001110, 0.9062500000000001110, 0.9375000000000001110, 0.9531250000000001110, 0.9687500000000001110, 1.000000000000000000 ),
 ( 0.000000000000000000, 1.000000000000000000 ),
 .UNSPECIFIED. ) ;
#3496 = CARTESIAN_POINT ( 'NONE',  ( -38.36689977043415922, 25.89305135496530852, -16.34271213963313230 ) ) ;
#3497 = CARTESIAN_POINT ( 'NONE',  ( -0.8115560432440771521, 43.05692240869972665, -6.612159063264084757 ) ) ;
#3498 = CARTESIAN_POINT ( 'NONE',  ( -27.46086973305262546, -10.06245318524865873, -11.91683173132111229 ) ) ;
#3499 = CARTESIAN_POINT ( 'NONE',  ( -36.51841036693144105, 28.15168501303067572, -9.240354569986944711 ) ) ;
#3500 = MECHANICAL_DESIGN_GEOMETRIC_PRESENTATION_REPRESENTATION (  '', ( #131 ), #1917 ) ;
#3501 = CARTESIAN_POINT ( 'NONE',  ( 23.30538398288957680, -9.647522968642890717, -15.90537478657209292 ) ) ;
#3502 = MECHANICAL_DESIGN_GEOMETRIC_PRESENTATION_REPRESENTATION (  '', ( #2528 ), #141 ) ;
#3503 = DIRECTION ( 'NONE',  ( 0.000000000000000000, 0.000000000000000000, 1.000000000000000000 ) ) ;
#3504 = ORIENTED_EDGE ( 'NONE', *, *, #451, .F. ) ;
#3505 = FILL_AREA_STYLE_COLOUR ( '', #895 ) ;
#3506 = VECTOR ( 'NONE', #1350, 1000.000000000000000 ) ;
#3507 = CARTESIAN_POINT ( 'NONE',  ( 33.04383346450712367, 28.72429191042505181, -9.139388524637030997 ) ) ;
#3508 = SURFACE_STYLE_FILL_AREA ( #2341 ) ;
#3509 = EDGE_CURVE ( 'NONE', #2370, #1702, #2841, .T. ) ;
#3510 = LINE ( 'NONE', #74, #2220 ) ;
#3511 =( BOUNDED_CURVE ( )  B_SPLINE_CURVE ( 3, ( #2694, #1861, #2440, #3285 ),
 .UNSPECIFIED., .F., .T. ) 
 B_SPLINE_CURVE_WITH_KNOTS ( ( 4, 4 ),
 ( -5.329070518200751394E-14, 3.141592653589756257 ),
 .UNSPECIFIED. ) 
 CURVE ( )  GEOMETRIC_REPRESENTATION_ITEM ( )  RATIONAL_B_SPLINE_CURVE ( ( 1.000000000000000000, 0.3333333333333278747, 0.3333333333333278747, 1.000000000000000000 ) ) 
 REPRESENTATION_ITEM ( '' )  );
#3512 = PRESENTATION_LAYER_ASSIGNMENT (  '', '', ( #1344 ) ) ;
#3513 = CARTESIAN_POINT ( 'NONE',  ( -15.13321582687193079, 14.30445431023496461, -11.68199495100980378 ) ) ;
#3514 = CARTESIAN_POINT ( 'NONE',  ( -40.29065847520507759, 22.99264050682980809, -3.469446951953614189E-15 ) ) ;
#3515 = CIRCLE ( 'NONE', #216, 2.000000000000000000 ) ;
#3516 = ORIENTED_EDGE ( 'NONE', *, *, #430, .T. ) ;
#3517 = CARTESIAN_POINT ( 'NONE',  ( -36.83045041964723509, -4.492976587561960500, -14.99648918626746585 ) ) ;
#3518 = UNCERTAINTY_MEASURE_WITH_UNIT (LENGTH_MEASURE( 1.000000000000000082E-05 ), #2885, 'distance_accuracy_value', 'NONE');
#3519 = CARTESIAN_POINT ( 'NONE',  ( -41.39628476166168269, 0.5211069142529708431, -10.05066453382940317 ) ) ;
#3520 = CARTESIAN_POINT ( 'NONE',  ( 37.70521952635786533, 22.19403035414477543, -6.229143380547553122 ) ) ;
#3521 = CARTESIAN_POINT ( 'NONE',  ( -38.38857673106157620, 25.82943075800200106, -9.649830651213825661 ) ) ;
#3522 = CARTESIAN_POINT ( 'NONE',  ( 35.87553394788662331, -3.350068982841301057, -14.79496373910449414 ) ) ;
#3523 = CARTESIAN_POINT ( 'NONE',  ( -37.47989399088920237, -3.902584391976990918, -14.89238711298619577 ) ) ;
#3524 = CARTESIAN_POINT ( 'NONE',  ( 28.93070447926556099, 32.48408320116963210, -2.602085213965210642E-15 ) ) ;
#3525 = ORIENTED_EDGE ( 'NONE', *, *, #1242, .F. ) ;
#3526 = CARTESIAN_POINT ( 'NONE',  ( 35.66474889887503252, 25.68102713262599579, -9.675998214403161768 ) ) ;
#3527 = CARTESIAN_POINT ( 'NONE',  ( 10.06195679407893273, 41.69566439508965061, 0.000000000000000000 ) ) ;
#3528 = CARTESIAN_POINT ( 'NONE',  ( -5.825854395925488483, -11.45999826488122686, -16.22496308316648239 ) ) ;
#3529 = CARTESIAN_POINT ( 'NONE',  ( 38.85943601555611338, 20.95508760265738957, -16.31602583597862477 ) ) ;
#3530 = ADVANCED_FACE ( 'NONE', ( #1225 ), #1530, .F. ) ;
#3531 =( LENGTH_UNIT ( ) NAMED_UNIT ( * ) SI_UNIT ( .MILLI., .METRE. ) );
#3532 = CARTESIAN_POINT ( 'NONE',  ( -39.85068667963679445, -1.312053228128849724, -14.43560657443363837 ) ) ;
#3533 =( BOUNDED_CURVE ( )  B_SPLINE_CURVE ( 3, ( #223, #1928, #3135, #2290 ),
 .UNSPECIFIED., .F., .T. ) 
 B_SPLINE_CURVE_WITH_KNOTS ( ( 4, 4 ),
 ( -4.440892098500626162E-14, 3.141592653589749151 ),
 .UNSPECIFIED. ) 
 CURVE ( )  GEOMETRIC_REPRESENTATION_ITEM ( )  RATIONAL_B_SPLINE_CURVE ( ( 1.000000000000000000, 0.3333333333333332038, 0.3333333333333332038, 1.000000000000000000 ) ) 
 REPRESENTATION_ITEM ( '' )  );
#3534 = CARTESIAN_POINT ( 'NONE',  ( 3.945652026441255344, 42.76869034099950539, -6.662982153505099703 ) ) ;
#3535 = ORIENTED_EDGE ( 'NONE', *, *, #1603, .T. ) ;
#3536 = EDGE_CURVE ( 'NONE', #876, #346, #2240, .T. ) ;
#3537 = CARTESIAN_POINT ( 'NONE',  ( 10.22464989576445760, -10.96388616810971683, -16.13748513504293314 ) ) ;
#3538 = CARTESIAN_POINT ( 'NONE',  ( 39.87226118195352598, 18.05326359220190113, -6.959272281498908086 ) ) ;
#3539 = CARTESIAN_POINT ( 'NONE',  ( -42.89606263552526855, 16.85675944944842541, -11.23195469194166662 ) ) ;
#3540 = DIRECTION ( 'NONE',  ( 0.000000000000000000, -0.7071067811865359154, 0.7071067811865591191 ) ) ;
#3541 = FILL_AREA_STYLE_COLOUR ( '', #390 ) ;
#3542 = CARTESIAN_POINT ( 'NONE',  ( 34.67143256756257585, -4.603213176838929499, -15.01592687121834935 ) ) ;
#3543 = VERTEX_POINT ( 'NONE', #2738 ) ;
#3544 = DIRECTION ( 'NONE',  ( 0.000000000000000000, 0.000000000000000000, 1.000000000000000000 ) ) ;
#3545 = CARTESIAN_POINT ( 'NONE',  ( 20.23011623111104385, 38.17840723791925228, -7.472372913669041772 ) ) ;
#3546 = CARTESIAN_POINT ( 'NONE',  ( -10.04384666419742800, 6.990263914379069909, -8.909977612272456327 ) ) ;
#3547 = CARTESIAN_POINT ( 'NONE',  ( 19.75539176848919354, 38.43825822787801627, 3.469446951953614189E-15 ) ) ;
#3548 = CARTESIAN_POINT ( 'NONE',  ( 0.2827114505040871917, -11.29303890917492836, -16.19552364407379130 ) ) ;
#3549 = ORIENTED_EDGE ( 'NONE', *, *, #706, .T. ) ;
#3550 = CARTESIAN_POINT ( 'NONE',  ( 36.98046686432626728, 23.93481842981244512, 1.040834085586084257E-14 ) ) ;
#3551 = CARTESIAN_POINT ( 'NONE',  ( -37.19621098443737139, 27.37610801007242500, -9.377109721224011096 ) ) ;
#3552 = CARTESIAN_POINT ( 'NONE',  ( -34.00247544654802567, -6.638895385093140256, -15.37487256868167940 ) ) ;
#3553 = UNCERTAINTY_MEASURE_WITH_UNIT (LENGTH_MEASURE( 1.000000000000000082E-05 ), #1946, 'distance_accuracy_value', 'NONE');
#3554 = EDGE_CURVE ( 'NONE', #3393, #1893, #1616, .T. ) ;
#3555 = CARTESIAN_POINT ( 'NONE',  ( 3.012845297350882579, 42.86624167519106265, -6.645781221283093565 ) ) ;
#3556 = CARTESIAN_POINT ( 'NONE',  ( 39.19275331048655175, 1.842515597822363960, -13.87937097791657060 ) ) ;
#3557 = CARTESIAN_POINT ( 'NONE',  ( -31.04535320887713468, 33.37336228502049096, -8.319631982382343693 ) ) ;
#3558 = CARTESIAN_POINT ( 'NONE',  ( 36.02074039983572362, -3.187266532165903943, -14.76625727452493919 ) ) ;
#3559 = CARTESIAN_POINT ( 'NONE',  ( -31.08615366597723551, -8.055150561635221251, -15.62459656787415696 ) ) ;
#3560 = CARTESIAN_POINT ( 'NONE',  ( 41.64042040064926908, 9.341903324116756835, -12.55702658297703067 ) ) ;
#3561 = FACE_BOUND ( 'NONE', #1393, .T. ) ;
#3562 = ORIENTED_EDGE ( 'NONE', *, *, #1320, .F. ) ;
#3563 = SURFACE_SIDE_STYLE ('',( #1252 ) ) ;
#3564 =( NAMED_UNIT ( * ) SI_UNIT ( $, .STERADIAN. ) SOLID_ANGLE_UNIT ( ) );
#3565 = CARTESIAN_POINT ( 'NONE',  ( -25.68693692341012280, 36.82692172409433340, -7.710676273792297586 ) ) ;
#3566 = COLOUR_RGB ( '',0.000000000000000000, 1.000000000000000000, 0.000000000000000000 ) ;
#3567 = CARTESIAN_POINT ( 'NONE',  ( 23.24648930664421442, 36.44938414922604153, -7.777246334473783662 ) ) ;
#3568 = VECTOR ( 'NONE', #2665, 1000.000000000000114 ) ;
#3569 = AXIS2_PLACEMENT_3D ( 'NONE', #2768, #3681, #1353 ) ;
#3570 = CARTESIAN_POINT ( 'NONE',  ( -20.95689340314160276, 1.140854614070814677, -14.00309274066756693 ) ) ;
#3571 = CARTESIAN_POINT ( 'NONE',  ( 22.81645590359288889, 36.73105605007887675, -16.31602583597862122 ) ) ;
#3572 = CARTESIAN_POINT ( 'NONE',  ( 0.1716283440569817131, -11.29659495769953104, -16.19615067137338471 ) ) ;
#3573 = CARTESIAN_POINT ( 'NONE',  ( 26.68491164323379650, 34.14752571720653407, -16.31602583597862477 ) ) ;
#3574 = VECTOR ( 'NONE', #281, 1000.000000000000000 ) ;
#3575 = CARTESIAN_POINT ( 'NONE',  ( 18.05823265348727347, 33.14227303708413075, -4.298672804202492870 ) ) ;
#3576 = CARTESIAN_POINT ( 'NONE',  ( -43.23480830334277414, 6.735645000482342049, -13.01658024412979309 ) ) ;
#3577 = ORIENTED_EDGE ( 'NONE', *, *, #2027, .F. ) ;
#3578 = PRESENTATION_LAYER_ASSIGNMENT (  '', '', ( #1456 ) ) ;
#3579 = B_SPLINE_CURVE_WITH_KNOTS ( 'NONE', 3,
 ( #2263, #2766, #2244, #3112, #197, #1096, #516, #2817, #807, #1679, #1380, #3129, #1333, #2196, #3361, #754, #489, #1641, #3091, #1351, #2501, #3662, #1061, #770, #286, #2279, #3735, #1422, #2568, #1128, #3448, #1976, #3150, #552, #2859, #1717, #1609, #98, #386, #2447, #442, #989, #459, #3327, #1849, #1299, #2159, #2700, #2963, #3001, #1547, #1010, #2752, #136, #1564, #1275, #1231, #2428, #3592, #3608, #665, #2141, #2101, #3348, #1811, #1887, #181, #723, #3312, #421, #405, #3043, #3020, #2124, #2682, #1589, #2728, #702, #1318, #2466, #116, #1525, #2383, #2668 ),
 .UNSPECIFIED., .F., .F.,
 ( 4, 2, 2, 2, 2, 2, 2, 2, 2, 2, 2, 2, 2, 2, 2, 2, 2, 2, 2, 2, 2, 2, 2, 2, 2, 2, 2, 2, 2, 2, 2, 2, 2, 2, 2, 2, 2, 2, 2, 2, 2, 4 ),
 ( 0.2172553000464501338, 0.2207332997206692959, 0.2216027996392240795, 0.2224722995577788631, 0.2242112993948884581, 0.2276892990691075924, 0.2311672987433267545, 0.2381232980917650788, 0.2398622979288746737, 0.2416012977659842687, 0.2450792974402034308, 0.2485572971144225929, 0.2520352967886417828, 0.2537742966257513499, 0.2555132964628609171, 0.2589912961370800515, 0.2659472954855183757, 0.2676862953226279429, 0.2694252951597375101, 0.2729032948339566444, 0.2746422946710662116, 0.2763812945081758343, 0.2798592941823949687, 0.2815982940195045359, 0.2833372938566141030, 0.2868152935308332929, 0.2885542933679428601, 0.2902932932050524828, 0.2920322930421620500, 0.2937712928792716172, 0.2955102927163811843, 0.2972492925534907515, 0.2989882923906003187, 0.3007272922277098859, 0.3024662920648194531, 0.3042052919019290202, 0.3076832915761481546, 0.3111612912503672890, 0.3146392909245864233, 0.3181172905988055577, 0.3215952902730246921, 0.3285512896214629608 ),
 .UNSPECIFIED. ) ;
#3580 = VECTOR ( 'NONE', #2804, 1000.000000000000000 ) ;
#3581 = CARTESIAN_POINT ( 'NONE',  ( 39.96519534161006959, 3.421555061939353326, -13.60094371678931147 ) ) ;
#3582 = CARTESIAN_POINT ( 'NONE',  ( 5.868707698641586035, 25.85871820260354426, -7.000000000000000000 ) ) ;
#3583 = AXIS2_PLACEMENT_3D ( 'NONE', #3415, #540, #1084 ) ;
#3584 = EDGE_CURVE ( 'NONE', #3493, #3737, #1123, .T. ) ;
#3585 = SURFACE_STYLE_USAGE ( .BOTH. , #737 ) ;
#3586 = CARTESIAN_POINT ( 'NONE',  ( 1.841054344941284615, 42.94859519105889945, -6.699999999999999289 ) ) ;
#3587 = COLOUR_RGB ( '',0.000000000000000000, 1.000000000000000000, 0.000000000000000000 ) ;
#3588 = VERTEX_POINT ( 'NONE', #1969 ) ;
#3589 = CARTESIAN_POINT ( 'NONE',  ( 33.94026262648171155, -5.171614390923724436, 1.301042606982605518E-15 ) ) ;
#3590 = CARTESIAN_POINT ( 'NONE',  ( -32.49385060326741836, 31.50630567432980556, -4.587137989813371952 ) ) ;
#3591 = CARTESIAN_POINT ( 'NONE',  ( 18.02378173500913761, 39.19716261255666012, -7.292738854378555402 ) ) ;
#3592 = CARTESIAN_POINT ( 'NONE',  ( -38.31272389361079433, -3.081290422021059960, 0.000000000000000000 ) ) ;
#3593 = CARTESIAN_POINT ( 'NONE',  ( 26.73066769563096656, 33.42707912282635618, -4.248453807014986872 ) ) ;
#3594 = CARTESIAN_POINT ( 'NONE',  ( -28.70998744207272324, -8.943188925600004779, -15.78118169135165516 ) ) ;
#3595 = DIRECTION ( 'NONE',  ( 0.000000000000000000, 0.000000000000000000, 1.000000000000000000 ) ) ;
#3596 = CARTESIAN_POINT ( 'NONE',  ( -42.46898549601678496, 3.563388823370024827, -16.34271213963313585 ) ) ;
#3597 = EDGE_LOOP ( 'NONE', ( #2759, #1183, #1981, #1764 ) ) ;
#3598 = CARTESIAN_POINT ( 'NONE',  ( -32.43853064035423728, -8.151582031741620327, -11.57989359030031196 ) ) ;
#3599 = CARTESIAN_POINT ( 'NONE',  ( 39.16102108746271426, 20.36009663126950286, -10.61422182426449368 ) ) ;
#3600 = CARTESIAN_POINT ( 'NONE',  ( -29.47006048310229431, 34.54090324360844733, -8.113763010300923284 ) ) ;
#3601 = LINE ( 'NONE', #1059, #2649 ) ;
#3602 = CARTESIAN_POINT ( 'NONE',  ( -34.72456422628566486, -6.133975771235969709, -15.28584161766985972 ) ) ;
#3603 = CARTESIAN_POINT ( 'NONE',  ( 38.52169163607464242, 0.5574588602999824838, -14.10596115248304194 ) ) ;
#3604 = ORIENTED_EDGE ( 'NONE', *, *, #3030, .F. ) ;
#3605 = CARTESIAN_POINT ( 'NONE',  ( 14.10378629046195975, 22.14455746666934033, -6.237866785425591587 ) ) ;
#3606 = CARTESIAN_POINT ( 'NONE',  ( 38.36662535490242476, 0.2724780184497182511, -0.000000000000000000 ) ) ;
#3607 = FILL_AREA_STYLE_COLOUR ( '', #3379 ) ;
#3608 = CARTESIAN_POINT ( 'NONE',  ( -37.47086674311583465, -3.911212799745471980, -0.000000000000000000 ) ) ;
#3609 = ADVANCED_FACE ( 'NONE', ( #2273 ), #242, .F. ) ;
#3610 = CARTESIAN_POINT ( 'NONE',  ( -31.30415903825291224, -7.958829745531762256, -15.60761260919741744 ) ) ;
#3611 = ORIENTED_EDGE ( 'NONE', *, *, #2769, .F. ) ;
#3612 = PLANE ( 'NONE',  #3218 ) ;
#3613 = CARTESIAN_POINT ( 'NONE',  ( -31.47906585983121985, -7.891917230703001884, 3.469446951953614189E-15 ) ) ;
#3614 = ORIENTED_EDGE ( 'NONE', *, *, #2294, .T. ) ;
#3615 = EDGE_LOOP ( 'NONE', ( #508, #2450 ) ) ;
#3616 = B_SPLINE_CURVE_WITH_KNOTS ( 'NONE', 3,
 ( #1724, #760, #1964, #1707, #239, #1372, #1912, #2519, #3685, #2849, #275, #2268, #833, #561, #2867, #1428, #294, #2575, #3380, #1041, #2495, #466, #2203, #783, #3598, #2507, #997, #3104, #3672, #1673, #1361, #146, #1635, #485, #1345, #2149, #2170, #1067, #1326, #2777, #3656, #3617, #3338, #3319, #1055, #712, #1877, #3032, #1915, #209, #450, #3355, #500, #1600, #2737, #3050, #3084, #166, #1309, #2455, #1657, #1018, #1615, #745, #189, #2474, #1903, #3068, #2798, #227, #2600, #2, #1160, #523 ),
 .UNSPECIFIED., .F., .F.,
 ( 4, 2, 2, 2, 2, 2, 2, 2, 2, 2, 2, 2, 2, 2, 2, 2, 2, 2, 2, 2, 2, 2, 2, 2, 2, 2, 2, 2, 2, 2, 2, 2, 2, 2, 2, 2, 4 ),
 ( 0.000000000000000000, 0.01562500000000009714, 0.03125000000000019429, 0.04687500000000018041, 0.06250000000000027756, 0.09375000000000047184, 0.1250000000000006661, 0.1406250000000006384, 0.1562500000000007494, 0.1718750000000008327, 0.1875000000000009437, 0.1953125000000009437, 0.2031250000000009159, 0.2187500000000008049, 0.2265625000000008049, 0.2343750000000007772, 0.2500000000000007772, 0.2539062500000007772, 0.2578125000000007772, 0.2656250000000007772, 0.2812500000000006106, 0.2890625000000006106, 0.2968750000000004996, 0.3125000000000003886, 0.3203125000000003886, 0.3281250000000003886, 0.3437500000000003331, 0.3593750000000003331, 0.3750000000000003331, 0.3906250000000002220, 0.4062500000000001665, 0.4218750000000001665, 0.4375000000000001665, 0.4531250000000001665, 0.4687500000000000000, 0.4843750000000000000, 0.5000000000000000000 ),
 .UNSPECIFIED. ) ;
#3617 = CARTESIAN_POINT ( 'NONE',  ( -43.29140997500535804, 6.346515609100991107, -9.023487807274010564 ) ) ;
#3618 = DIRECTION ( 'NONE',  ( -7.677592639748479295E-15, 0.1736481776670532051, -0.9848077530121864820 ) ) ;
#3619 = CARTESIAN_POINT ( 'NONE',  ( 23.75017039119916262, -10.26035782526551365, -11.95172765896347755 ) ) ;
#3620 = CARTESIAN_POINT ( 'NONE',  ( -26.49834547274421226, 36.37888531762358468, -7.789677180593338690 ) ) ;
#3621 = FILL_AREA_STYLE ('',( #2458 ) ) ;
#3622 = CARTESIAN_POINT ( 'NONE',  ( 1.806000787678472719, 42.44982545648870342, 0.000000000000000000 ) ) ;
#3623 = CARTESIAN_POINT ( 'NONE',  ( 31.79360774278443813, -6.657094010308521881, -15.37808147731903041 ) ) ;
#3624 = DIRECTION ( 'NONE',  ( 1.000000000000000000, 0.000000000000000000, 0.000000000000000000 ) ) ;
#3625 = CARTESIAN_POINT ( 'NONE',  ( 21.45194503655635643, -9.966590393792868596, -2.602085213965209064E-15 ) ) ;
#3626 = CARTESIAN_POINT ( 'NONE',  ( -19.23317553945886615, 38.96650307432598481, -3.271703906782902571 ) ) ;
#3627 = FACE_OUTER_BOUND ( 'NONE', #1277, .T. ) ;
#3628 = CARTESIAN_POINT ( 'NONE',  ( 38.62055699600922054, 20.70145566621098965, -6.492324568752798619 ) ) ;
#3629 = FILL_AREA_STYLE_COLOUR ( '', #1195 ) ;
#3630 = B_SPLINE_SURFACE_WITH_KNOTS ( 'NONE', 3, 1, ( 
 ( #3264, #1828 ),
 ( #2980, #401 ),
 ( #1543, #114 ),
 ( #3288, #2224 ),
 ( #3111, #2461 ),
 ( #1957, #2209 ),
 ( #2816, #769 ),
 ( #3647, #1026 ),
 ( #1047, #753 ),
 ( #3090, #3466 ),
 ( #3221, #1166 ),
 ( #3447, #877 ),
 ( #1716, #285 ),
 ( #1110, #1421 ),
 ( #305, #1785 ),
 ( #551, #2034 ),
 ( #2549, #3199 ),
 ( #1179, #606 ),
 ( #28, #1765 ),
 ( #2607, #2018 ),
 ( #825, #267 ),
 ( #1406, #590 ),
 ( #896, #3184 ),
 ( #2919, #1441 ),
 ( #1478, #1149 ),
 ( #2587, #3734 ),
 ( #44, #865 ),
 ( #1748, #2262 ),
 ( #10, #2619 ),
 ( #2898, #2858 ),
 ( #3717, #2567 ),
 ( #2317, #1127 ),
 ( #2278, #2002 ),
 ( #1458, #3169 ),
 ( #3483, #572 ),
 ( #2879, #2674 ),
 ( #3520, #1489 ),
 ( #637, #2073 ),
 ( #1200, #393 ),
 ( #412, #3599 ),
 ( #148, #2437 ),
 ( #3538, #3257 ),
 ( #2972, #2656 ),
 ( #1536, #1288 ),
 ( #651, #106 ),
 ( #917, #1802 ),
 ( #2952, #371 ),
 ( #1510, #1245 ),
 ( #1557, #999 ),
 ( #2150, #3320 ),
 ( #2691, #3011 ),
 ( #2937, #87 ),
 ( #1220, #2373 ),
 ( #934, #1577 ),
 ( #1262, #2416 ),
 ( #2090, #1821 ),
 ( #1859, #3581 ),
 ( #2395, #3556 ),
 ( #978, #953 ),
 ( #2113, #2133 ),
 ( #3303, #2497 ),
 ( #2190, #2478 ),
 ( #3356, #3383 ),
 ( #1618, #3034 ),
 ( #2869, #2204 ),
 ( #3367, #2800 ),
 ( #3673, #3105 ),
 ( #785, #764 ),
 ( #2510, #502 ),
 ( #1935, #1636 ),
 ( #1020, #2172 ),
 ( #296, #169 ),
 ( #2577, #1660 ),
 ( #2456, #229 ),
 ( #746, #1137 ),
 ( #452, #1310 ),
 ( #3619, #1601 ),
 ( #2739, #3340 ),
 ( #734, #1895 ),
 ( #3053, #468 ),
 ( #191, #1328 ),
 ( #1049, #2846 ) ),
 .UNSPECIFIED., .F., .F., .F.,
 ( 4, 2, 2, 2, 2, 2, 2, 2, 2, 2, 2, 2, 2, 2, 2, 2, 2, 2, 2, 2, 2, 2, 2, 2, 2, 2, 2, 2, 2, 2, 2, 2, 2, 2, 2, 2, 2, 2, 2, 2, 4 ),
 ( 2, 2 ),
 ( 0.4999999999881438728, 0.5312500000000004441, 0.5468750000000004441, 0.5546875000000004441, 0.5625000000000004441, 0.5781250000000003331, 0.5937500000000003331, 0.6093750000000002220, 0.6250000000000002220, 0.6406250000000002220, 0.6484375000000002220, 0.6562500000000002220, 0.6875000000000002220, 0.7031250000000001110, 0.7187500000000001110, 0.7343750000000000000, 0.7500000000000000000, 0.7578125000000000000, 0.7656250000000000000, 0.7734375000000000000, 0.7812500000000000000, 0.7890625000000000000, 0.7968750000000000000, 0.8125000000000000000, 0.8203125000000000000, 0.8281250000000000000, 0.8359375000000000000, 0.8437500000000001110, 0.8593750000000001110, 0.8671875000000001110, 0.8750000000000001110, 0.8828125000000002220, 0.8906250000000002220, 0.9062500000000002220, 0.9140625000000001110, 0.9218750000000001110, 0.9375000000000001110, 0.9453125000000001110, 0.9531250000000001110, 0.9687500000000000000, 1.000000000000000000 ),
 ( 0.000000000000000000, 1.000000000000000000 ),
 .UNSPECIFIED. ) ;
#3631 = CARTESIAN_POINT ( 'NONE',  ( -22.85549194114128824, -10.50895045571842701, -16.05726769446715352 ) ) ;
#3632 = EDGE_CURVE ( 'NONE', #484, #3716, #3165, .T. ) ;
#3633 = VECTOR ( 'NONE', #2239, 1000.000000000000000 ) ;
#3634 = AXIS2_PLACEMENT_3D ( 'NONE', #3409, #810, #2552 ) ;
#3635 = DIRECTION ( 'NONE',  ( 0.000000000000000000, 0.9848077530122080203, 0.1736481776669307198 ) ) ;
#3636 = CARTESIAN_POINT ( 'NONE',  ( -38.56862578583634615, -2.814673891646524151, -3.469446951953614189E-15 ) ) ;
#3637 = ORIENTED_EDGE ( 'NONE', *, *, #867, .T. ) ;
#3638 = CARTESIAN_POINT ( 'NONE',  ( -8.887245813484069501, 42.29510376363273139, -6.746488244796192468 ) ) ;
#3639 = CARTESIAN_POINT ( 'NONE',  ( -43.16464784033112778, 15.78034384417843761, -11.42175580560343917 ) ) ;
#3640 =( BOUNDED_CURVE ( )  B_SPLINE_CURVE ( 3, ( #962, #2097, #3324, #1864 ),
 .UNSPECIFIED., .F., .T. ) 
 B_SPLINE_CURVE_WITH_KNOTS ( ( 4, 4 ),
 ( 0.000000000000000000, 3.141592653589793116 ),
 .UNSPECIFIED. ) 
 CURVE ( )  GEOMETRIC_REPRESENTATION_ITEM ( )  RATIONAL_B_SPLINE_CURVE ( ( 1.000000000000000000, 0.3333333333333333703, 0.3333333333333333703, 1.000000000000000000 ) ) 
 REPRESENTATION_ITEM ( '' )  );
#3641 = CARTESIAN_POINT ( 'NONE',  ( -30.18375541410325980, 34.02970022152258878, -8.203901895714423631 ) ) ;
#3642 = PRESENTATION_LAYER_ASSIGNMENT (  '', '', ( #1588 ) ) ;
#3643 = DIRECTION ( 'NONE',  ( 0.000000000000000000, 1.000000000000000000, 0.000000000000000000 ) ) ;
#3644 = CARTESIAN_POINT ( 'NONE',  ( 39.51803284853185261, 19.59085978207077616, -10.74985903533345954 ) ) ;
#3645 = CARTESIAN_POINT ( 'NONE',  ( -17.78369249409453090, 40.16182352791656029, -16.34271213963313585 ) ) ;
#3646 = FACE_OUTER_BOUND ( 'NONE', #1078, .T. ) ;
#3647 = CARTESIAN_POINT ( 'NONE',  ( -1.916735237008761139, 42.36225463470671571, -2.672941286904908065 ) ) ;
#3648 = DIRECTION ( 'NONE',  ( 0.000000000000000000, -1.000000000000000000, 0.000000000000000000 ) ) ;
#3649 = VECTOR ( 'NONE', #767, 1000.000000000000000 ) ;
#3650 = CARTESIAN_POINT ( 'NONE',  ( -8.676074880921317956, -11.49937889372510114, -16.23190695054890753 ) ) ;
#3651 = ORIENTED_EDGE ( 'NONE', *, *, #1213, .T. ) ;
#3652 = FACE_BOUND ( 'NONE', #2308, .T. ) ;
#3653 = CARTESIAN_POINT ( 'NONE',  ( -30.27118343293511060, -8.379712042272709382, -16.34271213963313940 ) ) ;
#3654 = EDGE_LOOP ( 'NONE', ( #3708, #705, #236, #3577 ) ) ;
#3655 = EDGE_CURVE ( 'NONE', #3393, #1165, #1951, .T. ) ;
#3656 = CARTESIAN_POINT ( 'NONE',  ( -42.93620760961985638, 4.620772835407626289, -9.327782820038812872 ) ) ;
#3657 = EDGE_CURVE ( 'NONE', #2897, #689, #454, .T. ) ;
#3658 = CARTESIAN_POINT ( 'NONE',  ( 37.08571073103385629, -1.888491285808006737, -16.31602583597862832 ) ) ;
#3659 = CARTESIAN_POINT ( 'NONE',  ( 26.29331124516313878, 14.86100263228771823, -33.14213562373095101 ) ) ;
#3660 = CARTESIAN_POINT ( 'NONE',  ( -14.71377605422047985, 41.05076531925945460, -6.965898685672119228 ) ) ;
#3661 = CARTESIAN_POINT ( 'NONE',  ( 40.91140934479487612, 15.72188148388940121, -11.43206429707834992 ) ) ;
#3662 = CARTESIAN_POINT ( 'NONE',  ( -26.34806561140338843, 36.47131361111598835, -1.301042606982605321E-15 ) ) ;
#3663 = CARTESIAN_POINT ( 'NONE',  ( 26.29331124516313878, 14.86100263228771645, -10.52142161980727586 ) ) ;
#3664 = CARTESIAN_POINT ( 'NONE',  ( -27.32274078162818043, 21.58800914464949727, -6.336001270665463814 ) ) ;
#3665 = CARTESIAN_POINT ( 'NONE',  ( -6.635196113887154468, 41.96103460356361836, -2.743687203596128388 ) ) ;
#3666 = DIRECTION ( 'NONE',  ( 1.000000000000000000, 0.000000000000000000, 0.000000000000000000 ) ) ;
#3667 = CARTESIAN_POINT ( 'NONE',  ( -15.78083491857496590, -11.34519076954476802, -16.20471942415100486 ) ) ;
#3668 = ORIENTED_EDGE ( 'NONE', *, *, #3554, .T. ) ;
#3669 = DIRECTION ( 'NONE',  ( 1.000000000000000000, 0.000000000000000000, 0.000000000000000000 ) ) ;
#3670 = CARTESIAN_POINT ( 'NONE',  ( -39.76022803492227808, -1.426949021133507411, -16.34271213963313585 ) ) ;
#3671 = ORIENTED_EDGE ( 'NONE', *, *, #884, .F. ) ;
#3672 = CARTESIAN_POINT ( 'NONE',  ( -36.83045041964723509, -5.187569298229670167, -11.05725817421870438 ) ) ;
#3673 = CARTESIAN_POINT ( 'NONE',  ( 33.99323622843128589, -5.869149246470817261, -11.17743910860349743 ) ) ;
#3674 = CARTESIAN_POINT ( 'NONE',  ( 16.85457056383702223, 15.42203373259973098, -11.48493554573903275 ) ) ;
#3675 = CYLINDRICAL_SURFACE ( 'NONE', #2410, 1.999999999999999778 ) ;
#3676 = UNCERTAINTY_MEASURE_WITH_UNIT (LENGTH_MEASURE( 1.000000000000000082E-05 ), #3531, 'distance_accuracy_value', 'NONE');
#3677 = LINE ( 'NONE', #3037, #3649 ) ;
#3678 =( NAMED_UNIT ( * ) SI_UNIT ( $, .STERADIAN. ) SOLID_ANGLE_UNIT ( ) );
#3679 = CARTESIAN_POINT ( 'NONE',  ( 37.78765241482336279, -0.7210958943282874678, -14.33140485204286563 ) ) ;
#3680 = FACE_OUTER_BOUND ( 'NONE', #2402, .T. ) ;
#3681 = DIRECTION ( 'NONE',  ( -0.000000000000000000, -1.497534851276745554E-16, -1.000000000000000000 ) ) ;
#3682 = ORIENTED_EDGE ( 'NONE', *, *, #357, .F. ) ;
#3683 = FACE_OUTER_BOUND ( 'NONE', #3249, .T. ) ;
#3684 = CARTESIAN_POINT ( 'NONE',  ( -39.62507114765706717, -1.583064250439852216, -14.48339312974176707 ) ) ;
#3685 = CARTESIAN_POINT ( 'NONE',  ( -0.4393433981485057593, -12.01052556552001427, -12.26032945233591320 ) ) ;
#3686 = CARTESIAN_POINT ( 'NONE',  ( 24.13630042048252733, 35.88840684153672100, -3.903127820947826218E-15 ) ) ;
#3687 = AXIS2_PLACEMENT_3D ( 'NONE', #1958, #248, #1407 ) ;
#3688 = CARTESIAN_POINT ( 'NONE',  ( 6.663814092197752004, -11.09777977892739287, -16.16109419118149404 ) ) ;
#3689 = PRESENTATION_LAYER_ASSIGNMENT (  '', '', ( #2595 ) ) ;
#3690 = VECTOR ( 'NONE', #2941, 1000.000000000000000 ) ;
#3691 = CARTESIAN_POINT ( 'NONE',  ( 23.54331124516314233, 14.86100263228771823, -33.14213562373095101 ) ) ;
#3692 = VECTOR ( 'NONE', #3540, 1000.000000000000000 ) ;
#3693 = CARTESIAN_POINT ( 'NONE',  ( 18.71617322699460573, -10.31869649383529541, 0.000000000000000000 ) ) ;
#3694 = PRESENTATION_LAYER_ASSIGNMENT (  '', '', ( #2480 ) ) ;
#3695 = CARTESIAN_POINT ( 'NONE',  ( 5.868707698641586035, 20.75871820255881062, -6.482227638613555776 ) ) ;
#3696 = VECTOR ( 'NONE', #2638, 1000.000000000000000 ) ;
#3697 = CARTESIAN_POINT ( 'NONE',  ( -10.04384666419746175, 7.684856625047283174, -12.84920862432120892 ) ) ;
#3698 = EDGE_CURVE ( 'NONE', #499, #2688, #1934, .T. ) ;
#3699 = CARTESIAN_POINT ( 'NONE',  ( 36.94570846676947440, -2.009216520278193308, -14.55853527280506832 ) ) ;
#3700 = PRESENTATION_LAYER_ASSIGNMENT (  '', '', ( #2658 ) ) ;
#3701 = CYLINDRICAL_SURFACE ( 'NONE', #257, 2.000000000000000444 ) ;
#3702 = ORIENTED_EDGE ( 'NONE', *, *, #1526, .F. ) ;
#3703 = CYLINDRICAL_SURFACE ( 'NONE', #1709, 4.999999999999999112 ) ;
#3704 = CARTESIAN_POINT ( 'NONE',  ( -42.15032181962239832, 2.963014253056931668, -13.68179683315591078 ) ) ;
#3705 = FACE_BOUND ( 'NONE', #1571, .T. ) ;
#3706 = CARTESIAN_POINT ( 'NONE',  ( -12.38321582687193079, 14.30445431023033009, -11.68199495098381036 ) ) ;
#3707 = CARTESIAN_POINT ( 'NONE',  ( 7.747799133856935860, -11.06125389072989407, -16.15465369159793241 ) ) ;
#3708 = ORIENTED_EDGE ( 'NONE', *, *, #3414, .F. ) ;
#3709 = CARTESIAN_POINT ( 'NONE',  ( -27.92764924506071011, 35.54081935016332494, 0.000000000000000000 ) ) ;
#3710 = CARTESIAN_POINT ( 'NONE',  ( -0.7735509353703241553, 43.05653795006134743, -6.612226853695000628 ) ) ;
#3711 = SURFACE_SIDE_STYLE ('',( #2830 ) ) ;
#3712 = CARTESIAN_POINT ( 'NONE',  ( 40.20747605357929189, 3.969011095008532664, 1.301042606982604138E-15 ) ) ;
#3713 = DIRECTION ( 'NONE',  ( 0.000000000000000000, 0.000000000000000000, 1.000000000000000000 ) ) ;
#3714 =( NAMED_UNIT ( * ) PLANE_ANGLE_UNIT ( ) SI_UNIT ( $, .RADIAN. ) );
#3715 = DIRECTION ( 'NONE',  ( 7.677952597912910288E-15, -0.1736481776670532051, 0.9848077530121863710 ) ) ;
#3716 = VERTEX_POINT ( 'NONE', #2258 ) ;
#3717 = CARTESIAN_POINT ( 'NONE',  ( 32.95666523366010381, 28.14288934887369820, -5.180199035346605640 ) ) ;
#3718 = CARTESIAN_POINT ( 'NONE',  ( 36.81359285173922302, -2.191741031234288428, -14.59071926872726799 ) ) ;
#3719 = CARTESIAN_POINT ( 'NONE',  ( 5.868707698641586035, 25.85871820260354426, 0.000000000000000000 ) ) ;
#3720 = CARTESIAN_POINT ( 'NONE',  ( 41.66047850185354662, 8.914888832213621939, -8.570614311510091454 ) ) ;
#3721 = DIRECTION ( 'NONE',  ( 0.000000000000000000, -0.9848077530121864820, -0.1736481776670531774 ) ) ;
#3722 = CARTESIAN_POINT ( 'NONE',  ( -38.72997140143334605, -2.630615162127380557, -14.66810461913816432 ) ) ;
#3723 = SURFACE_SIDE_STYLE ('',( #512 ) ) ;
#3724 = ADVANCED_FACE ( 'NONE', ( #1144 ), #1418, .F. ) ;
#3725 = DIRECTION ( 'NONE',  ( 0.000000000000000000, -0.9848077530121863710, -0.1736481776670531219 ) ) ;
#3726 = SURFACE_STYLE_USAGE ( .BOTH. , #1138 ) ;
#3727 = ORIENTED_EDGE ( 'NONE', *, *, #2302, .T. ) ;
#3728 = MANIFOLD_SOLID_BREP ( 'ÒÆ¶¯', #2475 ) ;
#3729 = CARTESIAN_POINT ( 'NONE',  ( -7.020957690430572384, 42.59229061821177709, -6.694086184022001618 ) ) ;
#3730 = SURFACE_STYLE_USAGE ( .BOTH. , #2509 ) ;
#3731 = CARTESIAN_POINT ( 'NONE',  ( 29.74503429996411086, -7.746956862493691531, 0.000000000000000000 ) ) ;
#3732 = CARTESIAN_POINT ( 'NONE',  ( -10.04384666419732497, 4.580445747653250521, 4.756780345254187914 ) ) ;
#3733 = ORIENTED_EDGE ( 'NONE', *, *, #2835, .T. ) ;
#3734 = CARTESIAN_POINT ( 'NONE',  ( 26.73066769563096656, 34.12167183349406940, -8.187684819063747454 ) ) ;
#3735 = CARTESIAN_POINT ( 'NONE',  ( -32.10042197635461036, 32.52130932808697850, 1.301042606982608279E-15 ) ) ;
#3736 = CARTESIAN_POINT ( 'NONE',  ( 39.32839639422046218, 2.119791519867177509, -13.83047975176474509 ) ) ;
#3737 = VERTEX_POINT ( 'NONE', #1472 ) ;
#3738 = PLANE ( 'NONE',  #1824 ) ;
#3739 =( NAMED_UNIT ( * ) SI_UNIT ( $, .STERADIAN. ) SOLID_ANGLE_UNIT ( ) );
#3740 = CARTESIAN_POINT ( 'NONE',  ( -37.20917391711131472, -4.144524456452056249, -14.93504767407312528 ) ) ;
#3741 = CARTESIAN_POINT ( 'NONE',  ( -17.88321582687193256, 14.30445431023033009, -11.68199495098381036 ) ) ;
ENDSEC;
END-ISO-10303-21;
